{
    "name": "Lover's Embrace",
    "costType": "ep",
        "cost": "5",
    "requiredLevel": "0",
    "learningCost": "0",
    "skillType": "attack",
    "statType": "Core",
    "requiredStat": "0",
    "skillTags": ["Sex"],
    "fetishTags": ["Penetration"],
    "startsStance": [""],
    "requiresStance": "Penetration",
    "unusableIfStance": ["Titfuck", "Tailjob", "Footjob", "Thighjob"],
    "requiresTargetStance": ["Penetration"],
    "unusableIfTarget": ["Titfuck", "Tailjob", "Footjob", "Thighjob"],
    "removesStance": ["None"],
    "requiresStatusEffect": "None",
    "requiresStatusPotency": "0",
    "unusableIfStatusEffect": ["None"],
    "targetType": "single",
        "accuracy": "0",
        "initiative": "0",
    "power": "35",
        "minRange": "95",
        "maxRange": "110",
    "recoil": "25",
    "critDamage": "0",
    "critChance": "0",
    "statusEffect": "None",
        "statusPotency": "0",
        "statusEffectScaling": "0",
        "statusDuration": "0",
        "statusChance": "0",
        "statusResistedBy": "",
    "statusText": "",
    "descrip": "Sex while facing opponent, legs wrapped around their waist",
    "outcome": "{AttackerName} faces {TargetName} and wraps her legs around {TargetHisOrHer} waist, forcing {TargetHisOrHer} dick deeper into her. However, this act seems to greatly affect {AttackerName} as well, not that they seemed bothered.",
    "miss": "{AttackerName} wraps her legs around {TargetName} as the pair fucks, but {TargetName} ignores the sensation.",
    "statusOutcome": "",
    "statusMiss": "",
    "restraintStruggle": [""],
    "restraintStruggleCharmed": [""],
    "restraintEscaped": [""],
    "restraintEscapedFail": [""]
}
