{
    "name": "Charming Breath",
    "cost": "0",
    "costType": "ep",
    "requiredLevel": "0",
    "learningCost": "0",
    "skillType": "statusEffect",
    "statType": "Intelligence",
      "statusEffectScaling": "15",
    "requiredStat": "0",
    "skillTags": [ "Affliction"],
    "fetishTags": [ "Monstrous"],
    "startsStance": [""],
    "requiresStance": "Any",
    "unusableIfStance": [ ""],
    "requiresTargetStance": [ "Any"],
    "unusableIfTarget": [ "Blowjob", "Making Out"],
    "removesStance": ["None"],
    "requiresStatusEffect": "None",
    "requiresStatusPotency": "0",
    "unusableIfStatusEffect": [ "Charm"],
    "power": "20",
    "minRange": "75",
    "maxRange": "100",
    "recoil": "0",
    "targetType": "single",
      "initiative": "15",
    "statusEffect": "Charm",
    "statusChance": "110",
    "statusDuration": "6",
    "statusPotency": "0",
    "statusResistedBy": "Willpower",
    "statusText": "",
    "descrip": "",
    "outcome": "",
    "miss": "",
    "statusOutcome": "{AttackerName} releases a cloud of sweetly scented white mist that makes {TargetName}'s mind start to wander.",
    "statusMiss": "{TargetName} manages to push away the mind-numbing effects of the cloud and focus their thoughts.",
    "restraintStruggle": [""],
    "restraintStruggleCharmed": [""],
    "restraintEscaped": [""],
    "restraintEscapedFail": [""]
}
