{
    "name": "Tiamat Full Strength",
    "CardType": "",
    "CardLimit": "0",
    "Description": "",
    "requires": [ ""],
    "Speakers": [
                  {
                    "name": "Tiamat",
                    "postName": "",
                    "SpeakerType": ""
                  }

                ],
    "EventText": [
                    {
                        "NameOfScene": "Tiamat Powers Up",
                        "theScene": [                               "PlayVisualEffect", "ScreenPulse",
                                                                    "ChangeMonsterPower", "10",
                                                                    "ChangeMonsterAllure", "10",
                                                                    "ChangeMonsterIntelligence", "10",
                                                                    "ChangeMonsterWill", "30",
                                                                    "ChangeMonsterLevel", "15",
                                                                    "ChangeMonsterErosDrop", "1100",
                                                                    "ChangeMonsterExpDrop", "500",

                                                                    "ClearMonsterSkillList",

                                                                    "GiveSkillToMonster", "Entrapping Breasts",
                                                                    "GiveSkillToMonster", "Hyper Breast Squeeze",
                                                                    "GiveSkillToMonster", "Overpowering Breasts",
                                                                    "GiveSkillToMonster", "Pulverizing Paizuri",

                                                                    "GiveSkillToMonster", "Dragon Pin",
                                                                    "GiveSkillToMonster", "Drugged Breath",
                                                                    "GiveSkillToMonster", "Power Siphon",
                                                                    "GiveSkillToMonster", "Smothering Breath",

                                                                    "GiveSkillToMonster", "Eclipsing Feet",
                                                                    "GiveSkillToMonster", "Heel Domination",
                                                                    "GiveSkillToMonster", "Tiamat's Floormat",
                                                                    "GiveSkillToMonster", "Ultimate Foot Pump",

                                                                    "GiveSkillToMonster", "Overwhelming Kisses",
                                                                    "GiveSkillToMonster", "Rapid Kisses",
                                                                    "GiveSkillToMonster", "Draconic Arousaga",
                                                                    "GiveSkillToMonster", "Zap",
                                                                    "GiveSkillToMonster", "Coiled Wrath",
                                                                    "GiveSkillToMonster", "Grasp of the Dragon",
                                                                    "GiveSkillToMonster", "Wringing Tail",

                                                                    "GiveSkillToMonster", "Anal Domination",
                                                                    "GiveSkillToMonster", "Cataclysmic Bouncing",
                                                                    "GiveSkillToMonster", "Crushing Behind",
                                                                    "GiveSkillToMonster", "Draconic Mating",
                                                                    "GiveSkillToMonster", "Obliterating Press",
                                                                    "GiveSkillToMonster", "Squeezing Dragon",

                                                                    "GiveSkillToMonster", "Heel Domination",
                                                                    "GiveSkillToMonster", "Heel Domination",
                                                                    "GiveSkillToMonster", "Entrapping Breasts",
                                                                    "GiveSkillToMonster", "Entrapping Breasts",
                                                                    "GiveSkillToMonster", "Draconic Mating",
                                                                    "GiveSkillToMonster", "Draconic Mating",
                                                                    "GiveSkillToMonster", "Grasp of the Dragon"]
                    }



                ]
}
