{
    "name": "Avalanche",
    "cost": "5",
    "costType": "ep",
    "requiredLevel": "0",
    "learningCost": "100",
    "skillType": "attack",
    "statType": "Power",
    "requiredStat": "4",
    "skillTags": [ "Sex"],
    "fetishTags": [ "Legs"],
    "startsStance": "",
    "requiresStance": "Thighjob",
    "unusableIfStance": [ ""],
    "requiresTargetStance": [ "Any"],
    "unusableIfTarget": [ "Sex", "Anal", "Blowjob", "Titfuck", "Footjob", "Tailjob"],
    "removesStance": "None",
    "requiresStatusEffect": "None",
    "requiresStatusPotency": "0",
    "unusableIfStatusEffect": [ "None"],
    "targetType": "single",
        "accuracy": "0",
        "initiative": "0",
    "power": "35",
        "minRange": "85",
        "maxRange": "110",
    "recoil": "0",
    "critDamage": "0",
    "critChance": "0",
    "statusEffect": "None",
        "statusPotency": "0",
        "statusEffectScaling": "0",
        "statusDuration": "0",
        "statusChance": "0",
        "statusResistedBy": "",
    "statusText": "",
    "descrip": "Continued Thighjob",
    "outcome": "{AttackerName} straightens her legs out and traps {TargetName}'s cock momentaily with both her thighs. She then begins furiously jerking your cock with her thighs.",
    "miss": "{AttackerName} uses both her thighs, completely trapping {TargetName}'s dick in them, but {TargetName} resists the pleasure of the soft thighs grinding against their dick.",
    "statusOutcome": "",
    "statusMiss": "",
    "restraintStruggle": [""],
    "restraintStruggleCharmed": [""],
    "restraintEscaped": [""],
    "restraintEscapedFail": [""]
}
