{
    "name": "Obliterating Press",
    "cost": "0",
    "costType": "ep",
    "requiredLevel": "0",
    "learningCost": "0",
    "skillType": "attack",
    "statType": "Core",
    "requiredStat": "0",
    "skillTags": [ "Sex"],
    "fetishTags": [ "Sex", "Anal"],
    "startsStance": "",
    "requiresStance": "Sex",
    "unusableIfStance": [ ""],
    "requiresTargetStance": [ "Penetration"],
    "unusableIfTarget": [ ""],
    "removesStance": "None",
    "requiresStatusEffect": "None",
    "requiresStatusPotency": "0",
    "unusableIfStatusEffect": [ "None"],
    "power": "35",
    "minRange": "90",
    "maxRange": "110",
    "recoil": "0",
    "targetType": "single",
    "statusEffect": "Stun",
    "statusChance": "45",
    "statusDuration": "1",
    "statusPotency": "0",
    "statusResistedBy": "",
    "statusText": "",
    "descrip": "",
    "outcome": "{AttackerName} heavily slams down onto {TargetName} with her full weight, effortlessly battering {TargetHimOrHer} around.",
    "miss": "{AttackerName} heavily slams her hips against {TargetName}, who desperately resists the hit.",
    "statusOutcome": "The heavy slam of {AttackerName} leaves {TargetName} disoriented, and unable to move.",
    "statusMiss": "",
    "restraintStruggle": [""],
    "restraintStruggleCharmed": [""],
    "restraintEscaped": [""],
    "restraintEscapedFail": [""]
}
