{
    "name": "Pulverizing Paizuri",
    "cost": "0",
    "costType": "ep",
    "requiredLevel": "0",
    "learningCost": "0",
    "skillType": "attack",
    "statType": "Power",
    "requiredStat": "0",
    "skillTags": [ "Breasts"],
    "fetishTags": [ "Breasts"],
    "startsStance": [""],
    "requiresStance": "Titfuck",
    "unusableIfStance": [ ""],
    "requiresTargetStance": [ "Titfuck"],
    "unusableIfTarget": [ "Footjob", "Tailjob", "Penetration"],
    "removesStance": ["None"],
    "requiresStatusEffect": "None",
    "requiresStatusPotency": "0",
    "unusableIfStatusEffect": [ "None"],
    "power": "25",
    "minRange": "90",
    "maxRange": "110",
    "recoil": "0",
    "targetType": "2Hits",
    "statusEffect": "none",
    "statusChance": "0",
    "statusDuration": "0",
    "statusPotency": "0",
    "statusResistedBy": "",
    "statusText": "",
    "descrip": "",
    "outcome": "Tiamat grabs her impressive chest and begins to repeatedly slam it with great force against the shaft of {TargetName}'s cock.",
    "miss": "Tiamat begins to slam her breasts against {TargetName}, who somehow resists the titfucking.",
    "statusOutcome": "",
    "statusMiss": "",
    "restraintStruggle": [""],
    "restraintStruggleCharmed": [""],
    "restraintEscaped": [""],
    "restraintEscapedFail": [""]
}
