{
    "name": "Green Stomping Grind",
    "cost": "0",
    "costType": "ep",
    "requiredLevel": "0",
    "learningCost": "0",
    "skillType": "attack",
    "statType": "Power",
    "requiredStat": "0",
    "skillTags": [ "Feet"],
    "fetishTags": [ "Feet"],
    "startsStance": [""],
    "requiresStance": "Footjob",
    "unusableIfStance": [ ""],
    "requiresTargetStance": [ "Any"],
    "unusableIfTarget": [ "Tailjob", "Anal", "Titfuck", "Thighjob", "Sex"],
    "removesStance": ["None"],
    "requiresStatusEffect": "None",
    "requiresStatusPotency": "0",
    "unusableIfStatusEffect": [ "None"],
    "power": "25",
    "minRange": "85",
    "maxRange": "115",
    "recoil": "0",
    "targetType": "single",
    "statusEffect": "None",
    "statusChance": "0",
    "statusDuration": "0",
    "statusPotency": "0",
    "statusResistedBy": "",
    "statusText": "",
    "descrip": "Dragon grinds her soles into target's face",
    "outcome": "{AttackerName} raises her foot and presses it down onto {TargetName}'s face. {TargetName} is forced to take in her scent as her stocking clad foot continues to grind on {TargetHisOrHer} face.",
    "miss": "{AttackerName} tries to grind her foot into {TargetName}'s face, but loses balance for a second.'",
    "statusOutcome": "",
    "statusMiss": "",
    "restraintStruggle": [""],
    "restraintStruggleCharmed": [""],
    "restraintEscaped": [""],
    "restraintEscapedFail": [""]
}
