{
    "name": "Wild Riding",
    "cost": "0",
    "costType": "ep",
    "requiredLevel": "0",
    "learningCost": "0",
    "skillType": "attack",
    "statType": "Core",
    "requiredStat": "0",
    "skillTags": [ "Sex", "Anal"],
    "fetishTags": [ "Sex"],
    "startsStance": [""],
    "requiresStance": "Penetration",
    "unusableIfStance": [ ""],
    "requiresTargetStance": [ "Any"],
    "unusableIfTarget": [ "Tailjob", "Titfuck", "Footjob", "Thighjob"],
    "removesStance": ["None"],
    "requiresStatusEffect": "None",
    "requiresStatusPotency": "0",
    "unusableIfStatusEffect": [ "None"],
    "power": "35",
    "minRange": "90",
    "maxRange": "125",
    "recoil": "0",
    "targetType": "single",
    "statusEffect": "None",
    "statusChance": "0",
    "statusDuration": "0",
    "statusPotency": "0",
    "statusResistedBy": "",
    "statusText": "",
    "descrip": "Strong sex attack, maybe status?",
    "outcome": "{AttackerName} begins to buck wildly, keeping {TargetName} deep inside her pussy at all times, as her legs wrap around the waist of {TargetName} to ensure maximum depth.",
    "miss": "{AttackerName} picks up the speed of her fucking {TargetName}, who grits their teeth and tries to ignore the pipsqueak of a dragon.",
    "statusOutcome": "",
    "statusMiss": "",
    "restraintStruggle": [""],
    "restraintStruggleCharmed": [""],
    "restraintEscaped": [""],
    "restraintEscapedFail": [""]
}
