{
    "name": "Hyper Breast Squeeze",
    "cost": "0",
    "costType": "ep",
    "requiredLevel": "0",
    "learningCost": "0",
    "skillType": "attack",
    "statType": "Power",
    "requiredStat": "0",
    "skillTags": [ "Breasts"],
    "fetishTags": [ "Breasts"],
    "startsStance": [""],
    "requiresStance": "Titfuck",
    "unusableIfStance": [ ""],
    "requiresTargetStance": [ "Titfuck"],
    "unusableIfTarget": [ "Footjob", "Tailjob", "Penetration"],
    "removesStance": ["None"],
    "requiresStatusEffect": "None",
    "requiresStatusPotency": "0",
    "unusableIfStatusEffect": [ "None"],
    "power": "40",
    "minRange": "90",
    "maxRange": "110",
    "recoil": "0",
    "targetType": "single",
    "statusEffect": "none",
    "statusChance": "0",
    "statusDuration": "0",
    "statusPotency": "0",
    "statusResistedBy": "",
    "statusText": "",
    "descrip": "",
    "outcome": "Tiamat takes her impressive breasts and squeezes them together around the dick of [TargetName]. The intense pressure from her breasts squeezing in on [TargetName] is further intensified by her slow, methodical movements that allow this tight prison to slowly stroke the length of [TargetName]'s cock.",
    "miss": "Tiamat forces her breasts together, burying [TargetName]'s dick in a sea of breasts, but he manages to resist drowning in pleasure.",
    "statusOutcome": "",
    "statusMiss": "",
    "restraintStruggle": [""],
    "restraintStruggleCharmed": [""],
    "restraintEscaped": [""],
    "restraintEscapedFail": [""]
}
