{
    "name": "Anal Domination",
    "cost": "0",
    "costType": "ep",
    "requiredLevel": "0",
    "learningCost": "0",
    "skillType": "attack",
    "statType": "Core",
    "requiredStat": "0",
    "skillTags": [ "Ass"],
    "fetishTags": [ "Anal"],
    "startsStance": "",
    "requiresStance": "Anal",
    "unusableIfStance": [ ""],
    "requiresTargetStance": [ "Anal"],
    "unusableIfTarget": [ ""],
    "removesStance": "None",
    "requiresStatusEffect": "None",
    "requiresStatusPotency": "0",
    "unusableIfStatusEffect": [ "None"],
    "power": "35",
    "minRange": "80",
    "maxRange": "110",
    "recoil": "0",
    "targetType": "single",
    "statusEffect": "none",
    "statusChance": "0",
    "statusDuration": "0",
    "statusPotency": "0",
    "statusResistedBy": "",
    "statusText": "",
    "descrip": "",
    "outcome": "{AttackerName} pulls {TargetName}'s member deep into her ass, and slowly and sensually grinds against {TargetName}'s crotch.",
    "miss": "{AttackerName} tries to sensually grind against {TargetName}, while he is trapped deep inside her ass, but {TargetName} resists the warm feeling.",
    "statusOutcome": "",
    "statusMiss": "",
    "restraintStruggle": [""],
    "restraintStruggleCharmed": [""],
    "restraintEscaped": [""],
    "restraintEscapedFail": [""]
}
