{
    "name": "Draconic Mating",
    "cost": "0",
    "costType": "ep",
    "requiredLevel": "0",
    "learningCost": "0",
    "skillType": "attack",
    "statType": "Core",
    "requiredStat": "0",
    "skillTags": [ "Sex"],
    "fetishTags": [ "Sex"],
    "startsStance": "Sex",
    "requiresStance": "Any",
    "unusableIfStance": [ "Penetration", "Tailjob", "Footjob", "Thighjob", "Titfuck", "Blowjob", "Making Out"],
    "requiresTargetStance": [ "Any"],
    "unusableIfTarget": [ ""],
    "removesStance": "None",
    "requiresStatusEffect": "None",
    "requiresStatusPotency": "0",
    "unusableIfStatusEffect": [ "None"],
    "power": "25",
    "minRange": "90",
    "maxRange": "110",
    "recoil": "0",
    "targetType": "single",
    "statusEffect": "none",
    "statusChance": "0",
    "statusDuration": "0",
    "statusPotency": "0",
    "statusResistedBy": "",
    "statusText": "",
    "descrip": "",
    "outcome": "{AttackerName} looms over {TargetName}'s body, before quickly inserting {TargetName}'s dick into her body. As she takes his dick into her, {AttackerName}'s eyes light up with a hungry look.",
    "miss": "{AttackerName} attempts to take {TargetName}'s dick into her pussy, but {TargetName} quickly scrambles out of reach.",
    "statusOutcome": "",
    "statusMiss": "",
    "restraintStruggle": [""],
    "restraintStruggleCharmed": [""],
    "restraintEscaped": [""],
    "restraintEscapedFail": [""]
}
