{
    "name": "Beckoning Lair",
    "costType": "ep",
    "cost": "5",
    "requiredLevel": "0",
    "learningCost": "0",
    "skillType": "attack",
    "statType": "Power",
    "requiredStat": "0",
    "skillTags": [ "Sex"],
    "fetishTags": [ "Ass"],
    "startsStance": "Anal",
    "requiresStance": "Any",
    "unusableIfStance": [ "Penetration", "Tailjob", "Footjob", "Thighjob", "Titfuck", "Blowjob", "Making Out"],
    "requiresTargetStance": [ "Any"],
    "unusableIfTarget": [ ""],
    "removesStance": "None",
    "requiresStatusEffect": "None",
    "requiresStatusPotency": "0",
    "unusableIfStatusEffect": [ "None"],
    "power": "25",
    "minRange": "90",
    "maxRange": "110",
    "recoil": "0",
    "targetType": "single",
    "statusEffect": "none",
    "statusChance": "0",
    "statusDuration": "0",
    "statusPotency": "0",
    "statusResistedBy": "",
    "statusText": "",
    "descrip": "RD Anal Start",
    "outcome": "{AttackerName} turns her impressive rear towards {TargetName}, and uses her tail to guide {TargetHisOrHer} dick into her asshole. She flexes her ass in a display of power as it sends a wave of pleasure through {TargetName}'s cock.",
    "miss": "{AttackerName} tries to work {TargetName}'s cock into her ass, but {TargetName} manages to avoid the grasp of the powerful booty.",
    "statusOutcome": "",
    "statusMiss": "",
    "restraintStruggle": [""],
    "restraintStruggleCharmed": [""],
    "restraintEscaped": [""],
    "restraintEscapedFail": [""]
}
