{
    "name": "Dragon Spire",
    "exploreTitle": "Dragon Spire",
    "mapIcon": "../../Mods/Dragon/Images//Map/MGD_Map_Icon_Dragonspire",
    "mapIconXpos": "0",
    "mapIconYpos": "0",
    "mapIconZorder": "1",
    "mapClouds": "",
    "mapCloudsXpos": "0",
    "mapCloudsYpos": "0",
    "MusicList": [ "music/Mountain/Purple Planet Music - Chilled - Desert Winds (3_12).mp3"],
    "requires": [ "True Sigil Of Power"],
    "FullyUnlockedBy": [ "Permission Note"],
    "MinimumDeckSize": "4",
    "MaximumMonsterDeck": "8",
    "MaximumEventDeck": "4",
    "Monsters": [ "Whelpling", "Black Dragon", "Blue Dragon", "Green Dragon", "Purple Dragon", "Red Dragon", "White Dragon"],
    "MonsterGroups": [
                  {
                      "Group": [ "Whelpling"]
                  },
                  {
                      "Group": [ "Whelpling", "Whelpling"]
                  },
                  {
                      "Group": [ "Black Dragon"]
                  },
                  {
                      "Group": [ "Blue Dragon"]
                  },
                  {
                      "Group": [ "Green Dragon"]
                  },
                  {
                      "Group": [ "Purple Dragon"]
                  },
                  {
                      "Group": [ "Red Dragon"]
                  },
                  {
                      "Group": [ "White Dragon"]
                  },
                  {
                      "Group": [ "Tiamat"]
                  }
                ],
    "Events": [ "Ninja Rest Ambush", "Rocks Fall", "Terrifying Teamups", "Whelpling Nest"],
    "Quests": [ "Trouble with Tiamat"],
    "Adventures": [ "Dragon Spire", "Visit Tiamat", "Blue Dragon Shop"],
    "Treasure": [
      {
          "Common": [ "Calming Potion", "Anaph Herb", "Ugli Herb"]
      },
      {
          "Uncommon": [ "Calming Potion", "Energy Potion", "Iron Scale Rune", "Stoic Rune", "Luck Rune", "Soothing Potion"]
      },
      {
          "Rare": [ "Panacea", "Magi Rune", "Purity Rune", "Dragon Heart", "Draconic Claws", "Roaring Ring"]
      }
              ],
    "Eros": [
      {
          "Common": "500"
      },
      {
          "Uncommon": "1000"
      },
      {
          "Rare": "1500"
      }
              ],
    "picture": "mountain.png"
}
