{
    "name": "Big Booty Invitation",
    "cost": "5",
    "costType": "ep",
    "requiredLevel": "0",
    "learningCost": "0",
    "skillType": "attack",
    "statType": "Allure",
    "requiredStat": "7",
    "skillTags": [ "Seduction", "Ass"],
    "fetishTags": [ "Ass"],
    "startsStance": "",
    "requiresStance": "Any",
    "unusableIfStance": [ "Titfuck", "Penetration", "Blowjob", "Face Sit", "Assjob", "Paizuri with Blowjob", "Tailjob", "Thighjob", "Footjob", "Making Out"],
    "requiresTargetStance": [ "Any"],
    "unusableIfTarget": [ "Penetration"],
    "removesStance": "None",
    "requiresStatusEffect": "",
    "requiresStatusPotency": "0",
    "unusableIfStatusEffect": [ "None"],
    "power": "20",
    "minRange": "90",
    "maxRange": "110",
    "recoil": "25",
    "accuracy": "100",
    "targetType": "single",
    "statusEffect": "Charm",
    "statusChance": "250",
    "statusDuration": "2",
    "statusPotency": "0",
    "statusResistedBy": "Willpower",
    "statusText": "",
    "descrip": "[AttackerName] begins twerking her fat booty in front of [TargetName]'s perverted gaze, beckoning him over with a finger while she looks back at him",
    "outcome": "[AttackerName] turns and presents her ass to [TargetName], and beckons to him as she bends over.",
    "miss": "",
    "statusOutcome": "|f|CallCombatEventAndScene|/|RedDragonCombatEvent|/|Big Booty Invitation",
    "statusMiss": "",
    "restraintStruggle": "",
    "restraintStruggleCharmed": "",
    "restraintEscaped": "",
    "restraintEscapedFail": ""
}
