{
    "name": "Caked Guidance",
    "costType": "ep",
    "cost": "5",
    "requiredLevel": "0",
    "learningCost": "0",
    "skillType": "attack",
    "statType": "Power",
    "requiredStat": "0",
    "skillTags": [ "Ass"],
    "fetishTags": [ "Ass"],
    "startsStance": "Anal",
    "requiresStance": "Assjob",
    "unusableIfStance": [ "Penetration", "Tailjob", "Paizuri with Blowjob", "Footjob", "Thighjob", "Titfuck", "Blowjob", "Making Out"],
    "requiresTargetStance": [ "Any"],
    "unusableIfTarget": [ ""],
    "removesStance": "Assjob",
    "requiresStatusEffect": "None",
    "requiresStatusPotency": "0",
    "unusableIfStatusEffect": [ "None"],
    "power": "25",
    "minRange": "90",
    "maxRange": "110",
    "recoil": "0",
    "targetType": "single",
    "statusEffect": "none",
    "statusChance": "0",
    "statusDuration": "0",
    "statusPotency": "0",
    "statusResistedBy": "",
    "statusText": "",
    "descrip": "RD Anal Start",
    "outcome": "[AttackerName] starts to transition from grinding her impressive ass against [TargetName]'s cock to slowly inserting it into her asshole. By the time [TargetName] catches onto what has happened, [AttackerName] has already worked her ass down to the hilt of his cock.",
    "miss": "[AttackerName] tries to work [TargetName]'s cock into her ass, but [TargetName] keeps her from inserting his cock into her rear.",
    "statusOutcome": "",
    "statusMiss": "",
    "restraintStruggle": [""],
    "restraintStruggleCharmed": [""],
    "restraintEscaped": [""],
    "restraintEscapedFail": [""]
}
