{
    "name": "Dragonic Jiggle",
    "cost": "5",
    "costType": "ep",
    "requiredLevel": "0",
    "learningCost": "0",
    "skillType": "attack",
    "statType": "Allure",
    "requiredStat": "0",
    "skillTags": [ "Seduction", "Magic"],
    "fetishTags": [ "HypnosisAddict", "Ass"],
    "startsStance": "",
    "requiresStance": "Any",
    "unusableIfStance": [ "Footjob", "Face Sit", "Paizuri with Blowjob", "Tailjob", "Thighjob", "Sex", "Assjob", "Anal", "Blowjob", "Paizuri"],
    "requiresTargetStance": [ "Any"],
    "unusableIfTarget": [ "Titfuck", "Assjob"],
    "removesStance": "None",
    "requiresStatusEffect": "None",
    "requiresStatusPotency": "0",
    "unusableIfStatusEffect": [ "Restrain"],
    "power": "15",
    "minRange": "90",
    "maxRange": "110",
    "recoil": "0",
    "targetType": "3Hits",
    "statusEffect": "Trance",
    "statusChance": "60",
    "statusDuration": "1",
    "statusPotency": "1",
    "statusResistedBy": "Willpower",
    "statusText": "",
    "descrip": "",
    "outcome": "[AttackerName] begins to shake her ass as she continues to pin [TargetName]'s cock with her ass cheeks. The jiggling sensation sends several jolts of pleasure through [TargetName].",
    "miss": "[AttackerName] gives [AttackerHisOrHer] perfect ass a teasing slap infront of [TargetName], but [TargetName] manages to look away from the alluring sight.",
    "statusOutcome": "",
    "statusMiss": "",
    "restraintStruggle": "",
    "restraintStruggleCharmed": "",
    "restraintEscaped": "",
    "restraintEscapedFail": ""
}
