{
    "name": "Draconic Assjob",
    "cost": "5",
    "costType": "ep",
    "requiredLevel": "0",
    "learningCost": "0",
    "skillType": "attack",
    "statType": "Core",
    "requiredStat": "0",
    "skillTags": [ "Sex"],
    "fetishTags": [ "Ass"],
    "startsStance": "Assjob",
    "requiresStance": "Any",
    "unusableIfStance": [ "Anal", "Footjob", "Titfuck"],
    "requiresTargetStance": [ "Any"],
    "unusableIfTarget": [ "Penetration", "Titfuck", "Blowjob", "Thighjob", "Anal", "Footjob", "Tailjob"],
    "removesStance": "None",
    "requiresStatusEffect": "None",
    "requiresStatusPotency": "0",
    "unusableIfStatusEffect": [ "None"],
    "power": "25",
    "minRange": "90",
    "maxRange": "110",
    "recoil": "15",
    "targetType": "single",
    "statusEffect": "None",
    "statusChance": "0",
    "statusDuration": "0",
    "statusPotency": "0",
    "statusResistedBy": "",
    "statusText": "",
    "descrip": "",
    "outcome": "[AttackerName] presses her voluptuous rear against the groin of [TargetName], who can only moan in response as the bubbly dragon girl starts to grind her hips against his manhood.",
    "miss": "[AttackerName] deftly turns and tries to press [AttackerHisOrHer] big rear against [TargetName]'s groin, but [TargetHeOrShe] pushes [AttackerHisOrHer] ass away!",
    "statusOutcome": "",
    "statusMiss": "",
    "restraintStruggle": "",
    "restraintStruggleCharmed": "",
    "restraintEscaped": "",
    "restraintEscapedFail": ""
}
