{
    "name": "Engulfing Assjob",
    "cost": "5",
    "costType": "ep",
    "requiredLevel": "0",
    "learningCost": "0",
    "skillType": "attack",
    "statType": "Allure",
    "requiredStat": "0",
    "skillTags": [ "Seduction", "Magic"],
    "fetishTags": [ "HypnosisAddict", "Ass"],
    "startsStance": "",
    "requiresStance": "Assjob",
    "unusableIfStance": [ "Footjob", "Sex", "Paizuri with Blowjob", "Anal", "Tailjob", "Paizuri"],
    "requiresTargetStance": [ "Any"],
    "unusableIfTarget": [ "Titfuck"],
    "removesStance": "None",
    "requiresStatusEffect": "None",
    "requiresStatusPotency": "0",
    "unusableIfStatusEffect": [ "Restrain"],
    "power": "25",
    "minRange": "90",
    "maxRange": "110",
    "recoil": "25",
    "targetType": "single",
    "statusEffect": "Trance",
    "statusChance": "100",
    "statusDuration": "1",
    "statusPotency": "1",
    "statusResistedBy": "Willpower",
    "statusText": "",
    "descrip": "",
    "outcome": "[AttackerName] flexes and clenches her ass around the cock of [TargetName], completely hiding their cock under her massive ass. With her grip still firm around [TargetName]'s cock, the Red Dragon starts to move her hips yet again, massaging the cock of [TargetName]",
    "miss": "[AttackerName] clenches her ass around the cock of [TargetName], who grabs hold of her ass to stop her from grinding against his cock.",
    "statusOutcome": "",
    "statusMiss": "",
    "restraintStruggle": "",
    "restraintStruggleCharmed": "",
    "restraintEscaped": "",
    "restraintEscapedFail": ""
}
