{
    "name": "Plugged Twerking",
    "cost": "0",
    "costType": "ep",
    "requiredLevel": "0",
    "learningCost": "0",
    "skillType": "attack",
    "statType": "Core",
    "requiredStat": "5",
    "skillTags": [ "Anal", "Ass"],
    "fetishTags": [ "Ass", "Anal", "Penetration"],
    "startsStance": [""],
    "requiresStance": "Anal",
    "unusableIfStance": [ ""],
    "requiresTargetStance": [ "Anal"],
    "unusableIfTarget": [ "Tailjob", "Titfuck", "Paizuri with Blowjob", "Footjob", "Thighjob"],
    "removesStance": ["None"],
    "requiresStatusEffect": "None",
    "requiresStatusPotency": "0",
    "unusableIfStatusEffect": [ "None"],
    "power": "25",
    "minRange": "90",
    "maxRange": "120",
    "recoil": "30",
    "targetType": "single",
    "statusEffect": "Charm",
    "statusChance": "50",
    "statusDuration": "0",
    "statusPotency": "0",
    "statusResistedBy": "",
    "statusText": "",
    "descrip": "Sex Attack",
    "outcome": "[AttackerName] slows her movements as she takes in the full length of [TargetName]'s cock, and while she rests at the hilt of [TargetName] she starts to move her hips slowly, but building speed as she grinds at the base of [TargetName]'s cock.",
    "miss": "[AttackerName] twerks with a smug expression on her face, but [TargetName] resists the sensation.",
    "statusOutcome": "The feeling and sight of [AttackerName]'s fat ass quaking as she twerks it against hs groin, along with the clapping sounds that follow, makes [TargetName] fall under the charm of the fun-sized dragons movements even more!",
    "statusMiss": "",
    "restraintStruggle": [""],
    "restraintStruggleCharmed": [""],
    "restraintEscaped": [""],
    "restraintEscapedFail": [""]
}
