{
    "name": "Red Oral Tease",
    "cost": "0",
    "costType": "ep",
    "requiredLevel": "0",
    "learningCost": "0",
    "skillType": "attack",
    "statType": "Core",
    "requiredStat": "0",
    "skillTags": [ "Sex"],
    "fetishTags": [ "Oral"],
    "startsStance": "",
    "requiresStance": "",
    "unusableIfStance": [ "Making Out", "Paizuri with Blowjob", "Penetration", "Face Sit", "Assjob", "Footjob", "Thighjob", "Blowjob", "Making Out", "Tailjob"],
    "requiresTargetStance": [ "Any"],
    "unusableIfTarget": [ "Sex", "Anal"],
    "removesStance": "None",
    "requiresStatusEffect": "None",
    "requiresStatusPotency": "0",
    "unusableIfStatusEffect": [ "None"],
    "power": "15",
    "minRange": "90",
    "maxRange": "110",
    "recoil": "0",
    "targetType": "single",
    "statusEffect": "none",
    "statusChance": "0",
    "statusDuration": "0",
    "statusPotency": "0",
    "statusResistedBy": "",
    "statusText": "",
    "descrip": "Help Suck Dick.",
    "outcome": "[AttackerName] presses her tongue against the dick of [TargetName], and playfully moves their dick with nothing but her tongue.",
    "miss": "[TargetName] grits [TargetHisOrHer] teeth and endures [AttackerName] licking and teasing [TargetHisOrHer] shaft!",
    "statusOutcome": "",
    "statusMiss": "",
    "restraintStruggle": "",
    "restraintStruggleCharmed": "",
    "restraintEscaped": "",
    "restraintEscapedFail": ""
}
