{
    "name": "Red Blur",
    "cost": "0",
    "costType": "ep",
    "requiredLevel": "0",
    "learningCost": "0",
    "skillType": "attack",
    "statType": "Core",
    "requiredStat": "0",
    "skillTags": [ "Anal"],
    "fetishTags": [ "Ass", "Anal", "Penetration"],
    "startsStance": [""],
    "requiresStance": "Anal",
    "unusableIfStance": [ ""],
    "requiresTargetStance": [ "Any"],
    "unusableIfTarget": [ "Tailjob", "Titfuck", "Paizuri with Blowjob", "Footjob", "Thighjob"],
    "removesStance": ["None"],
    "requiresStatusEffect": "None",
    "requiresStatusPotency": "0",
    "unusableIfStatusEffect": [ "None"],
    "power": "45",
    "minRange": "90",
    "maxRange": "125",
    "recoil": "25",
    "targetType": "single",
    "statusEffect": "",
    "statusChance": "0",
    "statusDuration": "0",
    "statusPotency": "0",
    "statusResistedBy": "",
    "statusText": "",
    "descrip": "Strong sex attack, maybe status?",
    "outcome": "[AttackerName] begins to build up speed, using her hefty frame to keep [TargetName] in place as her body works the length of [TargetName]'s shaft, causing them to moan in pleasure as the shorter dragon lets out a charming giggle at their face.",
    "miss": "[AttackerName] picks up the speed of her fucking [TargetName], who grits their teeth and tries to ignore the pipsqueak of a dragon.",
    "statusOutcome": "",
    "statusMiss": "",
    "restraintStruggle": [""],
    "restraintStruggleCharmed": [""],
    "restraintEscaped": [""],
    "restraintEscapedFail": [""]
}
