{
    "name": "Red Vacuum",
    "cost": "0",
    "costType": "ep",
    "requiredLevel": "0",
    "learningCost": "0",
    "skillType": "attack",
    "statType": "Core",
    "requiredStat": "0",
    "skillTags": [ "Sex"],
    "fetishTags": [ "Oral"],
    "startsStance": "",
    "requiresStance": "Blowjob",
    "unusableIfStance": [ "Face Sit", "Penetration", "Paizuri with Blowjob", "Assjob", "Tailjob", "Footjob", "Thighjob", "Titfuck", "Making Out"],
    "requiresTargetStance": [ "Blowjob"],
    "unusableIfTarget": [ "Sex", "Anal"],
    "removesStance": "None",
    "requiresStatusEffect": "None",
    "requiresStatusPotency": "0",
    "unusableIfStatusEffect": [ "None"],
    "power": "25",
    "minRange": "90",
    "maxRange": "110",
    "recoil": "0",
    "targetType": "single",
    "statusEffect": "none",
    "statusChance": "0",
    "statusDuration": "0",
    "statusPotency": "0",
    "statusResistedBy": "",
    "statusText": "",
    "descrip": "Suck Dick.",
    "outcome": "[AttackerName] brings [TargetName]'s cock into her mouth, pressing herself down to the hilt of [TargetName] and in tandem with her tongue lavishly stroking every inch of your cock she begins to suck, trying to drain your balls of semen.",
    "miss": "[TargetName] grits his teeth to resist the pleasure from [AttackerName]'s mouth trying to suck out his semen!",
    "statusOutcome": "",
    "statusMiss": "",
    "restraintStruggle": "",
    "restraintStruggleCharmed": "",
    "restraintEscaped": "",
    "restraintEscapedFail": ""
}
