{
    "name": "Red Dragon's Blowjob",
    "cost": "0",
    "costType": "ep",
    "requiredLevel": "0",
    "learningCost": "0",
    "skillType": "attack",
    "statType": "Core",
    "requiredStat": "0",
    "skillTags": [ "Sex"],
    "fetishTags": [ "Oral"],
    "startsStance": "Blowjob",
    "requiresStance": "",
    "unusableIfStance": [ "Making Out", "Assjob", "Paizuri with Blowjob", "Face Sit", "Blowjob"],
    "requiresTargetStance": [ "Any"],
    "unusableIfTarget": [ "Sex", "Anal", "Face Sit", "Footjob"],
    "unusableIfTargetHasTheseSets": [[ "Blowjob", "Blowjob", "Blowjob", "Blowjob", "Blowjob"]],
    "removesStance": "",
    "requiresStatusEffect": "None",
    "requiresStatusPotency": "0",
    "unusableIfStatusEffect": [ "None"],
    "power": "15",
    "minRange": "90",
    "maxRange": "110",
    "recoil": "0",
    "targetType": "single",
    "statusEffect": "none",
    "statusChance": "0",
    "statusDuration": "0",
    "statusPotency": "0",
    "statusResistedBy": "",
    "statusText": "",
    "descrip": "Suck Dick.",
    "outcome": "[AttackerName] holds down [TargetName], and gently lowers her head until she pulls the cock of [TargetName] entirely into her mouth and starts to bob her head back and forth.",
    "miss": "[AttackerName] tries to get [TargetName]'s dick in [AttackerHisOrHer] mouth, but [TargetName] twists away!",
    "statusOutcome": "",
    "statusMiss": "",
    "restraintStruggle": "",
    "restraintStruggleCharmed": "",
    "restraintEscaped": "",
    "restraintEscapedFail": ""
}
