{
    "name": "Red Deepthroat",
    "cost": "0",
    "costType": "ep",
    "requiredLevel": "0",
    "learningCost": "0",
    "skillType": "attack",
    "statType": "Core",
    "requiredStat": "0",
    "skillTags": [ "Sex"],
    "fetishTags": [ "Oral"],
    "startsStance": "",
    "requiresStance": "Blowjob",
    "unusableIfStance": [ "Penetration", "Paizuri with Blowjob", "Tailjob", "Footjob", "Thighjob", "Titfuck", "Assjob", "Making Out"],
    "requiresTargetStance": [ "Blowjob"],
    "unusableIfTarget": [ "Sex", "Penetration", "Tailjob", "Footjob", "Thighjob", "Titfuck", "Making Out", "Anal"],
    "removesStance": "None",
    "requiresStatusEffect": "None",
    "requiresStatusPotency": "0",
    "unusableIfStatusEffect": [ "None"],
    "power": "25",
    "minRange": "90",
    "maxRange": "110",
    "recoil": "0",
    "targetType": "single",
    "statusEffect": "none",
    "statusChance": "0",
    "statusDuration": "0",
    "statusPotency": "0",
    "statusResistedBy": "",
    "statusText": "",
    "descrip": "Suck Dick Deeper.",
    "outcome": "[AttackerName] takes a deep breath as she pulls herself as deep as she can on [TargetName]'s cock. The feeling of hitting the back of her throat causes [TargetName] to gasp in pleasure as the ever active tongue of [AttackerName] continues to pleasure their shaft.",
    "miss": "[TargetName] grits his teeth to resist the pleasure from [AttackerName]'s mouth taking [TargetHisOrHer] length deeper and deeper down [AttackerHisOrHer] throat!",
    "statusOutcome": "",
    "statusMiss": "",
    "restraintStruggle": "",
    "restraintStruggleCharmed": "",
    "restraintEscaped": "",
    "restraintEscapedFail": ""
}
