{
    "name": "Smoldering Vacuum",
    "cost": "0",
    "costType": "ep",
    "requiredLevel": "0",
    "learningCost": "0",
    "skillType": "attack",
    "statType": "Power",
    "requiredStat": "0",
    "skillTags": [ "Breasts"],
    "fetishTags": [ "Breasts"],
    "startsStance": [""],
    "requiresStance": "Paizuri with Blowjob",
    "unusableIfStance": [ "Anal", "Assjob", "Face Sit", "Penetration", "Blowjob", "Titfuck", "Footjob", "Sex", "Tailjob"],
    "requiresTargetStance": [ "Any"],
    "unusableIfTarget": [ ""],
    "removesStance": ["None"],
    "requiresStatusEffect": "None",
    "requiresStatusPotency": "0",
    "unusableIfStatusEffect": [ "None"],
    "power": "25",
    "minRange": "90",
    "maxRange": "115",
    "recoil": "0",
    "targetType": "single",
    "statusEffect": "None",
    "statusChance": "0",
    "statusDuration": "0",
    "statusPotency": "0",
    "statusResistedBy": "",
    "statusText": "",
    "descrip": "Titty 1",
    "outcome": "[AttackerName] uses her tongue to playfully work the sensitive tip of [TargetName]'s penis, while using her breasts to work the remaining shaft with opposing motions, massaging the cock of [TargetName] with a cheerful look on her face as she stares into your eyes.",
    "miss": "[AttackerName] begins to suck on the rest of your cock poking out through her breasts while moving her breasts up and down the length of your member, but you grit your teeth and ignore the pleasure.",
    "statusOutcome": "",
    "statusMiss": "",
    "restraintStruggle": [""],
    "restraintStruggleCharmed": [""],
    "restraintEscaped": [""],
    "restraintEscapedFail": [""]
}
