{
    "name": "Soft and Wet",
    "cost": "0",
    "costType": "ep",
    "requiredLevel": "0",
    "learningCost": "0",
    "skillType": "attack",
    "statType": "Power",
    "requiredStat": "0",
    "skillTags": [ "Sex"],
    "fetishTags": [ "Breasts"],
    "startsStance": ["Paizuri with Blowjob"],
    "requiresStance": "Titfuck",
    "unusableIfStance": [ "Anal", "Assjob", "Footjob", "Sex", "Face Sit", "Thighjob", "Tailjob"],
    "requiresTargetStance": [ "Any"],
    "unusableIfTarget": [ "Penetration", "Tailjob", "Footjob", "Thighjob", "Titfuck", "Blowjob", "Making Out"],
    "removesStance": ["None"],
    "requiresStatusEffect": "Titfuck",
    "requiresStatusPotency": "0",
    "unusableIfStatusEffect": [ "None"],
    "power": "25",
    "minRange": "85",
    "maxRange": "110",
    "recoil": "0",
    "targetType": "single",
    "statusEffect": "None",
    "statusChance": "0",
    "statusDuration": "0",
    "statusPotency": "0",
    "statusResistedBy": "",
    "statusText": "",
    "descrip": "Titjob",
    "outcome": "[AttackerName] shifts around as she holds [TargetName]'s dick between her breasts, allowing the tip of his shaft to emerge from the deep cleavage of the Red Dragon. With the tip exposed, [AttackerName] leans her head in and opens her mouth, letting her tongue roll out and slide into her breasts as she takes in the head of [TargetName]'s penis, with her tongue working along the shaft.",
    "miss": "[AttackerName] tries to use her mouth in tandem with her breasts, but you grab her by the chin and hold back her head.",
    "statusOutcome": "",
    "statusMiss": "",
    "restraintStruggle": [""],
    "restraintStruggleCharmed": [""],
    "restraintEscaped": [""],
    "restraintEscapedFail": [""]
}
