{
    "name": "Rocks Fall",
    "CardType": "Event",
    "CardLimit": "2",
    "Description": "The rocks on the mountainside are rather loose and prone to falling at a moment's notice.",
    "requires": [ ""],
    "Speakers": [
                  {
                    "name": "Red Dragon",
                    "postName": "",
                    "SpeakerType": "Monster"
                  },
                  {
                    "name": "Black Dragon",
                    "postName": "",
                    "SpeakerType": "Monster"
                  },
                  {
                    "name": "Green Dragon",
                    "postName": "",
                    "SpeakerType": "Monster"
                  },
                  {
                    "name": "White Dragon",
                    "postName": "",
                    "SpeakerType": "Monster"
                  }

                ],
                "EventText": [
                    {
                        "NameOfScene": "EventStart",
                        "theScene": [  "As you are walking around the mountain, a miniature quake happens around you, and several rocks are knocked loose and begin falling at you",
                                       "Menu",
                                        "Block the rocks with your fists! (Power)",
                                        "Try to dodge it! (Technique)",
                                        "Panic and let the rock strike you!",
                                        "EndLoop"]
                    },

                    {
                        "NameOfScene": "Block the rocks with your fists! (Power)",
                        "theScene": [ "StatCheck",
                                        "Power",
                                        "18",
                                        "PowerPass",
                                        "Fail",
                                        "StatFail"]
                    },

                    {
                        "NameOfScene": "Try to dodge it! (Technique)",
                        "theScene": [ "StatCheck",
                                        "Technique",
                                        "15",
                                        "TechPass",
                                        "Fail",
                                        "StatFail"]
                    },

                    {
                        "NameOfScene": "Panic and let the rock strike you!",
                        "theScene": ["In the midst of your panic you fail to defend yourself from the falling rock.",
                                     "As the rock strikes your body you realize it doesn't hurt so much as it batters you around.",
                                     "The more concerning part about the rocks falling is that they have knocked you prone and several rather heavy rocks fall on your torso and arms, pinning you to the ground.",
                                     "JumpToScene", "WaywardMonster"]
                    },

                    {
                        "NameOfScene": "StatFail",
                        "theScene": [ "Before you get the chance to react to the rocks, one of them strikes you and knocks you flat on your back.",
                                      "As the rock strikes your body you realize it doesn't hurt so much as it batters you around.",
                                      "The more concerning part about the rocks falling is that they have knocked you prone and several rather heavy rocks fall on your torso and arms, pinning you to the ground.",
                                      "JumpToScene", "WaywardMonster"]
                    },

                    {
                        "NameOfScene": "PowerPass",
                        "theScene": [ "Channeling your tremendous strength you punch upwards at the largest rock falling toward you.",
                                      "As your fist makes contact with the rock small lines form in it, before it shatters away harmlessly in hundreds of fragments.",
                                      "With the primary rock out of the way, you watch as the rest of the rocks fall around you harmlessly.",
                                      "GiveExp", "200",
                                      "With a potential crisis averted you continue on your way."]
                    },

                    {
                        "NameOfScene": "TechPass",
                        "theScene": [ "With incredible speed you quickly weave between the falling rocks, managing to avoid the falling rocks.",
                                      "GiveExp", "200",
                                      "With a potential crisis averted you continue on your way."]
                    },

                    {
                        "NameOfScene": "WaywardMonster",
                        "theScene": [ "As you lie there underneath the rocks you hear in the distance a set of footsteps approaching you.",
                                      "You call out to them you hear the footsteps stop and the figure begins searching for you.",
                                      "After several moments pass the footsteps arrive at you, and you look up and see a pretty face staring down at you.",
                                      "JumpToRandomScene",
                                          "RedDragonVisit",
                                          "BlackDragonVisit",
                                          "GreenDragonVisit",
                                          "WhiteDragonVisit",
                                      "EndLoop"
                                    ]
                    },

                    {
                        "NameOfScene": "RedDragonVisit",
                        "theScene": [ "DisplayCharacters",
                                      "1",
                                      "EndLoop",
                                      "The red dragon stares down at your trapped form and lets out a giggle.",
                                      "Speaks",
                                      "Teehee, guess you weren't looking out above you! Want me to help you?",
                                      "PlayerSpeaks",
                                      "Yeah, that would be really appreciated.",
                                      "Her face suddenly contracts into a mischievous grin, and her eyes glance over your body longingly.",
                                      "Speaks",
                                      "Hmmm, but what would I get out of helping you? Oh, I know! How about I take just a liiiiitle bit of cum from you!♥",
                                      "She moves just enough rocks to fully expose your pelvis, and uses the moved rocks to ensure you are weighed down as she undresses your bottom half and lets out another playful giggle.",
                                      "Speaks",
                                      "Purple told me that playing with a restrained person is a lot of fun, so I hope you enjoy this too!♥",
                                      "You struggle to see past the mound of rocks on you as you feel her grab your cock and slowly starts to jerk you off.",
                                      "Despite the situation you find yourself in, you can't stop yourself from getting aroused from the feeling of helplessness, as the red dragon releases your now hard dick and slowly begins to lower herself onto you.",
                                      "She slowly lets the tip of your dick slip into her wet pussy, a gentle sigh of satisfaction escapes from her as she slowly begins to raise and lower herself on your dick.",
                                      "She continuously rides you with growing speed, you hear her moans grow louder. You imagine her face twisted in pleasure behind the boulder and you feel yourself growing even hornier.",
                                      "As she rides your cock, you moan and struggle against the rock, desperate to move your body due to the pleasure you're feeling.",
                                      "Waves of ecstasy flow over your body with her every movement, making your aching balls tighten and your dick throb uncontrollably.",
                                      "Speaks",
                                      "Are you cumming already? Well make sure you pump it all into me!♥",
                                      "You do your best to help thrust your hips, and as you feel yourself losing control the red dragon presses her hips down into you as you are bucking upwards. As you two meet at her deepest point you can no longer hold it back, and neither can she.",
                                      "Speaks",
                                      "Oh fuck!♥ Oh fuck fuck fuck!!!♥♥♥",
                                      "Her pussy tightens around your dick as she orgasms, causing you to pump out more and more seed into her.",
                                      "PlayerOrgasm", "1",
                                      "As you both recover from the orgasm, the red dragon slowly continues to move up and down the length of your cock, milking out every last drop before your erection slowly dies away.",
                                      "Having had her fun with you, the red dragon slowly stands up and takes a step back from your body, and with a cheerful look on her face begins to kneel near the rocks.",
                                      "With incredible ease she lifts the largest rocks off you first, and casually throws them over the mountainside one by one until you are free of the debris.",
                                      "She courteously extends a hand to you and helps you to your feet. As you stand up she pats the dust off you, while giving your dick a playful pat with a giggle.",
                                      "Seeing that you are fine now, she turns and starts skipping away, her tail and her bountiful ass moving in unison.",
                                      "It takes a few seconds to unglue your eyes from the sight of her before you realize you need to continue the climb."]
                    },

                    {
                        "NameOfScene": "BlackDragonVisit",
                        "theScene": [ "DisplayCharacters",
                                      "2",
                                      "EndLoop",
                                      "Her massive breasts almost obstruct the view of her face, but you can clearly make out the frame of a black dragon who looks at you with a horny, hungry stare.",
                                      "Speaks2",
                                      "Oh deary me, are you caught up in something sweetheart? Maybe I should give you some privacy and be on my way.♥",
                                      "PlayerSpeaks",
                                      "W-Wait! Please help me out here!",
                                      "Speaks2",
                                      "Hmm? Oh I guess I could give you a hand, but first I think I'll have some fun with you as payment.♥",
                                      "She moves just enough rocks to fully expose your pelvis, and uses the moved rocks to ensure you are weighed down as she undresses your bottom half and peeks at your face with a lewd grin on her face.",
                                      "Speaks2",
                                      "Ara ara, I don't think I've gotten the chance to have fun with someone like this in ages. Please do your best for me.♥",
                                      "You gasp as you feel her massive tits surround your cock, and as she slowly begins to move her breasts up and down you can feel your member stiffening.",
                                      "Her oppressive breasts press down on you from all sides, and as you give in to the pleasure you feel desperate to reach out and play with her breasts, but the rocks hold your limbs in place, and you are helpless to the whims of the dominating dragon.",
                                      "She begins to slowly roll her breasts in circles, massaging your dick with grace as you moan. She lets out a lewd chuckle she feels your dick begin to throb.",
                                      "The strength of her warm breasts working up and down the length of your shaft, as you imagine the sight of her large breasts jiggling as they move along your dick.",
                                      "She suddenly squeezes her impressive breasts together, the tight confines surrounding your dick wraps them in a warm heaven as you feel yourself coming close to bursting.",
                                      "Her tits movements suddenly become much faster paced as she keeps squeezing, beckoning you to cum. Her rapid movements against your dick becomes too much, and you finally release while buried deep into her cleavage.",
                                      "You erupt while trapped in her cleavage. You can't see her from here but you imagine she's grinning as she watches your cum bubble out from her boundless abyss.",
                                      "ChangeSpirit", "-1",
                                      "Her movements slow as she keeps her breasts tight and makes one last squeezing pull working from the bottom of your shaft, as she slowly milks out the last bit of cum in your slowly softening cock.",
                                      "Speaks2",
                                      "Well now, that was quite a lot of cum my dear.♥ Maybe next time we encounter each other you could help me get off as well?♥",
                                      "Satisfied with the cum she got from you she slowly pulls away from your dick, and you can't help but long for her breasts again.",
                                      "With little effort she lifts the rocks off you, and casually tosses them beside her.",
                                      "She extends a slender hand to you and easily pulls you to your feet. The force with which she pulls you up almost sends you straight into her breasts, but you manage to stop yourself just before that happens.",
                                      "She notices you catching yourself and lets out a chuckle, before she turns around and walks down the mountain trail, her ass swaying from side to side with each step.",
                                      "It takes you several moments to pry your eyes away from her ass, and as you refocus yourself you look up the mountain trail and keep walking."]
                    },

                    {
                        "NameOfScene": "GreenDragonVisit",
                        "theScene": [ "DisplayCharacters",
                                      "3",
                                      "EndLoop",
                                      "The diminutive green dragon is looking down at you with a mixture of condescension and pity before she asks.",
                                      "Speaks3",
                                      "Really, you got trapped under a pile of rocks? How pathetic can you get? Maybe I should leave and let you rot under there.",
                                      "PlayerSpeaks",
                                      "W-Wait please! You gotta let me out of here!",
                                      "Speaks3",
                                      "I gotta? According to who?",
                                      "PlayerSpeaks",
                                      "...Please?",
                                      "Speaks3",
                                      "Well if you're gonna be like that I'll try you like the pathetic person you are before helping you out.",
                                      "She sits down behind your head and slowly raises her feet above your face.",
                                      "You struggle against the rocks for a second, but then the soft feet of the dragon press into your face, stopping your struggles.",
                                      "She begins to rub her feet against your face, her toes pinching at your cheeks as she revels in your helplessness.",
                                      "Her feet dominate your face, your entire view is obstructed by her tan soles as her toes pinch at your nose and force your to breathe in their scent.",
                                      "As she continues to play with your face she covers your mouth with one foot while pinching your nose close with the other, and she yells from just behind you.",
                                      "Speaks3",
                                      "If you want my help you better start licking my feet! I wanna feel your tongue work for your freedom!",
                                      "Her suffocating feet are depriving you of oxygen, and in your desperation to be freed you open your mouth and start to lick at the flat of her foot, eliciting a giggle.",
                                      "You work on her foot, licking at every inch available as she slowly moves her foot out of the way of your mouth, giving you access to fresh air as you continue to lick at her toes.",
                                      "It's at this point you realize that you are rock hard, and that the lack of air flowing to your body caused the pleasure centers in your body to activate, and that now as you continue to lick between her toes you find your self on the brink of cumming.",
                                      "As she seemingly notices you about to cum, the green dragon stands up and presses her foot against your face and grinds it down on you, her heel on your forehead and her toes once again interfering with your breathing.",
                                      "Being dominated by the feet of such a small woman overwhelms you, and you cry out into her foot in pleasure as you orgasm, shooting your load out into the sky.",
                                      "ChangeSpirit", "-1",
                                      "Speaks3",
                                      "Wow, did that really make you cum? I guess you really are a hopeless pervert.♥",
                                      "She lifts her foot off your face and starts clearing the rocks off you. As she finishes she strokes your slowly softening dick with her foot, giving it a squeeze with her toes.",
                                      "Satisfied with her work she leaves, a smug grin on her face as she turns away from you.",
                                      "You slowly stand up, the whole situation leaving you undignified, but still aroused.",
                                      "Deciding that this won't stop you, you begin your trip up the mountain again."]
                    },

                    {
                        "NameOfScene": "WhiteDragonVisit",
                        "theScene": [ "DisplayCharacters",
                                      "4",
                                      "EndLoop",
                                      "The reserved white dragon is hovering over you, a concerned look on her face.",
                                      "Speaks4",
                                      "Oh gosh, oh no. Do-do you need help?",
                                      "PlayerSpeaks",
                                      "Yes please, my arms got pinned at weird angles.",
                                      "Speaks4",
                                      "Okay, okay yeah I can do get them off you.",
                                      "She moves and grips the rocks for a second, but before they lift off you she falters and looks at you with a questioning look.",
                                      "Speaks4",
                                      "Hey... before I free you, there's something I've always wanted to try...",
                                      "Speaks4",
                                      "Since you're not going anywhere, how about I try it out on you!",
                                      "Sensing that she may not help you if you refuse her, you agree to what she wants to try on you.",
                                      "With an unusual amount of excitement she walks over to your face, and she straddles your face as you see her pussy now hangs over your face.",
                                      "Nervously, the white dragon slowly lowers her hungry pussy onto your face, until her lower half begins to dominate your vision. Her pussy slowly rests on your mouth, and you can tell instantly how turned on she is.",
                                      "Moaning, she slowly begins to move back and forth on your face, using the friction caused by her movements to pleasure herself.",
                                      "As she slowly speeds up her movements she presses more of her weight into you, letting go of her cautious nature as her sexual instincts take over.",
                                      "As she rides you, you feel overwhelmed by her scent and weight, and you raise your face to match her movements and begin to lick at her pussy.",
                                      "At first you start by licking at the outside of her pussy, gently teasing her by tracing her lips and occasionally plunging your tongue deep into her, eliciting a shocked moan with each venture into her.",
                                      "Then you ram your tongue deep into her honeypot, fervently licking deep inside her as she howls in pleasure, and she begs you to keep going.",
                                      "As you continue to wriggle your tongue inside her pussy you pull back and continue to piston her pussy using your tongue, and as you do so you feel your dick suddenly tingle with pleasure, before suddenly bursting in a shocking orgasm.",
                                      "ChangeSpirit", "-1",
                                      "Seemingly at the same time as you, the white dragon also cums as she grasps your hair and presses her full weight on your face, trapping your tongue deep inside her as her pussy constricts around you.",
                                      "Moments pass as her orgasm ends, and she rests on top of you, panting, before she gingerly steps off you and starts moving the rocks.",
                                      "She helps get you to your feet, and brushes off the dust on your clothes and gives you a kiss on the cheek before turning away from you.",
                                      "Speaks4",
                                      "That was a lot of fun! I really hope that you get trapped under more rocks in the future!",
                                      "She starts walking away, and you can't help but look at her ass as she walks away, and you secretly wish to get trapped under it next time.",
                                      "With that encounter behind you, you continue your trek up the mountain."]
                    }
                ]
}
