{
    "name": "Terrifying Teamups",
    "CardType": "Event",
    "CardLimit": "8",
    "Description": "The dragons are teaming up! Can you defeat these strange matchups?",
    "requires": [ ""],
    "Speakers": [
                  {
                    "name": "Red Dragon",
                    "postName": "",
                    "SpeakerType": "Monster"
                  },
                  {
                    "name": "Black Dragon",
                    "postName": "",
                    "SpeakerType": "Monster"
                  },
                  {
                    "name": "Blue Dragon",
                    "postName": "",
                    "SpeakerType": "Monster"
                  },
                  {
                    "name": "Green Dragon",
                    "postName": "",
                    "SpeakerType": "Monster"
                  },
                  {
                    "name": "Purple Dragon",
                    "postName": "",
                    "SpeakerType": "Monster"
                  },
                  {
                    "name": "White Dragon",
                    "postName": "",
                    "SpeakerType": "Monster"
                  }

                ],
    "EventText": [

      {
        "NameOfScene": "EventStart",
        "theScene": ["As you round yet another corner of the spiraling mountain, you see a pair of dragons approach you, looking for a fight.",
                     "JumpToScene",
                     "RandomRoll"]

      },

      {
          "NameOfScene": "RandomRoll",
          "theScene": [
                        "DenyInventory",
                        "JumpToRandomScene",
                            "Red+Green",
                            "Red+Black",
                            "Red+Blue",
                            "Red+Purple",
                            "Red+White",
                            "Green+Black",
                            "Green+Blue",
                            "Green+Purple",
                            "Green+White",
                            "Black+Blue",
                            "Black+Purple",
                            "Black+White",
                            "Blue+Purple",
                            "Blue+White",
                            "Purple+White",
                        "EndLoop"
                    ]
      },
      {
          "NameOfScene": "Red+Green",
          "theScene": [   "DisplayCharacters",
                          "1",
                          "4",
                          "EndLoop",
                          "Speaks",
                          "Hey, hey Green! It's a human!",
                          "Speaks4",
                          "Huh? Where? Oh I see them over there, let's get 'em Red!",
                          "The two diminutive dragons rush you with lust in their eyes.",
                          "CombatEncounter",
                          "Red Dragon",
                          "Green Dragon",
                        "StartCombat"
                    ]
      },
      {
          "NameOfScene": "Red+Black",
          "theScene": [  "DisplayCharacters",
                          "1",
                          "2",
                          "EndLoop",
                          "Speaks2",
                          "Uh oh, don't look now Red but I think we found ourselves a little human.♥",
                          "Speaks",
                          "Uh huh, can we share them when we beat them, Black?",
                          "Speaks2",
                          "Fufufu, but of course we can sis.",
                          "The red dragon lets out a cheer as the pair rush towards you.",
                          "CombatEncounter",
                          "Red Dragon",
                          "Black Dragon",
                        "StartCombat"
                    ]
      },
      {
          "NameOfScene": "Red+Blue",
          "theScene": [  "DisplayCharacters",
                          "1",
                          "3",
                          "EndLoop",
                          "Speaks",
                          "Woah, Blue check it out! We found a human!",
                          "Speaks3",
                          "Affirmative, shall we test out our compatibility with each other on this human?",
                          "After a confused look from the red dragon, both dragons begin to move towards you, eager for a fight.",
                          "CombatEncounter",
                          "Red Dragon",
                          "Blue Dragon",
                        "StartCombat"
                    ]
      },
      {
          "NameOfScene": "Red+Purple",
          "theScene": [  "DisplayCharacters",
                          "1",
                          "5",
                          "EndLoop",
                          "Speaks",
                          "Woah, hey Purp we have a human over here! Let's catch them!",
                          "Speaks4",
                          "Oh, good looking out Red,♥ let's show this human an experience they won't forget.♥",
                          "The red dragon rushes forward as the purple dragon lazily strolls after her smaller sibling.",
                          "CombatEncounter",
                          "Red Dragon",
                          "Purple Dragon",
                        "StartCombat"
                    ]
      },
      {
          "NameOfScene": "Red+White",
          "theScene": [  "DisplayCharacters",
                          "1",
                          "6",
                          "EndLoop",
                          "Speaks6",
                          "Uh, don't look now Red, but I think a human found us...",
                          "Speaks",
                          "Huh, really?! Let's get them",
                          "Speaks6",
                          "I, uh, I don't think-",
                          "Speaks",
                          "C'mon! It'll be fun!",
                          "The white dragon has a look of embarrassment in her eyes as the red dragon pulls her forward, and the pair challenge you to fight.",
                          "CombatEncounter",
                          "Red Dragon",
                          "White Dragon",
                        "StartCombat"
                    ]
      },
      {
          "NameOfScene": "Green+Black",
          "theScene": [  "CombatEncounter",
                          "Green Dragon",
                          "Black Dragon",
                        "StartCombat"
                    ]
      },
      {
          "NameOfScene": "Green+Blue",
          "theScene": [  "CombatEncounter",
                          "Green Dragon",
                          "Blue Dragon",
                        "StartCombat"
                    ]
      },
      {
          "NameOfScene": "Green+Purple",
          "theScene": [  "CombatEncounter",
                          "Green Dragon",
                          "Purple Dragon",
                        "StartCombat"
                    ]
      },
      {
          "NameOfScene": "Green+White",
          "theScene": [  "CombatEncounter",
                          "Green Dragon",
                          "White Dragon",
                        "StartCombat"
                    ]
      },
      {
          "NameOfScene": "Black+Blue",
          "theScene": [  "CombatEncounter",
                          "Black Dragon",
                          "Blue Dragon",
                        "StartCombat"
                    ]
      },
      {
          "NameOfScene": "Black+Purple",
          "theScene": [  "CombatEncounter",
                          "Black Dragon",
                          "Purple Dragon",
                        "StartCombat"
                    ]
      },
      {
          "NameOfScene": "Black+White",
          "theScene": [  "CombatEncounter",
                          "Black Dragon",
                          "White Dragon",
                        "StartCombat"
                    ]
      },
      {
          "NameOfScene": "Blue+Purple",
          "theScene": [  "CombatEncounter",
                          "Blue Dragon",
                          "Purple Dragon",
                        "StartCombat"
                    ]
      },
      {
          "NameOfScene": "Blue+White",
          "theScene": [  "CombatEncounter",
                          "Blue Dragon",
                          "White Dragon",
                        "StartCombat"
                    ]
      },
      {
          "NameOfScene": "Purple+White",
          "theScene": [  "CombatEncounter",
                          "Purple Dragon",
                          "White Dragon",
                        "StartCombat"
                    ]
      }



                ]
}
