{
    "name": "Whelpling Nest",
    "CardType": "Event",
    "CardLimit": "2",
    "Description": "Whelplings sleep in resting quarters relatively close to the trails of the mountainside. Enter at your own peril.",
    "requires": [ ""],
    "Speakers": [
      {
        "name": "Whelpling",
        "postName": " 1",
        "SpeakerType": "Monster"
      },
      {
        "name": "Whelpling",
        "postName": " 2",
        "SpeakerType": "Monster"
      },
      {
        "name": "Whelpling",
        "postName": " 3",
        "SpeakerType": "Monster"
      },
      {
        "name": "Whelpling",
        "postName": " 4",
        "SpeakerType": "Monster"
      }

                ],
    "EventText": [
                    {
                        "NameOfScene": "EventStart",
                        "theScene": [  "As you make your way through the mountainside you eventually come across a short passage leading to a room. The room is only protected by a simple wooden door.",
                                       "Better reasoning fails as you open the door and are greeted with 4 Whelplings lounging about a room, who lazily look towards you before their eyes widen in excitement.",
                                       "DisplayCharacters",
                                       "1",
                                       "2",
                                       "3",
                                       "4",
                                       "EndLoop",
                                       "Speaks2",
                                       "Uhhh hi? Are you lost?",
                                       "Speaks",
                                       "What does it matter? GET HIM!!",
                                       "They immediately scramble from the table and beds they were on and begin to flock around you.",
                                       "Thinking fast, you immediately come to the conclusion:",
                                       "Menu",
                                       "OH SHIT, RUN!",
                                       "Draw them into the hallway and fight them in groups.",
                                       "Rush into the den and take them on!",
                                       "EndLoop"

                                  ]
                    },

                    {
                      "NameOfScene": "OH SHIT, RUN!",
                      "theScene": [ "You break into a sprint, and the whelplings are hot on your heels as they attempt to stop your escape...",
                                    "StatCheck",
                                    "Technique",
                                    "18",
                                    "GetAway",
                                    "Fail",
                                    "RunFail"

                      ]
                    },
                    {
                      "NameOfScene": "GetAway",
                      "theScene": [ "But you manage to keep ahead of them, and you get out of the hallway and further up the mountainside before you see the whelplings give up the chase and go back into their room.",
                                    "You catch your breath for a second before standing up straight and continuing on your climb."

                      ]
                    },
                    {
                      "NameOfScene": "RunFail",
                      "theScene": [ "You falter for a second, allowing the whelplings to catch up to you and surround you.",
                                    "DisplayCharacters",
                                    "1",
                                    "2",
                                    "EndLoop",
                                    "CombatEncounter",
                                      "NoRunning",
                                      "Whelpling",
                                      "Whelpling",
                                      "Whelpling",
                                      "Whelpling",
                                    "StartCombat"

                      ]
                    },
                    {
                      "NameOfScene": "Draw them into the hallway and fight them in groups.",
                      "theScene": [ "You swing the door at the rushing whelplings, only letting two of them out as the door slams in the face of the remaining two, who curse you as you prepare to fight the whelplings in front of you.",
                        "DisplayCharacters",
                        "1",
                        "2",
                        "EndLoop",
                        "CombatEncounter",
                          "NoRunning",
                          "Whelpling",
                          "Whelpling",
                        "StartCombat",
                        "As the first group of whelplings collapse to the ground, you see the door opened up and the next pair of whelplings has already blocked your way.",
                        "DisplayCharacters",
                        "3",
                        "4",
                        "EndLoop",
                        "CombatEncounter",
                          "NoRunning",
                          "Whelpling",
                          "Whelpling",
                        "StartCombat"

                      ]
                    },
                    {
                      "NameOfScene": "Rush into the den and take them on!",
                      "theScene": [ "Throwing away regards for your safety, you dive into the middle of the room, ready to take on the dragons.",
                        "CombatEncounter",
                          "NoRunning",
                          "Whelpling",
                          "Whelpling",
                          "Whelpling",
                          "Whelpling",
                        "StartCombat",
                        "JumpToScene", "WhelplingsDefeated"

                      ]
                    },
                    {
                        "NameOfScene": "WhelplingsDefeated",
                        "theScene": ["You gaze at the defeated Whelplings, staring at you as they pant and slump over from the fight, clearly angry, yet aroused, over their loss.",
                          "Menu",
                            "Fuck the Whelplings to prove a point.",
                            "Leave before anyone else arrives.",
                          "EndLoop"]
                    },
                    {
                        "NameOfScene": "Leave before anyone else arrives.",
                        "theScene": ["You step past the Whelplings and their icy stares, and come out back on the mountainside, feeling rather invigorated by your victory.",
                        "ChangeEnergy", "50",
                        "ChangeSpirit", "1"]
                    },
                    {
                        "NameOfScene": "Fuck the Whelplings to prove a point.",
                        "theScene": ["Walking over to the scattered group, you grab the first Whelpling you find and lift her petite body into the air, displaying her nether regions proudly to her fellow dragons",
                                     "Speaks2",
                                     "Wehhh? What do you think you're doing, you human piece of trash?",
                                     "She struggles in your hands as you grip her thighs and spread her legs. Her tail is pressed between your bodies as you start to lower her asshole towards your throbbing member.",
                                     "Her asshole presses against your tip as you let her body rest against you for a moment, as she realizes what is about to happen to her she starts to struggle more ferociously",
                                     "Speaks2",
                                     "NO! NO NO NO! I will not allow you to--!!!!",
                                     "Her screaming is cut short as you pull her down with all your might onto your hungry cock, slamming balls deep into her accepting asshole.",
                                     "She lets out a high pitched moan as you continuously take advantage of her diminutive appearance, easily lifting her up and down to slide her along your cock as her tail slowly wraps around your waist.",
                                     "Her tail tightly coils around your waist as you thrust into her again, as she struggles desperately to slow your pace, but her resistance only tightens your grip on her thighs.",
                                     "You overcome the strength of her tail and thrust your hips again, pushing into the whelpling constantly as her once proud demeanor dissolves away into that of a lust crazed smile.",
                                     "The other whelplings slowly stir at this point, forced to watch as you ravish their comrade has seemingly triggered something inside them, as one of them starts to crawl over to you.",
                                     "As she reaches you she rests on her knees as she looks up at you plowing her friend, and leans forward to gently start kissing at your balls.",
                                     "The delicate lips of the Whelpling caresses your balls, as she throws in the occasionally lap of her tongue as your balls feel ready to burst.",
                                     "You take the Whelpling on your dick, and slam her hips all the way down to the hilt of your member, before releasing a massive wave of cum into her ass.",
                                     "ChangeArousalQuietly", "0",
                                     "Speaks2",
                                     "AHHHHHHHHHH!",
                                     "As you finish cumming into the whelpling her shrieks of pleasure devolve into lustful pants, as exhaustion overtakes her as she slumps back on your cock.",
                                     "A third Whelpling approaches, bringing the exhausted Whelpling's face to her own as the two kiss, while the fourth plays with the breasts of the exhausted Whelpling.",
                                     "With all 4 of the Whelplings thoroughly engaged in your actions, you pull out of the Whelpling on your cock, and let her fall to the ground as the two playing with her body continue to do so.",
                                     "You turn your attention to the Whelpling that was servicing your balls, grabbing her by her colorful horns and plunging your cock into her throat before she gets a moment to react.",
                                     "Her mouth is warm, and her tongue furiously flits about her mouth as she struggles against you for a second.",
                                     "She tries to pull away from your member, still dripping with cum from the previous Whelpling. It's no use for the other Whelpling as she lacks the strength to resist your grip.",
                                     "You forcefully move her mouth back and forth, occasionally your cock reaching the edge of her throat as you thrust deeper and deeper into her.",
                                     "After several thrusts you see a change in the Whelpling's eyes, as she slowly stops resisting and goes along with your thrusts, working her tongue to play with your shaft to the best of her abilities.",
                                     "The 2 unattended Whelplings have at this point begun to engage each other in a full makeout session, leaving you and this last Whelpling alone as you feel your balls swelling up yet again.",
                                     "The Whelpling moans as your pace becomes faster, your thrusts going deeper and deeper, until you hold her down against the base of your member, and you let out a contented moan as you climax into her throat.",
                                     "Her eyes grow wide as she is forced to take your load down her throat, but she eventually melts into a blissful state as her throat bulges with your cum.",
                                     "You let out a deep breath as you collect yourself, and release your grip on the Whelpling, watching as she falls back to the ground with a look of happiness on her face.",
                                     "Speaks",
                                     "Ha...ha...hah.....",
                                     "Her exhausted panting echoes around the chamber, and as you notice the remaining two passed out in each other's arms you decide to head out, returning to your path up the mountainside."]
                    }


                ]
}
