{
    "name": "Whelpling Nest",
    "CardType": "Event",
    "CardLimit": "2",
    "Description": "Whelplings sleep in resting quarters relatively close to the trails of the mountainside. Enter at your own peril.",
    "requires": [ ""],
    "Speakers": [
      {
        "name": "Whelpling",
        "postName": " 1",
        "SpeakerType": "Monster"
      },
      {
        "name": "Whelpling",
        "postName": " 2",
        "SpeakerType": "Monster"
      },
      {
        "name": "Whelpling",
        "postName": " 3",
        "SpeakerType": "Monster"
      },
      {
        "name": "Whelpling",
        "postName": " 4",
        "SpeakerType": "Monster"
      }

                ],
    "EventText": [
                    {
                        "NameOfScene": "EventStart",
                        "theScene": [  "As you make your way through the mountainside you eventually come across a short passage leading to a room. The room is only protected by a simple wooden door.",
                                       "Better reasoning fails as you open the door and are greeted with 4 Whelplings lounging about a room, who lazily look towards you before their eyes widen in excitement.",
                                       "DisplayCharacters",
                                       "1",
                                       "2",
                                       "3",
                                       "4",
                                       "EndLoop",
                                       "Speaks2",
                                       "Uhhh hi? Are you lost?",
                                       "Speaks",
                                       "What does it matter? GET HIM!!",
                                       "They immediately scramble from the table and beds they were on and begin to flock around you.",
                                       "Thinking fast, you immediately come to the conclusion:",
                                       "Menu",
                                       "OH SHIT, RUN!",
                                       "Draw them into the hallway and fight them in groups.",
                                       "Rush into the room and take them on!",
                                       "EndLoop"

                                  ]
                    },

                    {
                      "NameOfScene": "OH SHIT, RUN!",
                      "theScene": [ "You break into a sprint, and the whelplings are hot on your heels as they attempt to stop your escape...",
                                    "StatCheck",
                                    "Technique",
                                    "18",
                                    "GetAway",
                                    "Fail",
                                    "RunFail"

                      ]
                    },
                    {
                      "NameOfScene": "GetAway",
                      "theScene": [ "But you manage to keep ahead of them, and you get out of the hallway and further up the mountainside before you see the whelplings give up the chase and go back into their room.",
                                    "You catch your breath for a second before standing up straight and continuing on your climb."

                      ]
                    },
                    {
                      "NameOfScene": "RunFail",
                      "theScene": [ "You falter for a second, allowing the whelplings to catch up to you and surround you.",
                                    "DisplayCharacters",
                                    "1",
                                    "2",
                                    "EndLoop",
                                    "CombatEncounter",
                                      "NoRunning",
                                      "Whelpling",
                                      "Whelpling",
                                      "Whelpling",
                                      "Whelpling",
                                    "StartCombat"

                      ]
                    },
                    {
                      "NameOfScene": "Draw them into the hallway and fight them in groups.",
                      "theScene": [ "You swing the door at the rushing whelplings, only letting two of them out as the door slams in the face of the remaining two, who curse you as you prepare to fight the whelplings in front of you.",
                        "DisplayCharacters",
                        "1",
                        "2",
                        "EndLoop",
                        "CombatEncounter",
                          "NoRunning",
                          "Whelpling",
                          "Whelpling",
                        "StartCombat",
                        "As the first group of whelplings collapse to the ground, you see the door opened up and the next pair of whelplings has already blocked your way.",
                        "DisplayCharacters",
                        "3",
                        "4",
                        "EndLoop",
                        "CombatEncounter",
                          "NoRunning",
                          "Whelpling",
                          "Whelpling",
                        "StartCombat"

                      ]
                    },
                    {
                      "NameOfScene": "Rush into the den and take them on!",
                      "theScene": [ "Throwing away regards for your safety, you dive into the middle of the room, ready to take on the dragons.",
                        "CombatEncounter",
                          "NoRunning",
                          "Whelpling",
                          "Whelpling",
                          "Whelpling",
                          "Whelpling",
                        "StartCombat"

                      ]
                    }



                ]
}
