{
    "name": "Blue Dragon",
    "IDname": "Blue Dragon",
    "species": "Dragon",
    "gender": "female",
    "description": "A short, slender dragon with deep blue skin accentuating her white midsection.The only clothing this dragon has is her modest sleeves which end in fingerless gloves. This dragon is a master of magic and on top of her powerful breath attacks can use her mouth for various chants and blowjobs.",
    "encyclopedia": "Cold and calculating, Blue Dragons are highly educated in the arcane arts of fucking, but lack practical experience due to rarely leaving Dragon Spire. However, when they encounter a specimen they will attempt by all means to take a lively target back to their lair to experiment on threesomes with her other dragon sisters.",
    "tags": "none",
    "generic": "True",
    "requires": [ ""],
    "skillList": [ "Paralyzing Breath", "Dragon Kiss", "Dragon Deep Kiss", "Dragon Breast Press", "Dragon Tease", "Dragon Footjob", "Dragon Foot Stroke", "Dragon Tailjob", "Dragon Tail Stroke", "Arousing Chant", "Hypnotizing Chant", "Paralyzing Kiss", "Azure Mouth Trap", "Enchanted Throat", "Handjob of the Ancients", "Arcane Flirting", "Deep Blue Sea", "Reserved Fucking"],
    "perks": [ "Clingy"],
    "stats": { "lvl": "30",
              "Exp": "100",
              "max_hp": "350",
              "max_ep": "90",
              "max_sp": "1",
              "Power": "30",
              "Technique": "30",
              "Intelligence": "40",
              "Allure": "30",
              "Willpower": "30",
              "Luck": "30"
    },
    "Fetishes": [ ""],
    "BodySensitivity": { "Sex": "125",
              "Ass": "125",
              "Breasts": "75",
              "Mouth": "125",
              "Seduction": "125",
              "Magic": "35",
              "Pain": "75",
              "Holy": "100",
              "Unholy": "100"
    },
    "resistancesStatusEffects": {
              "Stun": "100",
              "Charm": "10",
              "Aphrodisiac": "-25",
              "Restraints": "10",
              "Sleep": "-10",
              "Trance": "0",
              "Paralysis": "100",
              "Debuff": "0"
    },
    "moneyDropped": "200",
    "ItemDropList": [
                      {
                        "name": "Blue Dragon Scale",
                        "dropChance": "75"
                      }
                    ],
    "lossScenes": [
                    {
                        "NameOfScene": "Blue Dragon Experimental Loss",
                        "move": "",
                        "stance": "",
                        "includes": [ ""],
                        "theScene": [ "As you cum once more you shake with exhaustion and collapse to the ground.",
                                      "ClearMonsterEncounter",
                                      "JumpToLossEvent", "Blue Dragon Experiments"
                                  ],
                        "picture": ""
                    }
                  ],
    "combatDialogue": [
      {
          "lineTrigger": "HitWith",
          "move": ["Spank", "Pinch Nipples"],
          "theText": [ "'Attempting arousal through a pain response? Fascinating, but ineffective against me.'",
                       "'Attempts to get me flustered through pain will be useless.'",
                       "{TargetName} raises an eyebrow at you quizically, unphased by your actions."]
      },
      {
          "lineTrigger": "HitWith",
          "move": ["Demon Layer", "Whip"],
          "theText": [ "'This may warrant further investigation...♥'",
                       "'Nnng, an interesting tactic.'",
                       "'{TargetName} shivers in pleasure as your whip strikes across your body, and her demeanor softens for the smallest moment."]
      },
      {
          "lineTrigger": "HitWith",
          "move": "Holy Headpat",
          "theText": [ "'What is this technique? I have no records of such a sexual attack.'",
                       "'Was that an attempt at humiliation?'",
                       "Instead of doing anything, {TargetName} cocks her head to the side and shoots you a puzzled look."]
      },
      {
          "lineTrigger": "HitWith",
          "move": ["Bondage Net", "Magical Binding", "Pin"],
          "theText": [ "'Captured, need to escape.'",
                       "'Erotic capture method deployed, escape before significant arousal.'",
                       "'Specimen has powerful capturing implements, ask to study for... later use.♥'"]
      },
      {
          "lineTrigger": "HitWith",
          "move": ["Finger", "Dildo"],
          "theText": [ "{TargetName} squirms in pleasure from the interaction, and breathlessly looks towards your dick.",
                       "'Would you mind doing that again? I want to study how humans apply this technique more intimately.'",
                       "'Mmnnnn.♥'"]
      },
      {
          "lineTrigger": "HitWith",
          "move": ["Arouse", "Arousara", "Arousero"],
          "theText": [ "'Is that the best human magic can do?'",
                       "'Human magic is far outstripped by dragon magic.'",
                       "'Specimen still employs primitive magic, will prove to be easy prey.'"]
      },
      {
          "lineTrigger": "HitWith",
          "move": "Electrify",
          "theText": [ "'Magic that combines pleasure and pain? Interesting.'",
                       "'Specimen displays an interesting magic, must study for other uses.'",
                       "{TargetName} gasps as your magic manages to make her react in pleasure, and her demeanor dissolves as a magical current courses through her."]
      },
      {
          "lineTrigger": "HitWith",
          "move": ["Grope Ass", "Squeeze Ass", "Massage Ass", "Fondle Ass"],
          "theText": [ "'Target seems fascinated with my rear, an infatuation with asses?'",
                       "'I-Is my butt that nice that you're gonna touch it like that?'",
                       "As your hands work her tight rear, {TargetName} moans at your touch."]
      },
      {
          "lineTrigger": "HitWith",
          "move": ["Breast Caress", "Breast Knead", "Breast Massage", "Breast Fondle", "Suckle"],
          "theText": [ "'Target is fondling my breasts, clearly has an interest in the female body.'",
                       "'Nnnn Ahhh♥♥♥'",
                       "As you work her moderate breasts, {TargetName} moans at your touch."]
      },
      {
          "lineTrigger": "HitWith",
          "move": "Anal Penetration",
          "theText": [ "'Don't you da-EEE!♥ W-What do you think you're doing!'",
                       "'W-Wait, this isn't how this is supposed to- Aiiii♥♥♥♥'",
                       "{TargetName} cries out in pleasure as you press your dick deep into her tight ass."]
      },
      {
          "lineTrigger": "HitWith",
          "move": "Penetrate",
          "theText": [ "'Don't you da-EEE!♥ W-What do you think you're doing!'",
                       "'W-Wait, this isn't how this is supposed to- Aiiii♥♥♥♥'",
                       "{TargetName} cries out in pleasure as you press your dick deep into her tight pussy."]
      },
      {
          "lineTrigger": "HitWith",
          "move": ["Thrust", "Channeling Thrust"],
          "theText": [ "'EEE!♥ W-Wai- AAAHHH!♥'",
                       "'W-Wait, sl-slow down!♥'",
                       "'I-I can't believe I'm doing this...♥'"]
      },
      {
          "lineTrigger": "HitWith",
          "move": ["Pound", "Multi Thrust", "Carrying Fuck"],
          "theText": [ "'Ah!♥ Yes!♥'",
                       "She moans incoherently.",
                       "'N-No m-more!♥'"]
      },
      {
          "lineTrigger": "HitWith",
          "move": ["Tantric Thrust", "Passionate Lovemaking"],
          "theText": [ "'Ahh...!♥ Th-This is a bit too in-intimate...♥'",
                       "'T-This isn't faiirrrr...♥'",
                       "'O-Oh you're sooo deeeep...♥'"]
      },
      {
          "lineTrigger": "HitWithA",
          "move": ["Thrust", "Channeling Thrust"],
          "theText": [ "'EEE!♥ W-Wai- AAAHHH!♥'",
                       "'W-Wait, sl-slow down!♥'",
                       "'I-I can't believe I'm doing this...♥'"]
      },
      {
          "lineTrigger": "HitWithA",
          "move": ["Pound", "Multi Thrust", "Empowered Thrust", "Carrying Fuck", "Anal Piston"],
          "theText": [ "'Ah!♥ Yes!♥'",
                       "She moans incoherently.",
                       "'N-No m-more!♥'"]
      },
      {
          "lineTrigger": "HitWithA",
          "move": ["Tantric Thrust", "Passionate Lovemaking"],
          "theText": [ "'Ahh...!♥ Th-This is a bit too in-intimate...♥'",
                       "'T-This isn't faiirrrr...♥'",
                       "'O-Oh you're sooo deeeep...♥'"]
      },
      {
          "lineTrigger": "HitWith",
          "move": ["Charm", "Charm Wave"],
          "theText": [ "'Eh? W-Were you always so... attractive?'",
                       "'Target has altered perception, they now seem devilishly sexy.'",
                       "'D-Do you wanna go back to my lab and do some... research?♥'"]
      },
      {
          "lineTrigger": "HitWith",
          "move": "Sleep",
          "theText": [ "'I-I can still fight, don't think you can put me to sleep!' Even as she says this she is swaying and lets out a long yawn.",
                       "'Maybe I could use a rest...",
                       "{TargetName} fails to stifle a yawn as her eyes droop heavily, and she clearly is not fighting the effects of the sleep magic."]
      },
      {
          "lineTrigger": "HitWith",
          "move": ["Enfeeble", "Sensitize"],
          "theText": [ "'Weakening magic? Not a bad move.♥'",
                       "'Oh? You bypassed my magic's defenses.'",
                       "'What a fascinating specimen you are, I must study everything you can do.♥'"]
      },
      {
          "lineTrigger": "HitWith",
          "move": "Disarming Appeal",
          "theText": [ "'Hm, but taking it easy on you would interfere with my data collection...'",
                       "'I guess it can't be helped, I do need you to be a willing test subject.'",
                       "'Interesting, when pushed to extreme limits humans will beg for their attacker to lessen their attacks.'"]
      },
      {
          "lineTrigger": "HitWith",
          "move": ["Kiss", "Make Out"],
          "theText": [ "'T-That's not unpleasant, I guess.'",
                       "'A-A kiss? This is most unprofessional of you!'",
                       "{TargetName} seems surprised by the sudden kiss, and blushes a deep red as she moans."]
      },
      {
          "lineTrigger": "HitWith",
          "move": ["Deep Kiss", "Lovingly Rough Kiss", "Sensually Seductive Kiss", "Skillfully Passionate Kiss", "Misty Kiss"],
          "theText": [ "'I-I think I'm actually enjoying this.♥'",
                       "'Mnnn Ahhh♥♥.'",
                       "{TargetName} gets lost deeply in the kiss, and drops her calculating demeanor completely for a moment and gives in to her lust."]
      },
      {
          "lineTrigger": "HitWith",
          "move": ["Seduce", "Enamor", "Smoldering Seduction", "Smoldering Flaunt", "Massaging Seduction", "Mass Seduction"],
          "theText": [ "'T-That's highly unnecessary! This is a scientific endeavor and not a date!'",
                       "'P-Please keep your flirting to yourself, I only want to study your combat methods to assist my clan.'",
                       "{TargetName}'s face blushes from your sexual advances."]
      },
      {
          "lineTrigger": "HitWith",
          "move": "Ear Tease",
          "theText": [ "'P-Please refrain from touching my ears.♥'",
                       "'Target displays a fascination with horns, perhaps an infatuation with monstrous body parts?'",
                       "{TargetName} lets out a giggle as you blow into her ears."]
      },
                        {
                            "lineTrigger": "UsesMove",
                            "move": "Arcane Flirting",
                            "theText": [ "'You desire my body? Then try and claim it for yourself.'",
                                         "{AttackerName} mutters something under her breath as she spreads the lips of her pussy, enticing you.",
                                         "'Can you resist the allure of my body for long?'"]
                        },
                        {
                            "lineTrigger": "UsesMove",
                            "move": "Arousing Chant",
                            "theText": [ "'Can you withstand this?'",
                                         "'Behold the magic of a dragon!'",
                                         "'See the difference between us!'"]
                        },
                        {
                            "lineTrigger": "UsesMove",
                            "move": "Azure Mouth Trap",
                            "theText": [ "'You'll see techniques that no other dragon has access to!'",
                                         "'How long can you last in my mouth!'",
                                         "'Be a good test subject and give me a sample.'"]
                        },
                        {
                            "lineTrigger": "UsesMove",
                            "move": "Enchanted Throat",
                            "theText": [ "Loud slurping sounds escape her mouth.",
                                         "Lewd, wet sounds emanate from her mouth.",
                                         "{AttackerName} presses your dick to the back of her throat, and makes a contented sighing sound."]
                        },
                        {
                            "lineTrigger": "UsesMove",
                            "move": "Handjob of the Ancients",
                            "theText": [ "'Now to stimulate you.'",
                                         "'Preparing specimen.'",
                                         "'Behave yourself and submit to my tests.'"]
                        },
                        {
                            "lineTrigger": "UsesMove",
                            "move": "Hypnotizing Chant",
                            "theText": [ "The blue dragon's chant burrows into your mind, and you feel yourself getting lost in her words."]
                        },
                        {
                            "lineTrigger": "UsesMove",
                            "move": "Paralyzing Breath",
                            "theText": [ "'It will be much easier to experiment if you cannot move.'",
                                         "'Apologies, I need to cut off your movements.'",
                                         "'Please stop resisting, I promise this won't hurt a bit.'"]
                        },
                        {
                            "lineTrigger": "UsesMove",
                            "move": "Paralyzing Kiss",
                            "theText": [ "'Chu.♥'",
                                         "'I have heard this is how humans communicate romantic feelings.'",
                                         "'Is this pleasurable?'"]
                        },
                        {
                            "lineTrigger": "UsesMove",
                            "move": "Deep Blue Sea",
                            "theText": [ "{AttackerName} pants as she presses herself down hard on your dick, clearly flustered in her attempt at sex.",
                                         "'I-Is this alright?'",
                                         "'This is so embarassing.'"]
                        },
                        {
                            "lineTrigger": "UsesMove",
                            "move": "Reserved Fucking",
                            "theText": [ "'Eeeeep!'",
                                         "'I-Is this alright?'",
                                         "'This is so embarassing.'"]
                        },
                        {
                            "lineTrigger": "UsesMove",
                            "move": "Dragon Kiss",
                            "theText": [ "'Chu.♥'",
                                         "'I have heard this is how humans communicate romantic feelings.'",
                                         "'Is this pleasurable?'"]
                        },
                        {
                            "lineTrigger": "UsesMove",
                            "move": "Dragon Deep Kiss",
                            "theText": [ "'Chu.♥'",
                                         "'I have heard this is how humans communicate romantic feelings.'",
                                         "'Is this pleasurable?'"]
                        },
                        {
                            "lineTrigger": "UsesMove",
                            "move": "Dragon Breast Press",
                            "theText": [ "'Detecting hints of arousal, do you enjoy my breasts?'",
                                         "'Breasts seem to have significant effects on humans.'",
                                         "'Is this arousing to you?'"]
                        },
                        {
                            "lineTrigger": "UsesMove",
                            "move": "Dragon Tease",
                            "theText": [ "'Which body part do you find most attractive, human?'",
                                         "'This will greatly help my research to find what humans are most attracted to.'",
                                         "'Am I attractive to you, human?'"]
                        },
                        {
                            "lineTrigger": "UsesMove",
                            "move": "Dragon Footjob",
                            "theText": [ "'I have heard humans find feet fascinating, testing now.'",
                                         "'Do you enjoy being stepped on, human?'",
                                         "'Such a strange fetish for one to have, but I will indulge in the name of science.'"]
                        },
                        {
                            "lineTrigger": "UsesMove",
                            "move": "Dragon FootStroke",
                            "theText": [ "'How does this feel, human?'",
                                         "'I can't lie, I am enjoying this quite a bit.♥'",
                                         "'Such an interesting sensation to step on a dick.'"]
                        },
                        {
                            "lineTrigger": "UsesMove",
                            "move": "Dragon Tailjob",
                            "theText": [ "'I have heard humans find tails fascinating, testing now.'",
                                         "'Such a strange fetish for one to have, but I will indulge in the name of science.'",
                                         "'What is with that face, human? Are you enjoying this?'"]
                        },
                        {
                            "lineTrigger": "UsesMove",
                            "move": "Dragon TailStroke",
                            "theText": [ "'How does this feel, human?'",
                                         "'I can't lie, I am enjoying this quite a bit.♥'",
                                         "'Such an interesting sensation to wrap my tail around a dick.'"]
                        },

                        {
                            "lineTrigger": "StanceStruggle",
                            "move": "Sex",
                            "theText": [ "{ThePlayerName} struggles to pull out of {AttackerName}'s magically lubricated pussy..."]
                        },
                        {
                            "lineTrigger": "StanceStruggleFree",
                            "move": "Sex",
                            "theText": [ "And manages to escape her pussy!"]
                        },

                        {
                            "lineTrigger": "StanceStruggle",
                            "move": "Anal",
                            "theText": [ "{ThePlayerName} struggles to pull out of {AttackerName}'s tight asshole..."]
                        },
                        {
                            "lineTrigger": "StanceStruggleFree",
                            "move": "Anal",
                            "theText": [ "And breaks free from her tight ass!"]
                        },

                        {
                            "lineTrigger": "StanceStruggle",
                            "move": "Blowjob",
                            "theText": [ "{ThePlayerName} struggles to push {AttackerName}'s mouth away from {TargetHisOrHer} shaft..."]
                        },
                        {
                            "lineTrigger": "StanceStruggleFail",
                            "move": "Blowjob",
                            "theText": [ "But as she takes your cock's full length into her mouth and sucks on it hard, you can't bring yourself to push her away!",
                                         "But she firmly locks her arms around your waist and keeps bobbing her head as she sucks your cock!",
                                         "But a surge of magical power flows from her mouth into your cock, and your knees buckle from pleasure as she continues bobbing her head."]
                        },
                        {
                            "lineTrigger": "StanceStruggleComment",
                            "move": "Blowjob",
                            "theText": [ "Lewd, wet sounds emanate from her mouth.",
                                         "Loud slurping sounds escape her mouth.",
                                         "'Do not attempt to escape, this will be over soon.'"]
                        },
                        {
                            "lineTrigger": "StanceStruggleFree",
                            "move": "Blowjob",
                            "theText": [ "And manage to get her magical mouth away from your dick!"]
                        },
                        {
                            "lineTrigger": "StanceStruggleFreeComment",
                            "move": "Blowjob",
                            "theText": [ "She gives you an angry glare and returns to a standing position.",
                                         "'Your refusal to participate in these experiments is frustrating.'",
                                         "'No matter, you will cum for me regardless.'"]
                        },

                        {
                            "lineTrigger": "StanceStruggle",
                            "move": "Footjob",
                            "theText": [ "{ThePlayerName} struggles to escape from the grinding feet of {AttackerName}..."]
                        },
                        {
                            "lineTrigger": "StanceStruggleFree",
                            "move": "Footjob",
                            "theText": [ "And pushes her feet away!"]
                        },

                        {
                            "lineTrigger": "StanceStruggle",
                            "move": "Tailjob",
                            "theText": [ "{ThePlayerName} tries to get out of the coiled tail of {AttackerName}..."]
                        },
                        {
                            "lineTrigger": "StanceStruggleFree",
                            "move": "Tailjob",
                            "theText": [ "And escapes the tail that wrapped around {TargetHisOrHer} cock!"]
                        },

                        {
                            "lineTrigger": "StanceStruggle",
                            "move": "Making Out",
                            "theText": [ "{ThePlayerName} tries to escape from the embrace of {AttackerName}..."]
                        },
                        {
                            "lineTrigger": "StanceStruggleFree",
                            "move": "Making Out",
                            "theText": [ "And manages to break free of the make out session!"]
                        },


                        {
                            "lineTrigger": "LowHealth",
                            "move": "",
                            "theText": [ "'T-This isn't how it is supposed to be.'",
                                         "'You are nothing but a test subject, why won't you just give in.'",
                                         "'Haa... This is bad...'"]
                        },
                        {
                            "lineTrigger": "PlayerLowHealth",
                            "move": "",
                            "theText": [ "'Excellent, soon I will have the results I need, and will be able to upgrade my techniques.'",
                                         "'You could simply cease your struggles and submit if you are that tired.'",
                                         "The blue dragon licks her lips as she looks at your weary state."]
                        },
                        {
                            "lineTrigger": "OnPlayerOrgasm",
                            "move": "",
                            "theText": [ "As you cum she quickly grabs your cock with her hand and forces your cum into a glass tube.",
                                         "'Excellent, what a helpful little lab rat.♥'",
                                         "'That isn't nearly enough, I require more cum from you..."]
                        },
                        {
                            "lineTrigger": "OnOrgasm",
                            "move": "",
                            "theText": [ "'KYYAAAHH.'",
                                         "She shudders and collapses to her knees in pleasure.",
                                         "'I-I won't forget this!'"]
                        },
                        {
                            "lineTrigger": "OnSurrender",
                            "move": "",
                            "theText": [ ""]
                        }
                      ],
  "victoryScenes": [
            {
                "NameOfScene": "",
                "move": "",
                "stance": "",
                "includes": [ ""],
                "theScene": [ ""
                          ],
                "picture": ""
            }
        ],
"pictures": [
              {
                  "Name": "Base",
                  "StartOn": "1",
                  "AlwaysOn": "1",
                  "IsScene": "0",
                  "TheBody": "1",
                  "Overlay": "No",
                  "setXalign": "-0.03",
                  "setYalign": "0.15",
                  "Images": [
                  {
                      "Name": "Base",
                      "File": "../Mods/Dragon/Images/BlueDragon.png",
                      "setXalign": "0.0",
                      "setYalign": "0.0"
                  }
                ]
              }
            ]

    }
