 {
    "name": "Purple Dragon",
    "IDname": "Purple Dragon",
    "species": "Dragon",
    "gender": "female",
    "description": "An imposingly tall woman with a vibrantly pink-purple midsection, and silver-white legs. She has modest breasts which only help to accentuate her long legs and slender feet, and her long, segmented purple tail that moves about energetically to accentuate her movements and words.",
    "encyclopedia": "Strongest of the single color chromatic dragons, the Purple Dragon flaunts her superiority over others by displaying a flirtatious and charismatic personality. She routinely ventures off Dragon Spire and the nearby mountains to visit human and monster girl settlements nearby due to her love of adventure. Her powerful breath attack couple with her feet and leg attacks makes her truly a ferocious foe.",
    "tags": "none",
    "generic": "True",
    "requires": [ ""],
    "skillList": [ "Purple Haze", "Dragon Kiss", "Dragon Deep Kiss", "Dragon Breast Press", "Dragon Tease", "Dragon Footjob", "Dragon Foot Stroke", "Dragon Tailjob", "Dragon Tail Stroke", "Purple Foot Pump", "Lascivious Leg Lock", "Purple Thigh Pump", "Purple Thigh Squeeze", "Lavender Thighjob", "Purple Foot Work", "Lap of Luxury", "Lover's Embrace"],
    "perks": [ "Clingy", "Powerful Feet"],
    "stats": { "lvl": "50",
              "Exp": "500",
              "max_hp": "350",
              "max_ep": "125",
              "max_sp": "3",
              "Power": "50",
              "Technique": "55",
              "Intelligence": "55",
              "Allure": "55",
              "Willpower": "45",
              "Luck": "40"
    },
    "Fetishes": [ "Pain"],
    "BodySensitivity": { "Sex": "75",
              "Ass": "75",
              "Breasts": "50",
              "Mouth": "150",
              "Seduction": "75",
              "Magic": "30",
              "Pain": "75",
              "Holy": "100",
              "Unholy": "100"
    },
    "resistancesStatusEffects": {
              "Stun": "50",
              "Charm": "50",
              "Aphrodisiac": "50",
              "Restraints": "-25",
              "Sleep": "50",
              "Trance": "50",
              "Paralysis": "50",
              "Debuff": "50"
    },
    "moneyDropped": "1000",
    "ItemDropList": [
                      {
                        "name": "Purple Dragon Scale",
                        "dropChance": "75"
                      }
                    ],
    "lossScenes": [
                    {
                        "NameOfScene": "Purple Dragon General Loss",
                        "move": "",
                        "stance": "",
                        "includes": [ ""],
                        "theScene": [ "With the last of your strength failing you, you stumble away from the tall purple figure, desperate to catch your breath.",
                                      "Speaks",
                                      "Done already? But I was just starting to enjoy your companionship.♥",
                                      "Speaks",
                                      "Maybe you could stick around for a while and keep me company? I know I'd enjoy that.♥",
                                      "Unable to stop her advances you let out a low groan, to which she simply giggles and begins to approach you.",
                                      "Speaks",
                                      "Y'know, you got me so wet during our fight earlier, I think it's only fair that you finish the job that you started.",
                                      "She straightens out your body so that your front is exposed to the open air, and now straddling your body begins to lower herself so that her pussy brushes against your dick, which slowly rises to meet her.",
                                      "Speaks",
                                      "Maybe I didn't exhaust {i}all{/i} of you just yet.♥",
                                      "As your member stiffens the purple dragon's tail snakes towards your dick and helps it stand up to guide it into her waiting pussy.",
                                      "You can only let out a weak moan as your manhood easily enters her wet pussy, and once she has you inside her, her tail releases your dick, and begins to sink down on your shaft until she rests at the base of your pelvis.",
                                      "Immediately she begins to ride you with a sense of grace that would arouse you further were it not for your exhaustion. Her graceful and sensual movements keep the aching feelings in your body from extending to your manhood.",
                                      "She continues to ride you, her hips diving deep when she plunges you into her, and at several times you feel a pressure build up inside you, but no matter how much you long to let loose she pulls back, and the comforting feeling of her pussy vanishes for just long enough to deny you release.",
                                      "Speaks",
                                      "I can't let you cum again so easily darling. After all, think about how much better it would be if we came together.",
                                      "You breathlessly nod, completely lost at her control of the situation, as she picks up speed in riding you, her pace returns the pressure to your groin again, but even with her intense speed you can't bring yourself to cum inside her.",
                                      "Her movements become frantic, as her flirtatious and cheerful disposition completely melts away into an almost incoherently lewd grin as she bounces rapidly. You can hear from her this breathy, quiet panting of horny enjoyment.",
                                      "She locks eyes with you as she continues riding you, and see for a second as her eyes glow purple she howls out in pleasure as her pussy tightens around your member. As she howls the pressure building up in your dick finally is allowed to release, and you suffer an intense orgasm.",
                                      "PlayerOrgasm", "1",
                                      "However, the purple dragon does not stop for a second while riding you, continuing her movements even while her pussy has a tight hold on your dick. The continued movements help to milk out every last drop built up inside you, and as her movements slow you are sweating, and once again struggle for breath as she looks down at you with a smug grin.",
                                      "Speaks",
                                      "Haaaa.♥ That wasn't so hard now was it, deary?",
                                      "You offer no response, as exhaustion and euphoria battle inside you. Finally, exhaustion takes over and you begin to black out, but not before you feel the dragon lady place a kiss on your forehead, and you see her wave goodbye at you.",
                                      "Speaks",
                                      "Farewell for now.♥ If you wanna do this again, I'm sure you know which mountain to climb.♥",
                                      "ChangeFetish", "Sex", "5",
                                      "ChangeSensitivity",
                                      "Sex",
                                      "10",
                                      "GameOver"],
                        "picture": ""
                    },
                    {
                        "NameOfScene": "Purple Dragon Footjob Loss",
                        "move": "",
                        "stance": "Footjob",
                        "includes": [""],
                        "theScene": [
                        "You lay on the ground, gasping for breath as the purple dragon stands above you, her foot still firmly planted on top of your dick.",
                        "She beams down at you with a wicked grin that betrays her sexual intent to toy with you.",
                        "Speaks",
                        "Oh dear, it seems like you've run out of strength to fight back. But perhaps we can wring a bit more cum from you.♥",
                        "Her eyes seem to glow for a second as her foot slides up and down your dick, before her heel rests atop your balls, and she slowly begins to apply pressure onto you.",
                        "Speaks",
                        "A perfect place to be for someone like you, ground underneath the true masters of the world.♥",
                        "She compounds the word ground by moving her heel back and forth, earning her a yelp from you as the sensation sends a strangely pleasurable jolt of pain through your balls.",
                        "She laughs as her toes grip the shaft of your penis, lifting her heel off you for a moment as she uses her toes to slowly stroke the length of your member.",
                        "As you deal with the conflicting sensations from the tightly gripping toes of the purple dragon, you feel her grab your calves, and she lazily holds your legs at her sides as her foot continues to dominate your groin.",
                        "Her toes dance along your dick, occasionally coming to the tip to rest her big toe on your slit, as she mockingly looks down at you.",
                        "Speaks",
                        "Pathetic little thing aren't you? Can't even do anything to fight back against me.",
                        "She moves your legs around in little circles, gently moving your groin against her foot as she chuckles.",
                        "Speaks",
                        "Maybe it's time for me to stop toying with my food. What do you say?",
                        "Before you can respond she raises her foot above your dick and quickly stomps down onto your groin, smashing your dick flat against you.",
                        "The sudden shock of her foot slamming into your dick combined with the pain courses through you, and you can't help but shamelessly cum at the stimulation that surged through your dick.",
                        "PlayerOrgasm", "1",
                        "You end up cumming all over your own stomach, and the lingering pain leaves you breathless and exhausted as the purple dragon snickers at you, still towering over your prone body.",
                        "Wordlessly she drops yours legs back to the ground, and drops to her knees as she slowly licks the cum off your stomach, while massaging your weary balls.",
                        "You feel your body start to rebel against consciousness, and see that purple dragon place a kiss on your cheek as she finishes running her tongue along your body and turns to leave.",
                        "It's all you can do to stay conscious as you see her perfect athletic body walk away from you, as your vision starts to blur and your consciousness fades...",
                        "ChangeFetish", "Feet", "5",
                        "ChangeSensitivity",
                        "Sex",
                        "10",
                        "GameOver"],
                        "picture": ""
                    },
                    {
                        "NameOfScene": "Purple Dragon Wrestling Thigh Loss",
                        "move": "",
                        "stance": "Thighjob",
                        "includes": [""],
                        "theScene": [
                        "You cry out in pleasure as the purple dragon uses her thighs to milk out the last of your fighting spirit.",
                        "As you go limp from exhaustion you see her expression turn from joyful smile to a sadistic grin.",
                        "Speaks",
                        "Oh dear, it seems you weren't able to keep up with me. I guess I'll toy with you for a bit now that you can't fight back.",
                        "Her thigh flexes and clenches around your member, still aching from the fight.",
                        "With her thigh tightly locked around you, she starts to slowly move it up and down, using the friction to jerk you off.",
                        "Each small movement of her legs sends a ripple of both pain and pleasure through you, and it takes all your remaining energy to hold back from making any sounds.",
                        "As you struggle with the sensations from her thighs, the purple dragon raises her free foot and presses it against your face.",
                        "She presses the balls of her foot into your nose, as her toes rest just above your eyes. The smell wafts into your nose. It smells almost pleasant somehow, and you feel compelled to lick at her sole.",
                        "Speaks",
                        "Worship them all you want, but it won't get you out of this.♥",
                        "Her thigh begins to move more rapidly, snapping you out of the trance her foot placed you in, as wave after wave of pleasure begins to streak through your tired member.",
                        "The dragon releases the tension in her leg slightly and increases her speed, bringing you to the edge of cumming far sooner than you thought. Your body aches and you begin to pant with exhaustion, as the purple dragon presses her sole over your mouth, and uses her toes to grip your nose shut.",
                        "Your breath gets caught in your mouth for a second, as the taste of flesh ands sweat enters your mouth. The sudden deprivation of oxygen in such a moment makes you instantly lightheaded, and your weak struggles are met with demeaning laughter.",
                        "Your struggles prove pointless after a few more moments as one last pump of the purple dragon's leg causes you to fire off a load of cum into the air, which splatters messily all over her body.",
                        "PlayerOrgasm", "1",
                        "As she absorbs the cum into her body through her skin, she pulls her foot off of your face. Her toes wiggle in front of your face as she pulls her leg away.",
                        "She stands up, leaving you in a heap on the floor, and with a condescending wink and nothing more she walks away, her confident stride places emphasis on her legs, and you can't help but watch as you begin to lose consciousness.",
                        "ChangeFetish",
                        "Pain",
                        "5",
                        "ChangeFetish",
                        "Legs",
                        "5",
                        "ChangeSensitivity",
                        "Sex",
                        "5",
                        "GameOver"],
                        "picture": ""
                    }
                  ],
    "combatDialogue": [
      {
          "lineTrigger": "HitWith",
          "move": ["Spank", "Pinch Nipples"],
          "theText": [ "'Ho? Do you want to play rough darling? Well how about I show you how rough I can be.'",
                       "'{I} Have I been a naughty little dragon?{/i}'",
                       "'Oh yes, please punish me more.♥'"]
      },
      {
          "lineTrigger": "HitWith",
          "move": ["Whip", "Demon Layer"],
          "theText": [ "'Oh? What a fancy little toy!♥'",
                       "'I do love punishment, it really gets my blood pumping.♥'",
                       "'Ohhhhh.♥'"]
      },
      {
          "lineTrigger": "HitWith",
          "move": "Holy Headpat",
          "theText": [ "'Hm? What in the world are you doing?'",
                       "'Was that an attack or an attempt at flirting?'",
                       "'I'm gonna grind your balls for that.'"]
      },
      {
          "lineTrigger": "HitWith",
          "move": ["Bondage Net", "Magical Binding", "Pin"],
          "theText": [ "'Ohhh noooo, I've been caught.♥'",
                       "{TargetName} wriggles her body suggestively, suggesting she doesn't mind the restraints.",
                       "'And what are you planning on doing with me now, big boy?'"]
      },
      {
          "lineTrigger": "HitWith",
          "move": ["Finger", "Dildo"],
          "theText": [ "'Teasing me with imitations of the real thing? Not cool babe.'",
                       "'Come on, why don't you show me the real deal? Are you scared?'",
                       "'Haa, why don't you try something capable of actually pleasuring me?'"]
      },
      {
          "lineTrigger": "HitWith",
          "move": ["Arouse", "Arousara", "Arousero"],
          "theText": [ "'Magic? Oh honey what in the world are you doing?'",
                       "'Seems you haven't trained with my sister blue yet.'",
                       "'Matching magic with a dragon will ensure I step on your dick.♥'"]
      },
      {
          "lineTrigger": "HitWith",
          "move": "Electrify",
          "theText": [ "'Ooohhh, this is some kinky magic!♥'",
                       "'Ah yeah, now that has some kick to it!'",
                       "'Maybe human magic isn't sooo bad.♥'"]
      },
      {
          "lineTrigger": "HitWith",
          "move": ["Grope Ass", "Squeeze Ass", "Massage Ass", "Fondle Ass"],
          "theText": [ "'Oh yeah baby! Give that ass a feel!'",
                       "'Maybe you could also admire it from the inside?♥'",
                       "'Impressed by my ass right? Maybe you could feel it better with your dick.♥'"]
      },
      {
          "lineTrigger": "HitWith",
          "move": ["Breast Caress", "Breast Knead", "Breast Massage", "Breast Fondle"],
          "theText": [ "'Oh, I love the way you work your fingers darling.♥'",
                       "'Got a thing for boobs deary? Hope you don't run into some of my sisters.'",
                       "'That's the ticket deary, keep it up.♥'"]
      },
      {
          "lineTrigger": "HitWith",
          "move": "Suckle",
          "theText": [ "'You want a taste of me? I'm sure I've got other places you could try.♥'",
                       "'Oooh yeah baby, use more of that tongue.♥'",
                       "'Why don't we move on to something more... intimate?♥'"]
      },
      {
          "lineTrigger": "HitWith",
          "move": "Anal Penetration",
          "theText": [ "'Oh yes! Finally on to the main course!♥'",
                       "'Mmmm, I love feeling you inside me.♥'",
                       "'Time to get serious is it deary? Well I hope you're prepared.♥'"]
      },
      {
          "lineTrigger": "HitWith",
          "move": "Penetrate",
          "theText": [ "'Oh yes! Finally on to the main course!♥'",
                       "'Mmmm, I love feeling you inside me.♥'",
                       "'Time to get serious is it deary? Well I hope you're prepared.♥'"]
      },
      {
          "lineTrigger": "HitWith",
          "move": ["Thrust", "Channeling Thrust", "Empowered Thrust", "Pound", "Multi Thrust", "Carrying Fuck"],
          "theText": [ "'Mnnnn♥ That's it!♥'",
                       "{i}'More!♥'{/i}",
                       "'Oh yes baby, give it to me!♥'",
                       "'Are you warmed up for me?'"]
      },
      {
          "lineTrigger": "HitWith",
          "move": ["Tantric Thrust", "Passionate Lovemaking"],
          "theText": [ "'Oh you're going to drive me crazy.♥'",
                       "'This feels good♥ Woah!♥ We can't stop yet!♥'",
                       "'You're so cute-♥ Come on-♥ Thrust more-♥'"]
      },
      {
          "lineTrigger": "HitWithA",
          "move": ["Pound", "Thrust", "Channeling Thrust", "Multi Thrust", "Empowered Thrust", "Carrying Fuck", "Anal Piston"],
          "theText": [ "'Mnnnn♥ That's it!♥'",
                       "{i}'More!♥'{/i}",
                       "'Oh yes baby, give it to me!♥'",
                       "'Are you warmed up for me?'"]
      },
      {
          "lineTrigger": "HitWithA",
          "move": ["Tantric Thrust", "Passionate Lovemaking"],
          "theText": [ "'Oh you're going to drive me crazy.♥'",
                       "'This feels good♥ Woah!♥ We can't stop yet!♥'",
                       "'You're so cute-♥ Come on-♥ Thrust more-♥'"]
      },
      {
          "lineTrigger": "HitWith",
          "move": ["Charm", "Charm Wave"],
          "theText": [ "'Oh, you're just {i}irresistible{/i}.'",
                       "'Come here cutie, I want to have some fun with you.♥'",
                       "'I'm impressed your sexy magic is driving me this wild.♥'"]
      },
      {
          "lineTrigger": "HitWith",
          "move": "Sleep",
          "theText": [ "'You want me to take a nap? Just promise you don't do fun things while I'm asleep.♥'",
                       "'Oh ho? Well I guess I could use a nap, enjoy watching me sleep, stud.♥'",
                       "{TargetName} yawns as she bats her eyes at you flirtatiously."]
      },
      {
          "lineTrigger": "HitWith",
          "move": ["Enfeeble", "Sensitize"],
          "theText": [ "'Oh, now this could be problematic.'",
                       "'If you really need the handicap.♥'",
                       "'I hope I can enjoy this even more now!'"]
      },
      {
          "lineTrigger": "HitWith",
          "move": "Disarming Appeal",
          "theText": [ "'Well maybe you deserve a break.♥'",
                       "'If you really need the handicap.♥'",
                       "'Awww, well aren't you just the cutest thing.♥'"]
      },
      {
          "lineTrigger": "HitWith",
          "move": ["Kiss", "Make Out"],
          "theText": [ "'Wha- Ohhhh.♥'",
                       "'Heehee,♥ how {i}romantic.♥{/i}'",
                       "'I'm going to make this end, {i}poorly{/i} for you.'"]
      },
      {
          "lineTrigger": "HitWith",
          "move": ["Deep Kiss", "Lovingly Rough Kiss", "Sensually Seductive Kiss", "Skillfully Passionate Kiss", "Misty Kiss"],
          "theText": [ "'Wha- Ohhhh.♥'",
                       "'If you keep this up I'll have no other choice but to fuck you.♥'",
                       "'Come on,♥ more.♥'"]
      },
      {
          "lineTrigger": "HitWith",
          "move": ["Seduce", "Enamor", "Smoldering Seduction", "Smoldering Flaunt", "Massaging Seduction", "Mass Seduction"],
          "theText": [ "'Watch out, I think I'm falling for you.'",
                       "'If you keep acting this cute I might have to keep you as a pet.♥'",
                       "'Come on cutie, I'm down for some more flirting.♥'"]
      },
      {
          "lineTrigger": "HitWith",
          "move": "Ear Tease",
          "theText": [ "'Do you like my ears, or was this just a chance to look at my horns?'",
                       "'Oh you tease, maybe I will have to fuck you for this.♥'",
                       "She gives a flirting laugh as your breath tickles her ear."]
      },
                        {
                            "lineTrigger": "UsesMove",
                            "move": "Lavender Thighjob",
                            "theText": [ "'Oh? Are you falling for my thighs, human?'",
                                         "'I'll put you under my spell sooner or later.♥'",
                                         "'Just give in and thrust into my thighs.♥'"]
                        },
                        {
                            "lineTrigger": "UsesMove",
                            "move": "Lascivious Leg Lock",
                            "theText": [ "'Haa, I caught you.♥",
                                         "'Right into my trap.♥'",
                                         "'How're my legs, human?'"]
                        },
                        {
                            "lineTrigger": "UsesMove",
                            "move": "Purple Thigh Pump",
                            "theText": [ "'Can you handle this speed, human?♥'",
                                         "'I'm not letting you get away.♥'",
                                         "'I'm gonna milk you dry.♥'"]
                        },
                        {
                            "lineTrigger": "UsesMove",
                            "move": "Purple Thigh Squeeze",
                            "theText": [ "'Squeeeezee.♥♥'",
                                         "'Just submit to my thighs.♥'",
                                         "'I'm gonna milk you dry.♥'"]
                        },
                        {
                            "lineTrigger": "UsesMove",
                            "move": "Purple Foot Pump",
                            "theText": [ "'Come on, break free already.'",
                                         "'Hehe, this is making your cock throb.♥'",
                                         "'Do you like my feet?'"]
                        },
                        {
                            "lineTrigger": "UsesMove",
                            "move": "Purple Foot Work",
                            "theText": [ "'My feet are quite nimble.'",
                                         "'Don't feel bad if you lose to my feet, I'll let you worship them after.♥'",
                                         "'Come now, I wanna feel your cock explode from my toes.'"]
                        },
                        {
                            "lineTrigger": "UsesMove",
                            "move": "Purple Haze",
                            "theText": [ "'Drown in my breath!'",
                                         "'Can you keep up now?'",
                                         "'Now become hopelessly addicted to my powerful breath!♥'"]
                        },
                        {
                            "lineTrigger": "UsesMove",
                            "move": "Lover's Embrace",
                            "theText": [ "'You're not getting away now.♪'",
                                         "'Is this...too intimate for you?'",
                                         "'I want to feel your cock throbbing inside me!'"]
                        },
                        {
                            "lineTrigger": "UsesMove",
                            "move": "Lap of Luxury",
                            "theText": [ "'I'm not letting you get away...♥'",
                                         "'Just relax and give in to the pleasure.♥'",
                                         "'Maybe give them a kiss while I take over.♥'"]
                        },
                        {
                            "lineTrigger": "UsesMove",
                            "move": "Dragon Kiss",
                            "theText": [ "'Hmm, isn't this kinda romantic?'",
                                         "'Mwah!♥'",
                                         "'Hmmm...♥'"]
                        },
                        {
                            "lineTrigger": "UsesMove",
                            "move": "Dragon Deep Kiss",
                            "theText": [ "'Hahhhh...♥'",
                                         "'Hehe...♥'",
                                         "'Mnnnn...♥'"]
                        },
                        {
                            "lineTrigger": "UsesMove",
                            "move": "Dragon Breast Press",
                            "theText": [ "'Can you withstand my breasts, human?'",
                                         "'Go on and give them a squeeze.♥'",
                                         "'Heheheh.♥'"]
                        },
                        {
                            "lineTrigger": "UsesMove",
                            "move": "Dragon Tease",
                            "theText": [ "'See anything you like, human?♥'",
                                         "'Are my legs enthralling you?'",
                                         "'Don't you wanna fuck me?'"]
                        },
                        {
                            "lineTrigger": "UsesMove",
                            "move": "Dragon Footjob",
                            "theText": [ "'Caught ya! Time to make you squirm.♥'",
                                         "'You look great under my foot, squirming around like that.♥'",
                                         "'You make a pretty good floormat.♥'"]
                        },
                        {
                            "lineTrigger": "UsesMove",
                            "move": "Dragon FootStroke",
                            "theText": [ "'Don't my soles feel great on you?'",
                                         "'I love the feeling of you underneath me.♥'",
                                         "'Cum to my feet's power already.♥'"]
                        },
                        {
                            "lineTrigger": "UsesMove",
                            "move": "Dragon TailJob",
                            "theText": [ "'Caught ya! Time to make you squirm.♥'",
                                         "'Are you gonna struggle against the softness of my tail?'",
                                         "'How will you escape the clutches of my tail?'"]
                        },
                        {
                            "lineTrigger": "UsesMove",
                            "move": "Dragon TailStroke",
                            "theText": [ "'You can't even resist the temptation of my tail.'",
                                         "'Now to milk you dry.♥'",
                                         "'Thrust your hips along with my tail, I promise you'll love it.♥'"]
                        },

                        {
                            "lineTrigger": "StanceStruggle",
                            "move": "Sex",
                            "theText": [ "{ThePlayerName} struggles to pull out of {AttackerName}'s magically lubricated pussy..."]
                        },
                        {
                            "lineTrigger": "StanceStruggleFree",
                            "move": "Sex",
                            "theText": [ "And manages to escape her pussy!"]
                        },

                        {
                            "lineTrigger": "StanceStruggle",
                            "move": "Anal",
                            "theText": [ "{ThePlayerName} struggles to pull out of {AttackerName}'s tight asshole..."]
                        },
                        {
                            "lineTrigger": "StanceStruggleFree",
                            "move": "Anal",
                            "theText": [ "And breaks free from her tight ass!"]
                        },

                        {
                            "lineTrigger": "StanceStruggle",
                            "move": "Tailjob",
                            "theText": [ "{ThePlayerName} struggles to pull out of {AttackerName}'s tightly coiled tail..."]
                        },
                        {
                            "lineTrigger": "StanceStruggleFree",
                            "move": "Tailjob",
                            "theText": [ "And breaks free from her gripping tail!"]
                        },

                        {
                            "lineTrigger": "StanceStruggle",
                            "move": "Footjob",
                            "theText": [ "{ThePlayerName} struggles to escape from the grinding feet of {AttackerName}..."]
                        },
                        {
                            "lineTrigger": "StanceStruggleFail",
                            "move": "Footjob",
                            "theText": [ "But she grips the head of your penis between her toes, and skillfully continues to jerk you off.",
                                         "But she grinds her heel into your balls, a pained yelp escapes you as you stop your escape.",
                                         "But her smooth soles rub along the shaft of your dick, and the wave of pleasure ends your escape."]
                        },
                        {
                            "lineTrigger": "StanceStruggleComment",
                            "move": "Footjob",
                            "theText": [ "'Now now, why would you want to escape my feet?♥'",
                                         "'Just accept your place under my feet.♥",
                                         "'I love feeling you squirm under my feet.♥'"]
                        },
                        {
                            "lineTrigger": "StanceStruggleFree",
                            "move": "Footjob",
                            "theText": [ "And pushes the dominating feet away!"]
                        },
                        {
                            "lineTrigger": "StanceStruggleFreeComment",
                            "move": "Footjob",
                            "theText": [ "'Oh? I thought you liked my feet?'",
                                         "'Wouldn't it be easier to just lay back and enjoy my feet?'",
                                         "'Maybe I should switch to my thighs?'"]
                        },

                        {
                            "lineTrigger": "StanceStruggle",
                            "move": "Thighjob",
                            "theText": [ "{ThePlayerName} tries to get out of the muscular thighs of {AttackerName}..."]
                        },
                        {
                            "lineTrigger": "StanceStruggleFail",
                            "move": "Thighjob",
                            "theText": [ "But her thighs begins to stroke your cock faster, and the overwhelming pleasure buckles your knees.",
                                         "But she presses a foot into your face, and uses her other thigh to continue jerking off your dick.",
                                         "But her thighs flex harder, and the sudden wave of pleasure keeps you in place."]
                        },
                        {
                            "lineTrigger": "StanceStruggleComment",
                            "move": "Thighjob",
                            "theText": [ "'Why resist against my legs? This must be one of the best experiences on earth.♥'",
                                         "'Just accept my thighs warm embrace, I know you'll be cumming in no time thanks to it.'",
                                         "'Just cum already, I know you want to just let go.♥'"]
                        },
                        {
                            "lineTrigger": "StanceStruggleFree",
                            "move": "Thighjob",
                            "theText": [ "And escapes the thighs that trapped {TargetHisOrHer} cock!"]
                        },
                        {
                            "lineTrigger": "StanceStruggleFreeComment",
                            "move": "Thighjob",
                            "theText": [ "'Huh? Why are you still running?'",
                                         "'No, don't run away, I wanna feel you cum between my thighs!'",
                                         "'That's no fun if you just keep running away!'"]
                        },

                        {
                            "lineTrigger": "StanceStruggle",
                            "move": "Making Out",
                            "theText": [ "{ThePlayerName} tries to escape from the embrace of {AttackerName}..."]
                        },
                        {
                            "lineTrigger": "StanceStruggleFree",
                            "move": "Making Out",
                            "theText": [ "And manages to break free of the make out session!"]
                        },


                        {
                            "lineTrigger": "LowHealth",
                            "move": "",
                            "theText": [ "'Hah... I'm being pushed this far?'",
                                         "'You're pretty good, I hope you can keep pleasing me.♥'",
                                         "'I didn't think a human could be this good!"]
                        },
                        {
                            "lineTrigger": "PlayerLowHealth",
                            "move": "",
                            "theText": [ "'You're slowing down, want me to make you cum?'",
                                         "'Heh... I can feel it...♥ You're getting close...♪'",
                                         "'Just give in to your urges and cum for me.'"]
                        },
                        {
                            "lineTrigger": "OnPlayerOrgasm",
                            "move": "",
                            "theText": [ "You grunt, trying to resist your incoming ejaculation, but the purple dragon leans in and breathes a puff of her breath attack into your face, and the overwhelming magical power causes you to release your load.",
                                         "'Yes! Keep cumming just like that!♥'",
                                         "'Awww, couldn't hold it in any longer, could you?'"]
                        },
                        {
                            "lineTrigger": "OnPlayerOrgasm",
                            "move": "Footjob",
                            "theText": [ "The draconic woman continues using her skilled feet to jerk off your cock as you fire off a load of cum, watching it splatter against her midsection.",
                                         "The purple dragon laughs as she presses your cock flat to your body, and laughs as she feels your load build up. Then, in a flash your load shoots out with incredible speeds as she uses her toes to pull your dick up, releasing all the pressure that had built up.",
                                         "'Hah!♥ I love feeling you cum under my feet!'"]
                        },
                        {
                            "lineTrigger": "OnPlayerOrgasm",
                            "move": "Thighjob",
                            "theText": [ "The purple dragon laughs as you squirm in between her thighs, and before long she presses them together with incredible force, and as you cum you watch a slow stream of cum rise up out of her thighs.",
                                         "'Hah!♥ I love feeling you cum between my thighs!'",
                                         "'I knew you wouldn't be able to resist the power of my thighs!'"]
                        },
                        {
                            "lineTrigger": "OnOrgasm",
                            "move": "",
                            "theText": [ "'Ohhhhhh!♥ Mnnnn...♥ Ughhh... D-Did I underestimate you...'",
                                         "'AHHH-AAAHHHH!!!♥♥♥ Mmm...♥ I think I really needed that actually...'",
                                         "'MNNNN!!!♥♥♥ G-Good job...♥'"]
                        },
                        {
                            "lineTrigger": "OnSurrender",
                            "move": "",
                            "theText": [ "'Giving up? Well I guess I'll torment you with my thighs until I'm satisfied.'",
                                         "'Giving up? Well I guess I'll torment you with my feet until I'm satisfied.'",
                                         "'There are no quitters on this mountain, I will send you back ragged and weary now.'"]
                        }
                      ],
  "victoryScenes": [
            {
                "NameOfScene": "",
                "move": "",
                "stance": "",
                "includes": [ ""],
                "theScene": [ ""
                          ],
                "picture": ""
            }
        ],
"pictures": [
              {
                  "Name": "Base",
                  "StartOn": "1",
                  "AlwaysOn": "1",
                  "IsScene": "0",
                  "TheBody": "1",
                  "Overlay": "No",
                  "setXalign": "0.0",
                  "setYalign": "0.18",
                  "Images": [
                  {
                      "Name": "Base",
                      "File": "../Mods/Dragon/Images/PurpleDragon.png",
                      "setXalign": "0.0",
                      "setYalign": "0.0"
                  }
                ]
              }
            ]

    }
