{
    "name": "Red Dragon",
    "IDname": "Red Dragon",
    "species": "Dragon",
    "gender": "female",
    "description": "A short, plump girl with a cheery disposition. This dragon's only relation to her color is her orange-red hair and her bubbly personality and warm smile. She has the second largest tits of the dragon family and can utilise them, her thighs, and her rather large tail for devastating pleasing attacks.",
    "encyclopedia": "One of the shortest of all dragon girls, the Red Dragon differs from the Green Dragon by trying to be overly friendly in an attempt to prevent humans and monster girls from bullying her. The Red Dragon is a fan of naps and to rest your head on her pillowy breasts is said to feel like napping on top of a heated bed. Her breath attack feeds into this by making her opponents drowsy, drawing them into the warming allure of her breasts.",
    "tags": "none",
    "generic": "True",
    "requires": [ ""],
    "skillList": [ "Drowsy Breath", "Beckoning Lair", "Beckoning Lair", "Dragon Kiss", "Dragon Deep Kiss", "Dragon Breast Press", "Dragon Tease", "Dragon Footjob", "Dragon Foot Stroke", "Dragon Tailjob", "Dragon Tail Stroke", "Warming Cushions", "Warming Cushions", "Between Two Soft Places", "Flirting Thighs", "Bouncing Pillows", "Alternating Titjob", "Overwhelming Breasts", "Overwhelming Breasts", "Overwhelming Breasts", "Unstoppable Fucking", "Cheerful Bouncing", "Unstoppable Fucking", "Cheerful Bouncing"],
    "perks": [ "Clingy", "Gazongas"],
    "stats": { "lvl": "40",
              "Exp": "150",
              "max_hp": "650",
              "max_ep": "100",
              "max_sp": "1",
              "Power": "50",
              "Technique": "30",
              "Intelligence": "30",
              "Allure": "30",
              "Willpower": "40",
              "Luck": "20"
    },
    "Fetishes": [ ""],
    "BodySensitivity": { "Sex": "100",
              "Ass": "125",
              "Breasts": "90",
              "Mouth": "100",
              "Seduction": "100",
              "Magic": "50",
              "Pain": "125",
              "Holy": "100",
              "Unholy": "100"
    },
    "resistancesStatusEffects": {
              "Stun": "50",
              "Charm": "50",
              "Aphrodisiac": "50",
              "Restraints": "50",
              "Sleep": "100",
              "Trance": "50",
              "Paralysis": "50",
              "Debuff": "0"
    },
    "moneyDropped": "500",
    "ItemDropList": [
                      {
                        "name": "Red Dragon Scale",
                        "dropChance": "75"
                      }
                    ],
    "lossScenes": [
                    {
                        "NameOfScene": "Red Dragon Lead Into Titjob",
                        "move": "",
                        "stance": "",
                        "includes": [ "Red Dragon"],
                        "theScene": [ "As you cum again you go limp momentarily, and the red dragon walks over to you, and without a word places her voluptuous breasts against your dick.",
                                      "JumpToScene",
                                      "Red Dragon Titjob"
                                  ],
                        "picture": ""
                    },
                    {
                        "NameOfScene": "Red Dragon Titjob",
                        "move": "",
                        "stance": "Titfuck",
                        "includes": [ "Red Dragon"],
                        "theScene": [ "With her tits firmly pressed against your cock, the red dragon giggles at your lack of resistance.",
                                      "Speaks",
                                      "Is that all you've got? I hope I wasn't too rough with you.♥",
                                      "Speaks",
                                      "Believe it or not, but I'm actually one of the strongest dragons on this mountain! Only my big sister Purple Dragon is stronger than me, and our mom I guess, but she's hardly around.",
                                      "As she continues talking her breasts are pressing against your dick, and her occasional giggles shakes her boobs, which leads to them rubbing against you.",
                                      "The rubbing continues, until you can't hold it back any longer and let out a low, exhausted moan.",
                                      "The red dragon giggles at your moaning, and stops talking as she eyes you with a mischievously lewd grin.",
                                      "Speaks",
                                      "Oh? Are you still have enough energy to enjoy my boobs? Well how about I show you what they can really do.♥",
                                      "Taking her hands she presses against the sides of her breasts, smushing them against your dick and she starts to bounce up and down, her breasts enveloping your dick.",
                                      "The pressure of her breasts and the rubbing motions combine together, and soon you can't stop moaning as you are trapped in her bountiful breasts.",
                                      "With every blissful moment your cock is trapped within the depths of her heavenly cleavage, your dick pulses with ecstasy, and you moan as more and more pleasure washes over you with every passing moment.",
                                      "You can't bring yourself to even consider escaping from her delightful breasts as she tightly squeezes them together, making you squirm underneath her as an intense pressure begins to build in your groin.",
                                      "Another moan escapes your lips as the pressure only becomes stronger and stronger as she gently crushes your twitching cock between her soft tits, before the pressure in your groin becomes too much to handle, and you finally burst.",
                                      "PlayerOrgasm", "1", "PlayerOrgasm", "1",
                                      "You moan incoherently as you shoot load after load into her all-encompassing breasts, shivering in bliss as she continues to squeeze your shaft even as you cum.",
                                      "She giggles at you as you shiver in delight through your orgasms, and she slows her bouncing, before casually massaging her breasts one at a time at your dick in a circular motion.",
                                      "Soon after you are completely spent, and the breasts of the red dragon are dripping in your cum. Satisfied with your performance the red dragon stands up, releasing your dick from its cushiony prison.",
                                      "Speaks",
                                      "You came a lot more than I thought you would. I would keep going but I do want you to keep coming back.♥",
                                      "She punctuates the end of her sentence with a wink as she helps you dress and lays you against a rock as you drift off to blackness, awaiting the return to town...",
                                      "ChangeFetish", "Breasts",  "5",
                                      "ChangeSensitivity", "Sex",  "5"
                                  ],
                        "picture": ""
                    },
                        {
                            "NameOfScene": "Red Dragon Anal Loss",
                            "move": "",
                            "stance": "Anal",
                            "includes": [""],
                            "theScene": [ "Exhaustion overtakes you as the diminutive red dragon eagerly overwhelms you, her massive ass still wrapped firmly around your tired cock.",
                                          "Speaks",
                                          "Ehe? Is that all you've got? Booooring! I still wanna have so much fun with you!♥",
                                          "To emphasize her words she flexes her ass muscles, and you gasp in pleasure as the restrictions against your dick stimulate it back into action.",
                                          "Speaks",
                                          "See? You're still good to go! Now do your best or I'm gonna have to get mad!",
                                          "She grabs your hands and places them on her ass, your fingers almost instinctively bury into her jiggling ass.",
                                          "She starts to gradually grind her hips against yours, your dick warmed by her immense ass and stimulated on all sides.",
                                          "She pants momentarily as your dick twitches inside her, she clearly enjoys this as her eyes lock with yours and an innocent grin takes over her face.",
                                          "Her grin betrays her next actions as she starts to increase the speed of her grinding, her ass making short but powerful movements as she continues to clench her ass cheeks, increasing the pressure pushing on your dick.",
                                          "The change in pressure and speed rocks your pleasure reception for a second as all you can do is keep your mouth open as a silent moan escapse you.",
                                          "Your fingers grip her ass and you try to pry them apart to earn a moment's reprieve, but your grip is far too weak to defeat her ass.",
                                          "Speaks",
                                          "Hmmm? Whatcha doing? Trying to escape my ass are you? But doesn't it feel good? Maybe letting you have your hands was too nice of me? How about you keep them to yourself now?",
                                          "You feel her legs tuck in so that they separate your hands from her ass, and in a moment her feet have pinned you at the wrists to the ground, forcing all of her weight on your hips as her ass sinks to the hilt of your cock.",
                                          "The sudden movements are too much, and you can't help but release the pressure built up in your groin.",
                                          "PlayerOrgasm", "1",
                                          "You release a wave of cum deep into the ass of the shorter dragon. You try to move your body but the weight keeping down your waist and arms keeps you pinned as you hear a mocking laugh from the red dragon.",
                                          "Speaks",
                                          "Ehehehehe, it's so much fun watching you fight against me!♥ Maybe I should ask Purple or White to teach me to wrestle, I think I would be really good at it, don't you think?",
                                          "Every word she says is accompanied by a movement of her immense ass, as it continues to massage your slowly weakening penis.",
                                          "She clearly feels your dick softening inside her, but she instead ignores it as she continues to talk to you, her bubbly demeanor returning now that she has fed off your cum.",
                                          "You start to struggle against her feet restraining you, but the exhaustion in your body makes it hard to do anything but lie back and stare at the sex crazed dragon and her impressive, jiggling rack.",
                                          "Speaks",
                                          "Too weak to even pretend to fight back now? I guess I can let you go now, but you gotta promise to come back again soon, there are still so many things left I wanna try with you!",
                                          "You offer a weak agreement, and even though she doesn't make out a word you say she still happily agrees and picks herself off of you, before moving you to the side of the road with impressive ease.",
                                          "Speaks",
                                          "I don't really know how your teleporty stuff works, but stay safe until you come back again! I hope next time we meet you are a little bit stronger!",
                                          "You watch as she turns to leaves, the powerful ass that dominated you jiggling with every skip the cheerful dragon takes.",
                                          "You close your eyes as exhaustion washes over you, and as you nod off you can't get the image of her body out of your mind...",
                                          "ChangeFetish", "Ass",  "5",
                                          "ChangeSensitivity", "Sex",  "5",
                                          "GameOver"],
                            "picture": ""
                        },
                        {
                            "NameOfScene": "Red Dragon Facesitting Loss",
                            "move": "",
                            "stance": "",
                            "includes": [""],
                            "theScene": [ "You stagger backwards, the smaller dragon laughing as she skips towards you as you fall onto your ass.",
                                          "Speaks",
                                          "Wow, that was a lot of fun. Buuut I don't think you've done enough pleasing meeee!",
                                          "Her voice becomes whiny for a second as she stomps her feet like a child.",
                                          "You continue to pull yourself away from her, almost able to pull yourself back to your feet before a hand on your ankle drags you back to her.",
                                          "Speaks",
                                          "Hey! What did I just say about you not doing enough?! I think you need to go to timeout if you aren't gonna pleasure your partner!",
                                          "She pulls you close to her body, and adjusts your laying position so that you face the sky as she steps over your body, her hungry pussy hanging above you.",
                                          "Speaks",
                                          "You can learn your lesson about pleasing your partners from underneath me! Make sure you work your tongue down there.",
                                          "She sticks her tongue out at you mockingly as her nether regions descend at you with great speed as she rests herself on your face.",
                                          "As her wet sex presses against your face it smears across your face as she wiggles her hips, settling in to her seated position atop your face.",
                                          "Speaks",
                                          "Haaa, there we go! A perfect punishment for a human like you is to be my chair!",
                                          "She raises herself up for a second before letting herself flop down with most of her weight onto your face. The scent of her sex is intoxicating, and you can't keep yourself from being driven crazy and sticking your tongue into her.",
                                          "As you probe your tongue forward, eager to penetrate her waiting pussy, you feel a gasp reverberate through the smaller woman. Your tongue dancing at the edge of her womanhood clearly seems to be having an effect on her.",
                                          "You let your tongue run simple laps around the lips of her pussy, teasing the dragon as your breath makes them quiver. After your tongue has run several laps you hear her whimper above you, desperate for your tongue to enter her for real.",
                                          "Her desires for your tongue almost make you forgot that this was supposed to be a punishment. As you struggle to pull your head forward you thrust your tongue straight ahead, plunging deep into her slick honeypot.",
                                          "Up above you, the dragon is burning up from the stimulation, and to stifle her moans that escape from her mouth she lunges her shorter torso forward, wrapping her lips around your dick as she releases yet another moan.",
                                          "The sensation of her lips and tongue on your dick sends a shiver of pleasure through your body, as you fight against the thighs on either side of your head to more firmly keep your tongue inside the dragon's pussy.",
                                          "After moments of struggling you manage to work your head forward so that you can plunge your tongue its full depth into the red dragon's pussy, quickly thrusting in and out to roll your tongue around her lips again and again.",
                                          "The moans of the red dragon continue as her head bobs up and down on your cock, slowly building pressure as you feel her tongue play with your delicate tip, while your shaft remains in her warm mouth, caressed by her heavy breaths.",
                                          "After a few more moments, neither of you can take it any longer as you release the pressure built up in your groin, as a heavy flood of juices pours out from the red dragon, her excitement overwhelming her as she cums atop you.",
                                          "PlayerOrgasm", "1",
                                          "As you cum into the red dragon's mouth, she pulls her head to your hips and forces you to fire your load directly down her throat. As she pulls away from your dick she purses her lips tight around you, squeezing out every last bit of cum into her mouth as she swallows with an exaggerated sigh.",
                                          "Speaks",
                                          "Ahhh♥, that was amazing! see, that's what can happen if you just try and please someone!",
                                          "She pauses, waiting for a response before realizing her massive bottom was still seated on your face. With a sheepish grin she slides off you and offers you her hand, but you find yourself too exhausted from the previous fight and air deprivation to take it.",
                                          "Speaks",
                                          "Guess I was a bit too intense for you, huh? Ah well, maybe in the future we could just cuddle, maybe hang out? Ooh, or maybe I could invite one of my sisters to help me play with you!",
                                          "She loses interest in you as she walks away planning what her and her sisters could do with you in a threesome, but before she turns a corner she looks back and winks at you.",
                                          "Speaks",
                                          "Make sure you come back again! I wanna play again!",
                                          "With that she continues on her way with a skip in her step, and you can't help but stare at her ass as it jiggles with each movement.",
                                          "With her ass the last image in her mind you begin to pass out, awaiting the cold splash of water to bring you back to reality.",
                                          "ChangeFetish", "Sex",  "5",
                                          "ChangeFetish", "Oral",  "5",
                                          "ChangeSensitivity", "Sex",  "5",
                                          "ChangeSensitivity", "Oral",  "5",
                                          "GameOver"],
                            "picture": ""
                        }
                  ],
    "combatDialogue": [
      {
          "lineTrigger": "HitWith",
          "move": "Spank",
          "theText": [ "'Hya!♥ That hurt! But it felt... good?'",
                       "{TargetName} moans as her large behind ripples from the impact of your hand.",
                       "'That feels good!♥ But just know that I'm stronger!"]
      },
      {
          "lineTrigger": "HitWith",
          "move": "Whip",
          "theText": [ "'EEEK!♥'",
                       "'Hya!♥ That hurt! But it felt... good?'",
                       "{TargetName} moans as your whip strikes her body, leaving a deep red mark on her body."]
      },
      {
          "lineTrigger": "HitWith",
          "move": "Demon Layer",
          "theText": [ "'Woah! That things has some serious kick.♥'",
                       "'EEEK!♥'",
                       "'Is this what holy magic truly feels like? I like it!♥'"]
      },
      {
          "lineTrigger": "HitWith",
          "move": "Holy Headpat",
          "theText": [ "'What? Are you petting me?'",
                       "'Are you happy with me? I'll do my best to make you feel really good!",
                       "The dragon eagerly accepts your pats, beaming up at you with a big grin on her face, which masks her intents on fucking you senseless."]
      },
      {
          "lineTrigger": "HitWith",
          "move": ["Bondage Net", "Magical Binding", "Pin"],
          "theText": [ "'Wha- Hey! Let me out of this!'",
                       "'The-These are so tight, can you help me out?'",
                       "'Ah! Why can't you fight fairly!"]
      },
      {
          "lineTrigger": "HitWith",
          "move": ["Finger", "Dildo"],
          "theText": [ "'You're such a tease! Give me the real thing already!'",
                       "'I'm sure your cock is better than this, so come here and fuck me!♥'",
                       "'Enough with the foreplay, I wanna {SetTextColor}#FF0000{Done}fuck you.♥{ColorEnd}'"]
      },
      {
          "lineTrigger": "HitWith",
          "move": ["Arouse", "Arousara", "Arousero"],
          "theText": [ "'Huh? Was that supposed to be magic?'",
                       "'Mmmm, I'm very sorry but I didn't really feel that.'",
                       "'Don't feel bad about your magic! It could never stack up to a dragon.'"]
      },
      {
          "lineTrigger": "HitWith",
          "move": "Electrify",
          "theText": [ "'Ah! That's a much better attempt at magic!'",
                       "'Great! I'm really feeling that!♥'",
                       "{TargetName} giggles as the magic runs through her body."]
      },
      {
          "lineTrigger": "HitWith",
          "move": ["Grope Ass", "Squeeze Ass", "Massage Ass", "Fondle Ass"],
          "theText": [ "'Kyah! Don't play with me there!'",
                       "'W-Wouldn't it be better to play with my breasts?'",
                       "'Nnnnh.♥ Haaa.♥'"]
      },
      {
          "lineTrigger": "HitWith",
          "move": ["Breast Caress", "Breast Knead", "Breast Massage", "Breast Fondle"],
          "theText": [ "'Yeah, keep playing with my tits!♥'",
                       "'Are they fun to play with? I can give you a more {i}intimate{/i} experience.'",
                       "'I bet these are some of the softest you've ever felt!'"]
      },
      {
          "lineTrigger": "HitWith",
          "move": ["Tit Fucking"],
          "theText": [ "'Just let yourself melt into my boobs, I can handle you.♥'",
                       "'Are you in love with my boobs already? That was easy.'",
                       "'Addicted to my boobs like a little perv.♥'"]
      },
      {
          "lineTrigger": "HitWith",
          "move": "Suckle",
          "theText": [ "'Are they fun to play with? I can give you a more {i}intimate{/i} experience.'",
                       "'Addicted to my boobs like a little perv.♥'",
                       "'Ahhh, it feels good when you use your tongue like that.♥'"]
      },
      {
          "lineTrigger": "HitWith",
          "move": "Pinch Nipples",
          "theText": [ "'Eeeep! Hey! Be gentler!'",
                       "'That's not fun! Knock that off!",
                       "'Maybe I should be rougher with you!'"]
      },
      {
          "lineTrigger": "HitWith",
          "move": "Anal Penetration",
          "theText": [ "'AHHHH!♥'",
                       "'Oh yeah, I love having you inside me.♥",
                       "'But if you're in there how can I use my breasts against you?'"]
      },
      {
          "lineTrigger": "HitWith",
          "move": "Penetrate",
          "theText": [ "'AHHHH!♥'",
                       "'Oh yeah, I love having you inside me.♥",
                       "'But if you're in there how can I use my breasts against you?'"]
      },
      {
          "lineTrigger": "HitWith",
          "move": ["Thrust", "Channeling Thrust", "Empowered Thrust"],
          "theText": [ "'Fuck me as hard as you want, I can take it.♥'",
                       "'I love feeling you pump inside me!♥''",
                       "'Come on, can't you fuck me harder?'"]
      },
      {
          "lineTrigger": "HitWith",
          "move": ["Pound", "Multi Thrust", "Carrying Fuck"],
          "theText": [ "'Fuck me as hard as you want, I can take it.♥'",
                       "'I love feeling you pump inside me!♥'",
                       "'That's it, be as rough as you want with me!♥'"]
      },
      {
          "lineTrigger": "HitWith",
          "move": ["Tantric Thrust", "Passionate Lovemaking"],
          "theText": [ "'Going slow? Booooring.'",
                       "'Speed it up already!'",
                       "'If you won't fuck me properly then I'll do it myself!'"]
      },
      {
          "lineTrigger": "HitWithA",
          "move": ["Thrust", "Channeling Thrust"],
          "theText": [ "'Fuck me as hard as you want, I can take it.♥'",
                       "'I love feeling you pump inside me!♥''",
                       "'Come on, can't you fuck me harder?'"]
      },
      {
          "lineTrigger": "HitWithA",
          "move": ["Pound", "Multi Thrust", "Empowered Thrust", "Carrying Fuck", "Anal Piston"],
          "theText": [ "'Fuck me as hard as you want, I can take it.♥'",
                       "'I love feeling you pump inside me!♥'",
                       "'That's it, be as rough as you want with me!♥'"]
      },
      {
          "lineTrigger": "HitWithA",
          "move": ["Tantric Thrust", "Passionate Lovemaking"],
          "theText": [ "'Going slow? Booooring.'",
                       "'Speed it up already!'",
                       "'If you won't fuck me properly then I'll do it myself!'"]
      },
      {
          "lineTrigger": "HitWith",
          "move": ["Charm", "Charm Wave"],
          "theText": [ "'Oh, I think I'm falling for you.♥'",
                       "'If you make me too excited I may end up breaking you.'",
                       "'Can you satisfy me when I get serious?'"]
      },
      {
          "lineTrigger": "HitWith",
          "move": "Sleep",
          "theText": [ "'That won't work, that's my special move!'"]
      },
      {
          "lineTrigger": "HitWith",
          "move": ["Enfeeble", "Sensitize"],
          "theText": [ "'Oh, are you attempting to weaken me?'",
                       "'Interesting, let's see if you can last against me now!'",
                       "'Can you survive my tits now?'"]
      },
      {
          "lineTrigger": "HitWith",
          "move": "Disarming Appeal",
          "theText": [ "'Was I going too hard? Sorry...'",
                       "'Oh no, I was too rough!'",
                       "'Ah, forgive me, I don't know my own strength.'"]
      },
      {
          "lineTrigger": "HitWith",
          "move": ["Kiss", "Make Out"],
          "theText": [ "'Noooo, no foreplay, just fucking.♥'",
                       "'Mmmm, I'm usually not interested in this love stuff.'",
                       "'You're such a sweet person.'"]
      },
      {
          "lineTrigger": "HitWith",
          "move": ["Deep Kiss", "Lovingly Rough Kiss", "Sensually Seductive Kiss", "Skillfully Passionate Kiss", "Misty Kiss"],
          "theText": [ "{TargetName} begrudgingly gives into the kiss.",
                       "'Mmmm, I'm usually not interested in this love stuff.'",
                       "'You're such a sweet person.'"]
      },
      {
          "lineTrigger": "HitWith",
          "move": ["Seduce", "Enamor", "Smoldering Seduction", "Smoldering Flaunt", "Massaging Seduction", "Mass Seduction"],
          "theText": [ "She giggles and blushes at your flirting.",
                       "'Hah, you're such a flirt.'",
                       "'I wonder if you'll still be saying those things after I fuck you.♥'"]
      },
      {
          "lineTrigger": "HitWith",
          "move": "Ear Tease",
          "theText": [ "'Hehehe! It kinda tickles.'",
                       "'Ehehe, that tickles! Hmmm, and feels really good.♥'",
                       "'If you keep teasing me I'm gonna have to fuck you sooner or later.♥'"]
      },


                        {
                            "lineTrigger": "UsesMove",
                            "move": "Between Two Soft Places",
                            "theText": [ "'I wonder if your cum could even escape my thighs when I clench them like this.♥'",
                                         "'Can you resist cumming into my thighs for long?'",
                                         "'Melt away into my legs, I promise to take good care of you.♥'"]
                        },
                        {
                            "lineTrigger": "UsesMove",
                            "move": "Warming Cushions",
                            "theText": [ "'Ha! I caught your dick with my thighs!'",
                                         "'Wow, I can't even see your dick when it's buried in my thighs!",
                                         "'Melt away into my legs, I promise to take good care of you.♥'"]
                        },
                        {
                            "lineTrigger": "UsesMove",
                            "move": "Flirting Thighs",
                            "theText": [ "'Don't worry, when you cum I'll take gooood care of you.'",
                                         "'Maybe after this we could cuddle together?'",
                                         "'You can't resist cumming for much longer, can you?'"]
                        },
                        {
                            "lineTrigger": "UsesMove",
                            "move": "Drowsy Breath",
                            "theText": [ "'Just fall asleep, I promise you have excellent choices for pillows.'",
                                         "'Don't you want to fall asleep on my boobs?'",
                                         "'Come use my lap as a pillow.♥'"]
                        },
                        {
                            "lineTrigger": "UsesMove",
                            "move": "Overwhelming Breasts",
                            "theText": [ "'Ha! I caught your dick with my boobs!'",
                                         "'It's like fuck two big pillows I bet!'",
                                         "{AttackerName} giggles as her breasts rest on your waist, and you struggle for a second against her weight and power."]
                        },
                        {
                            "lineTrigger": "UsesMove",
                            "move": "Alternating Titjob",
                            "theText": [ "'Can you handle the power of my boobs?'",
                                         "'I'll make you submit to my boobs!♥'",
                                         "'It's fun watching my boobs dominate you like this.♥'"]
                        },
                        {
                            "lineTrigger": "UsesMove",
                            "move": "Bouncing Pillows",
                            "theText": [ "'My boobs are unmatched in how soft they are.♥'",
                                         "'Can you handle the power of my boobs?'",
                                         "'Hehehe, squiiiishhh.♥'"]
                        },
                        {
                            "lineTrigger": "UsesMove",
                            "move": "Unstoppable Fucking",
                            "theText": [ "'I'm not stopping 'till I'm satisfied!'",
                                         "'Fucking you is such a good workout.'",
                                         "'Mmmnn!♥ This is the best!'"]
                        },
                        {
                            "lineTrigger": "UsesMove",
                            "move": "Beckoning Lair",
                            "theText": [ "'I'm not stopping 'till I'm satisfied!'",
                                         "'How does my ass feel around your dick? You must be in heaven.♥'",
                                         "'Ehehe.♥'"]
                        },
                        {
                            "lineTrigger": "UsesMove",
                            "move": "Cheerful Bouncing",
                            "theText": [ "'Hey, can you keep up with me?'",
                                         "'Come on, thrust in time with me!'",
                                         "'Ehehe.♥'"]
                        },
                        {
                            "lineTrigger": "UsesMove",
                            "move": "Dragon Kiss",
                            "theText": [ "'Wouldn't it be just a little bit humiliating if you came like this?'",
                                         "'Mwah!♥'",
                                         "'Hmmm...♥'"]
                        },
                        {
                            "lineTrigger": "UsesMove",
                            "move": "Dragon Deep Kiss",
                            "theText": [ "'Wouldn't it be just a little bit humiliating if you came like this?'",
                                         "'Hehe...♥'",
                                         "'Mnnnn...♥'"]
                        },
                        {
                            "lineTrigger": "UsesMove",
                            "move": "Dragon Breast Press",
                            "theText": [ "'My boobs are unmatched in how soft they are.♥'",
                                         "'Can you handle the power of my boobs?'",
                                         "'It's fun watching my boobs dominate you like this.♥'"]
                        },
                        {
                            "lineTrigger": "UsesMove",
                            "move": "Dragon Tease",
                            "theText": [ "'Checking out my thighs? I promise they're extra soft?'",
                                         "'Can't take your eyes off my boobs can you?'",
                                         "'Go ahead and take it all in, I promise I'm the full package..♥'"]
                        },
                        {
                            "lineTrigger": "UsesMove",
                            "move": "Dragon Footjob",
                            "theText": [ "'I promise not too step on you too hard.♥'",
                                         "'I heard some people like feet, is that true for you?'",
                                         "'You make a pretty good floormat.♥'"]
                        },
                        {
                            "lineTrigger": "UsesMove",
                            "move": "Dragon FootStroke",
                            "theText": [ "'I could be rougher, but I'll hold back on you for now.'",
                                         "'Hehehehe, squiiiishhh.♥'",
                                         "'It feels so good when I press my toes into your dick.♥'"]
                        },
                        {
                            "lineTrigger": "UsesMove",
                            "move": "Dragon TailJob",
                            "theText": [ "'Hahaha! I got you!'",
                                         "'How will you escape the clutches of my tail?'",
                                         "'Is it as soft as my breasts?'"]
                        },
                        {
                            "lineTrigger": "UsesMove",
                            "move": "Dragon TailStroke",
                            "theText": [ "'How does this feel?'",
                                         "'Better than a handjob isn't it?'",
                                         "'Just think about how good my boobs are gonna feel compared to my tail.♥'"]
                        },


                        {
                            "lineTrigger": "StanceStruggle",
                            "move": "Sex",
                            "theText": [ "{ThePlayerName} struggles to pull out of {AttackerName}'s powerful pussy..."]
                        },
                        {
                            "lineTrigger": "StanceStruggleFree",
                            "move": "Sex",
                            "theText": [ "And manages to escape her pussy!"]
                        },

                        {
                            "lineTrigger": "StanceStruggle",
                            "move": "Anal",
                            "theText": [ "{ThePlayerName} struggles to pull out of {AttackerName}'s tight asshole..."]
                        },
                        {
                            "lineTrigger": "StanceStruggleFree",
                            "move": "Anal",
                            "theText": [ "And breaks free from her huge, powerful ass!"]
                        },

                        {
                            "lineTrigger": "StanceStruggle",
                            "move": "Footjob",
                            "theText": [ "{ThePlayerName} struggles to escape from the smooth feet of {AttackerName}..."]
                        },
                        {
                            "lineTrigger": "StanceStruggleFree",
                            "move": "Footjob",
                            "theText": [ "And pushes the short dragon's feet away!"]
                        },

                        {
                            "lineTrigger": "StanceStruggle",
                            "move": "Tailjob",
                            "theText": [ "{ThePlayerName} tries to get out of the gripping tail of {AttackerName}..."]
                        },
                        {
                            "lineTrigger": "StanceStruggleFree",
                            "move": "Tailjob",
                            "theText": [ "And escapes the thick tail that wrapped around {TargetHisOrHer} cock!"]
                        },

                        {
                            "lineTrigger": "StanceStruggle",
                            "move": "Titfuck",
                            "theText": [ "{ThePlayerName} tries to get his dick out of the massive tits of {AttackerName}..."]
                        },
                        {
                            "lineTrigger": "StanceStruggleFail",
                            "move": "Titfuck",
                            "theText": [ "But her breasts press against your dick, and the pleasure and heat make you moan and lie back.",
                                         "But she grabs you by the hands and presses them against her soft, doughy breasts.",
                                         "But she presses her breasts against you harder, and you can't fight out from under her power."]
                        },
                        {
                            "lineTrigger": "StanceStruggleComment",
                            "move": "Titfuck",
                            "theText": [ "'Are you resisting against my breasts?♥'",
                                         "'Huh? Did you try to move? I couldn't even notice.'",
                                         "'You can't run away from my boobs! They're too strong for you!'"]
                        },
                        {
                            "lineTrigger": "StanceStruggleFree",
                            "move": "Titfuck",
                            "theText": [ "And manages to get out from underneath the massive tits weighing him down."]
                        },
                        {
                            "lineTrigger": "StanceStruggleFreeComment",
                            "move": "Titfuck",
                            "theText": [ "'Ah! get back here and snuggle with my breasts!'",
                                         "'Were they too much for you?'",
                                         "'That's no fun if you just keep running away!'"]
                        },

                        {
                            "lineTrigger": "StanceStruggle",
                            "move": "Thighjob",
                            "theText": [ "{ThePlayerName} tries to his dick out of the thick thigs of {AttackerName}..."]
                        },
                        {
                            "lineTrigger": "StanceStruggleFail",
                            "move": "Thighjob",
                            "theText": [ "But she keeps her thighs flexed tight, and you can't pull your dick out.",
                                         "But she grabs you by the hands and presses them against her soft, doughy breasts, as her thighs gently massage your dick.",
                                         "But hshe crosses her feet over each other, and the pressure on your dick increases, and you stop attempting to escape."]
                        },
                        {
                            "lineTrigger": "StanceStruggleComment",
                            "move": "Thighjob",
                            "theText": [ "'Stop trying to escape, I know that you must love my thighs.♥'",
                                         "'Come on, stay around. I wanna see you cum out of my thighs like a geyser.♥'",
                                         "'Maybe if you thrust your hips harder I'll let you out of my thighs.'"]
                        },
                        {
                            "lineTrigger": "StanceStruggleFree",
                            "move": "Thighjob",
                            "theText": [ "And successfully pushes her thighs away from his dick!"]
                        },
                        {
                            "lineTrigger": "StanceStruggleFreeComment",
                            "move": "Thighjob",
                            "theText": [ "'Wha, hey get back her and let me smother you with my thighs!'",
                                         "'Maybe next time I'll fuck you with my tits!'",
                                         "'Stop running away already!'"]
                        },

                        {
                            "lineTrigger": "StanceStruggle",
                            "move": "Making Out",
                            "theText": [ "{ThePlayerName} tries to escape from the embrace of {AttackerName}..."]
                        },
                        {
                            "lineTrigger": "StanceStruggleFree",
                            "move": "Making Out",
                            "theText": [ "And manages to break free of the make out session!"]
                        },


                        {
                            "lineTrigger": "LowHealth",
                            "move": "",
                            "theText": [ "'Haaaa!♥ Aaaahh!♥'",
                                         "'I can't believe you've pushed me this hard!'",
                                         "'You're really good at fucking!'"]
                        },
                        {
                            "lineTrigger": "PlayerLowHealth",
                            "move": "",
                            "theText": [ "'Oh no, are you getting tired? You can rest on my boobs!'",
                                         "'Oh no, are you getting tired? You can rest on my thighs'",
                                         "'Don't give up just yet! I'm not satisfied yet!"]
                        },
                        {
                            "lineTrigger": "OnPlayerOrgasm",
                            "move": "",
                            "theText": [ "'Ahhhh, did that feel good?'",
                                         "'How much longer can you last? Because I still need you to satisfy me!'",
                                         "'Come on, just hold on a bit longer!'"]
                        },
                        {
                            "lineTrigger": "OnPlayerOrgasm",
                            "move": "Titjob",
                            "theText": [ "{AttackerName} lets out a cute giggle as you orgasm, your cum firing into the air out of her breasts.",
                                         "'Wow, it felt so good feeling your cock explode in my tits!'",
                                         "'Hahaha! that was amazing.♥'"]
                        },
                        {
                            "lineTrigger": "OnOrgasm",
                            "move": "",
                            "theText": [ "KYYYAAAAA!",
                                         "'Haaaaa...'",
                                         "'You're so strong.♥'"]
                        },
                        {
                            "lineTrigger": "OnSurrender",
                            "move": "",
                            "theText": [ "'Giving up so soon? Well I guess I'll have to show you what happens to quitters.'",
                                         "'No! You can't give up! I wanna have more fun with you!"]
                        }
                      ],
  "victoryScenes": [
            {
                "NameOfScene": "",
                "move": "",
                "stance": "",
                "includes": [ ""],
                "theScene": [ ""
                          ],
                "picture": ""
            }
        ],
"pictures": [
              {
                  "Name": "Base",
                  "StartOn": "1",
                  "AlwaysOn": "1",
                  "IsScene": "0",
                  "TheBody": "1",
                  "Overlay": "No",
                  "setXalign": "0.0",
                  "setYalign": "0.20",
                  "Images": [
                  {
                      "Name": "Base",
                      "File": "../Mods/Dragon/Images/RedDragon.png",
                      "setXalign": "0.0",
                      "setYalign": "0.0"
                  }
                ]
              }
            ]

    }
