{
    "name": "Tiamat",
    "IDname": "Tiamat",
    "species": "Dragon",
    "gender": "female",
    "description": "The queen of the dragons, Tiamat is a powerful foe that should not be underestimated. Her powerful breath attacks allow her to afflict many status effects on her targets. She has a wide range of moves, and almost always can find your fetish to take advantage of with her body.",
    "encyclopedia": "A dark skinned dragon who is a little bit on the shorter side in her combat form. She has rather large breasts and thighs, and her rather long hair extends down to her tail, which also ends in a little tuft of hair that is rather pleasant to pet. She has a split tongue which helps denotes the reptilian nature of the dragonfolk, and her boisterous and proud demeanor makes sure everyone knows she is a dragon.",
    "tags": "none",
    "generic": "False",
    "requires": [""],
    "skillList": [ "Hyper Breast Squeeze", "Overpowering Breasts", "Pulverizing Paizuri", "Entrapping Breasts", "Dragon Pin", "Drugged Breath", "Power Siphon", "Smothering Breath", "Eclipsing Feet", "Heel Domination", "Tiamat's Floormat", "Ultimate Foot Pump", "Overwhelming Kiss", "Rapid Kisses", "Draconic Arousaga", "Zap!", "Anal Domination", "Cataclysmic Bouncing", "Crushing Behind", "Draconic Mating", "Obliterating Press", "Squeezing Dragon", "Coiled Wrath", "Grasp of the Dragon", "Wringing Tail"],
    "perks": ["Clingy", "Powerful Feet", "Gazongas", "Dump Truck", "Pussy Striker"],
    "stats": {
        "lvl": "75",
        "Exp": "750",
        "max_hp": "600",
        "max_ep": "300",
        "max_sp": "3",
        "Power": "65",
        "Technique": "65",
        "Intelligence": "80",
        "Allure": "75",
        "Willpower": "35",
        "Luck": "35"
    },
    "Fetishes": [""],
    "BodySensitivity": {
        "Sex": "80",
        "Ass": "110",
        "Breasts": "10",
        "Mouth": "80",
        "Seduction": "80",
        "Magic": "10",
        "Pain": "110",
        "Holy": "75",
        "Unholy": "100"
    },
    "resistancesStatusEffects": {
        "Stun": "75",
        "Charm": "100",
        "Aphrodisiac": "75",
        "Restraints": "50",
        "Sleep": "100",
        "Trance": "10",
        "Paralysis": "10",
        "Debuff": "100"
    },
    "moneyDropped": "0",
    "ItemDropList": [
        {
            "name": "Anaph Herb",
            "dropChance": "10"
        }
    ],
    "lossScenes": [
        {
            "NameOfScene": "Sex Loss",
            "move": "",
            "stance": "",
            "includes": ["Tiamat"],
            "theScene": [                     "Tiamat looks down at your ragged and exhausted form with a horny, yet disappointed look.",
                                              "Speaks",
                                              "After making it this far... That can't possibly be everything you've got, right?",
                                              "You look up and see a lewd grin crosses her face as she straddles your waist and leans in close to whisper into your ear.",
                                              "Speaks",
                                              "No matter, I'll fuck you until you have nothing left to give me.♥",
                                              "She grins as she takes your still rigid shaft into her tight pussy and starts to ride it as hard as she can.",
                                              "You gasp and cry out in pleasure as she relentlessly fucks your tired body.",
                                              "If anything, your moans and cries only goad her into fucking you harder and faster, making you gasp as your hips go pleasantly numb.",
                                              "Speaks",
                                              "Ahh! Ahh! That's it! I'll use you to fulfill my deepest urges!♥♥",
                                              "As you open your mouth to moan again, she buries your face between her ample breasts.",
                                              "Speaks",
                                              "That's enough out of you! I'm the one who wants get off the most right now!♥",
                                              "Speaks",
                                              "Be a good little fuck toy for me!♥",
                                              "She continues to roughly fuck your shaft while drowning you in her soft cleavage.",
                                              "PlayerOrgasm", "1",
                                              "Unable to take the relentless sex, you moan into her breasts as you cum inside her tight pussy.",
                                              "But even as you ejaculate, she keeps riding your shaft as hard as she can.",
                                              "Speaks",
                                              "MNNN♥, nice try, but I'm not satisfied yet!♥",
                                              "The combination of overstimulation and lack of air is making your mind go numb with pleasure.",
                                              "Every slam of her hips sends waves of ecstasy through your trembling and aching body.",
                                              "PlayerOrgasm", "1",
                                              "Your hips buck on their own as your aching balls force out another orgasm, filling Tiamat with a thick torrent of cum as she laughs.",
                                              "Speaks",
                                              "Come on!♥ Come on!♥ You can do it! Aren't heroes supposed to help women in need? Well I need to cum!♥",
                                              "She tightly hugs you, pushing your face deeper into her vast bosom as she rides your aching manhood.",
                                              "Your dick can't take much more of this treatment, but she keeps slamming her hips into yours with loud, wet smacks.",
                                              "Speaks",
                                              "I'm almost there!♥ You've almost done it!",
                                              "Your entire body is aching, and your vision is starting to swim from the lack of oxygen as black spots appear in the corners of your eyes.",
                                              "You let out a muffled groan into her suffocating cleavage as you feel a final orgasm approaching.",
                                              "With one final slam of her hips, the minotaur cries out in orgasmic pleasure and you unload one final load into her as your own body trembles and spasms in ecstasy.",
                                              "Speaks",
                                              "YESSSS!♥",
                                              "She hugs you tightly as she cums, both of you trembling in pleasure, and you can feel yourself blacking out from the combined effects of lack of oxygen and far too much sex.",
                                              "As Tiamat gasps in delight, she looks down at you for a moment before pulling your face away from her chest, leaving you gasping for air.",
                                              "Speaks",
                                              "Ah, heh, sorry about that cutie.",
                                              "She rolls onto her back and places your exhausted body on top of hers, the back of your head supported by her massive breasts.",
                                              "Gently, she holds you close as you both bask in the afterglow of your orgasms, but you are barely coherent after the rough lovemaking.",
                                              "Speaks",
                                              "Good job!♥ I was worried you were going to pass out before I finished.",
                                              "She rests her head on a nearby rock before letting out a contented sigh.",
                                              "Speaks",
                                              "But maybe you should get a bit better so this doesn't happen again, huh? Unless you feel like getting fucked senseless again.♥",
                                              "You give her a weak nod before the world fades to black and you pass out, resting your head on her soft chest...",
                                              "ChangeSensitivity",
                                              "Sex",
                                              "10",
                                              "ChangeFetish",
                                              "Breasts",
                                              "5",
                                              "ChangeSensitivity",
                                              "Pain",
                                              "5",
                                              "GameOver"],
            "picture": ""
        },
        {
            "NameOfScene": "Breast Loss",
            "move": "",
            "stance": "Titfuck",
            "includes": ["Tiamat"],
            "theScene": [ "Tiamat looks down on your exhausted form, and sees your tired dick twitching in her breasts as a wry smile crosses her lips.",
            "Speaks",
            "Oh dear, done already? Well how about my breasts teach you a lesson in losing.♥",
            "She continues rolling her breasts around with constant circular motions, massaging your aching dick.",
            "Slowly she speeds up, stroking your dick with her breasts, making you shudder and moan under her powerful boobs.",
            "You stare at her as she continues to smile at you, her breasts movements become smaller and more focused.",
            "With her smaller movements she leaves your cock head exposed, twitching and leaking small amounts of cum.",
            "Speaks",
            "How have you given up, but this guy down here hasn't?",
            "She reaches her head down and gently licks at the tip of your cock, sending a jolt of pleasure straight up your spine as you feel her breath and tongue wash over your exposed tip.",
            "As you shake from her tongue lapping at your tip, her breasts squeeze together with force.",
            "Her oppressive tits now envelop your dick, leaving only the faintest sight of your tip exposed as she continues to flick her tongue at it with precision to lick up traces of cum leaking out of you.",
            "Her breasts continue to squeeze as she slowly moves them up and down, keeping you enveloped all the time with her overwhelming size.",
            "Eventually, you cannot take it any longer as you cry out and release a load as your dick peeks out of her cleavage.",
            "PlayerOrgasm", "1",
            "As you start to fire out into the air, Tiamat's mouth lurches forward, enveloping your tip in her mouth as she catches the entirety of your load, and gulps it down with a satisfied sigh.",
            "Speaks",
            "I am pretty impresses you still had anything left to give up to my breasts, but I think it's time to finish this off.",
            "Your twitching dick still leaks cum as her breasts begin to wildly move up and down the length of your dick again, returning the great pressure that milks out the remainder of your current orgasm.",
            "The sensitivity of your dick can't bear it, and the tidal wave of her breasts jerking you off begins to hurt momentarily as you feel another load trickle out into her breasts, almost instantly being absorbed by her engulfing breasts.",
            "PlayerOrgasm", "1",
            "You scream out as you let out your last orgasm, and your dick softens inside the pillowy comfort of Tiamat's breasts as she releases you from her boob's grip.",
            "Speaks",
            "I hope this was a valuable lesson to you, human. You can never defeat my breasts, and they'll milk you dry everytime you lose.♥",
            "With that, she places a kiss on your cheek and gives you a wink as you begin to lose consciousness...",
            "ChangeFetish", "Breasts", "10",
            "ChangeSensitivity",
            "Sex",
            "5",
            "GameOver"],
            "picture": ""
        },
        {
            "NameOfScene": "Foot Loss",
            "move": "",
            "stance": "Footjob",
            "includes": ["Tiamat"],
            "theScene": [
            "Tiamat rises to her full height as she stands over your prone body, keeping one foot firmly on your dick.",
            "Speaks",
            "Beaten by my feet, huh?♥ I guess there's nothing you can do to stop me now.♥",
            "She playfully giggles as her foot lovingly strokes your twitching cock, her toes occasionally gripping your dick and pulling it up to attention.",
            "She sits down in front of you, allowing both of her feet to press on your dick and begin rubbing in unison as she continues to play with your dick.",
            "Tiamat's feet continue to fondle your dick, teasing at your glans with her soft toes as she effortlessly pleases your dick with her stroking soles.",
            "Speaks",
            "Can you hold out much longer?♥ Or are my feet gonna dominate you?♥",
            "Your body's trembling and twitching from the unrelenting jolts of pleasure running across your skin, her graceful feet pumping your throbbing dick in heavenly unison that makes your mind go blank with pleasure.",
            "Speaks",
            "Go on and cum!♥ Spurt your load.♥ Cover my feet with your semen.♥",
            "Her teasing whispers push you over the edge and searing hot pleasure explodes outwards from your hips as you spurt thick ropes of cum all over Tiamat's feet and legs and you cry out in mindless ecstasy.",
            "You're left spasming in pleasure as Tiamat doesn't stop teasing your still climaxing manhood, her feet slowly pumping your length for every drop it has.",
            "Finally the orgasm ravishing your body ebbs away, but you still shiver in Tiamat's embrace from the aftershocks of pleasure racing through your body even as her teasing slows enough for you to catch your breath and let her skin soak in your seed.",
            "Speaks",
            "Hehe,♪ you came like a fountain, you must really like feet.♪ Or maybe I'm helping you discover a new fetish?♥",
            "You're left unable to answer as her feet begin stroking your cock in alternation, ensuring the tip of your manhood is constantly teased by her nimble toes and the sole of the other foot.",
            "Speaks",
            "Come on, let's see how much I can make you spurt.♥",
            "You're left trembling in mindless bliss as Tiamat's feet rub and tease your overused shaft, constant waves of pleasure leaving you aching to cum again.",
            "Your hips instinctively start to thrust into Tiamat's feet as they once more press together and start to pump your throbbing erection.",
            "Heavenly ecstasy explodes across your body as your manhood spurts long ropes of cum into the air, and Tiamat's teasing feet keep pumping your length with everything they have, threatening to keep you cumming non-stop.",
            "You let out a broken cry of pleasure as Tiamat keeps your dick spurting with her expert feet, and there's nothing you can do to stop her as your body trembles and shakes with electric ecstasy.",
            "Speaks",
            "That's it,♥ paint my feet white with your hot steamy cum.♥",
            "You're left hanging in an endless abyss of feet induced pleasure, shivering, twitching, and cumming for what feels like an eternity, until finally Tiamat slows her mindmelting teasing.",
            "She pants lustfully into your ear as her body soaks in every drop of cum you soaked her legs in, and she lovingly places a kiss on your cheek.",
            "Speaks",
            "Fufufu, maybe I took that a bit too far.♥ But I definitely think you enjoyed that every bit as much as I did.♥",
            "Distantly you feel her pick you up, and lay you down on top of her, her warm breasts acting as pillow for you as you slowly fade into unconsciousness...",
            "ChangeFetish", "Feet", "10",
            "ChangeSensitivity",
            "Sex",
            "10",
            "GameOver"],
            "picture": ""
        }
    ],

    "combatDialogue": [
        {
            "lineTrigger": "HitWith",
            "move": "Spank",
            "theText": ["'Wouldn't you like to grab a handful of my ass rather than slap it?'",
                        "'Isn't my ass fascinating, human?'",
                        "Tiamat moans as your hand leaves her ass jiggling from the impact."]
        },
        {
            "lineTrigger": "HitWith",
            "move": "Pinch Nipples",
            "theText": ["'H-Hey! Be careful with those...♥'",
                        "'If you keep doing that I'll crush you with them!'",
                        "'Getting pretty bold aren't you?'"]
        },
        {
            "lineTrigger": "HitWith",
            "move": ["Whip", "Demon Layer"],
            "theText": ["'Are you trying to tame me with some cheap toy?'",
                        "'Maybe that works on lesser creatures, but it won't beat me!'",
                        "'Let's see if you can swing that whip when I'm through with you.♥'"]
        },
        {
            "lineTrigger": "HitWith",
            "move": "Holy Headpat",
            "theText": ["'You really wanna get fucked, don't you?'",
                        "'I won't let this slide, human!'",
                        "'I will not allow you to mock me!'"]
        },
        {
            "lineTrigger": "HitWith",
            "move": ["Bondage Net", "Magical Binding", "Pin"],
            "theText": ["'Oh nooooo, I hope nothing bad happens while I'm trapped.♥'",
                        "'Once I'm out of this how about I pin you down?'",
                        "'What a cute attempt, but I'll be out of these in no time.♥'"]
        },
        {
            "lineTrigger": "HitWith",
            "move": ["Finger", "Dildo"],
            "theText": ["'Really? This is the best you've got?'",
                        "Her pussy tightens around your finger with a powerful warmth.",
                        "'Haaa... can't we get on with the real deal?'"]
        },
        {
            "lineTrigger": "HitWith",
            "move": ["Arouse", "Arousara", "Arousero", "Electrify"],
            "theText": ["'You call that magic? More like a sleeping pill!'",
                        "'You can't beat me with magic like that!'",
                        "'If you wanna give up you should just say so.♥'"]
        },
        {
            "lineTrigger": "HitWith",
            "move": ["Grope Ass", "Squeeze Ass", "Massage Ass", "Fondle Ass"],
            "theText": ["'Go on and keep feeling up my ass.♥'",
                        "'Groping my body feels nice, doesn't it?'",
                        "'Ahhh.♥'"]
        },
        {
            "lineTrigger": "HitWith",
            "move": ["Breast Caress", "Breast Knead", "Breast Massage", "Breast Fondle"],
            "theText": ["'Your hands are pretty good.♥'",
                        "'Groping my body feels nice, doesn't it?'",
                        "'Ahhh.♥'"]
        },
        {
            "lineTrigger": "HitWith",
            "move": "Suckle",
            "theText": ["'Hahhh...♥'",
                        "'Oh, I love how your tongue feels.♥'",
                        "'That'r right, let yourself be addicted to my boobs.♥'"]
        },
        {
          "lineTrigger": "HitWith",
          "move": "Tit Fucking",
          "theText": [ "'That's right, just thrust your hips into my tits.'",
                      "'That's right! Keep going!♥'",
                      "'I'll completely smother your dick in my boobs!'"]
        },
        {
            "lineTrigger": "HitWith",
            "move": "Anal Penetration",
            "theText": ["'You don't stand a chance against my ass!'",
                        "'Now me and my ass will milk you dry.♥'",
                        "'You must be stupid to think you could beat my ass.♥'"]
        },
        {
            "lineTrigger": "HitWith",
            "move": "Penetrate",
            "theText": ["'Hm, I'm going to have to put some effort into outfucking you...'",
                        "'Mnnnn.♥'",
                        "'I'm gonna force you to fill me up from the inside.♥'"]
        },
        {
            "lineTrigger": "HitWith",
            "move": ["Thrust", "Channeling Thrust"],
            "theText": ["'I can feel your cock throbbing with every thrust you make.'",
                        "'Mmm,♥ Ah!♥ Yes!'",
                        "'Mnnn...♥ Do you really think you can handle me?'"]
        },
        {
            "lineTrigger": "HitWith",
            "move": ["Pound", "Multi Thrust", "Carrying Fuck", "Empowered Thrust"],
            "theText": ["'Yes!♥'",
                        "'I'm going to have to put in some effort too!♥'",
                        "'Harder!♥'"]
        },
        {
            "lineTrigger": "HitWith",
            "move": ["Tantric Thrust", "Passionate Lovemaking"],
            "theText": ["'Getting all lovey-dovey on me?'",
                        "'Maybe a queen does need her king.♥'",
                        "'All this gentle love makes me want is to fuck you senseless.♥'"]
        },
        {
            "lineTrigger": "HitWithA",
            "move": ["Thrust", "Channeling Thrust"],
            "theText": ["'I can feel your cock throbbing with every thrust you make.'",
                        "'Mmm,♥ Ah!♥ Yes!'",
                        "'Mnnn...♥ Do you really think you can handle me?'"]
        },
        {
            "lineTrigger": "HitWithA",
            "move": ["Pound", "Multi Thrust", "Carrying Fuck", "Empowered Thrust", "Anal Piston"],
            "theText": ["'Yes!♥'",
                        "'I'm going to have to put in some effort too!♥'",
                        "'Harder!♥'"]
        },
        {
            "lineTrigger": "HitWithA",
            "move": ["Tantric Thrust", "Passionate Lovemaking"],
            "theText": ["'Getting all lovey-dovey on me?'",
                        "'Maybe a queen does need her king.♥'",
                        "'All this gentle love makes me want is to fuck you senseless.♥'"]
        },
        {
            "lineTrigger": "HitWith",
            "move": ["Charm", "Charm Wave", "Enfeeble", "Sensitize"],
            "theText": ["'Hmmm? Trying to use magic on me?'",
                        "'I won't fall for cheap tricks like that!'",
                        "'Gonna have to try harder than that!'"]
        },
        {
            "lineTrigger": "HitWith",
            "move": "Sleep",
            "theText": ["'That won't work on me!'",
                        "'What a foolish thing to attempt on me!'",
                        "'Sorry, I like to be awake when i'm fucking.♥'"]
        },
        {
            "lineTrigger": "HitWith",
            "move": "Disarming Appeal",
            "theText": ["'You could just lay back and let me win you know.'",
                        "'Oh don't you worry, I'll make sure you last a long time.♥'",
                        "'Maybe I could tone it down a bit for you.♥'"]
        },
        {
            "lineTrigger": "HitWith",
            "move": ["Kiss", "Make Out"],
            "theText": ["'You're kind of cute.'",
                        "'Isn't there something else you could do with your mouth?",
                        "Tiamat blushes as she leans into the kiss."]
        },
        {
            "lineTrigger": "HitWith",
            "move": ["Deep Kiss", "Lovingly Rough Kiss", "Sensually Seductive Kiss", "Skillfully Passionate Kiss", "Misty Kiss"],
            "theText": ["She gets momentarily lost in the kiss.",
                        "'You're pretty good at this...'",
                        "'We should at least fuck while we're kissing...'"]
        },
        {
            "lineTrigger": "HitWith",
            "move": ["Seduce", "Enamor", "Smoldering Seduction", "Smoldering Flaunt", "Massaging Seduction", "Mass Seduction"],
            "theText": ["'...T-Thanks...'",
                        "'D-Don't call me cute!'",
                        "'Y-You won't be saying those things when I step on you!'"]
        },
        {
            "lineTrigger": "HitWith",
            "move": "Ear Tease",
            "theText": ["'Teehee, stop... that tickles.♥'",
                        "'You're gonna make me blush with all this flirting.♥'",
                        "'I'll fuck you senseless for all this.♥'"]
        },


        {
            "lineTrigger": "UsesMove",
            "move": "Hyper Breast Squeeze",
            "theText": ["'Squiiiish.♥'",
                        "'Just surrender to my breasts.♥'",
                        "'How long can you last against this!♥'"]
        },
        {
            "lineTrigger": "UsesMove",
            "move": "Overpowering Breasts",
            "theText": ["'Fall under the spell of my boobs.♥'",
                        "'I'll make sure my boobs are all you can think about.♥'",
                        "'Cum to my boobs, you know you wanna.♥'"]
        },
        {
            "lineTrigger": "UsesMove",
            "move": "Pulverizing Paizuri",
            "theText": ["'Take this!♥'",
                        "'My boobs are unbeatable!♥'",
                        "'Withstand my titties if you're able to, human.♥'"]
        },
        {
            "lineTrigger": "UsesMove",
            "move": "Entrapping Breasts",
            "theText": ["'Hehehe,♥ How are you gonna escape from this?♥'",
                        "'Oh no♥ my massive breasts engulfed your dick. Hope you don't cum on them or anything.♥'",
                        "'Don't my breasts just feel divine, human?'"]
        },
        {
            "lineTrigger": "UsesMove",
            "move": "Dragon Pin",
            "theText": ["'Now that's what I like to see: a human struggling under me.♥'",
                        "'Can you break free of this, human?'",
                        "'Feel how weak you are before me, human.♥'"]
        },
        {
            "lineTrigger": "UsesMove",
            "move": "Drugged Breath",
            "theText": ["'How well can you fight back when you're falling for me.♥'",
                        "'I'll have you on the verge of cumming with just this.♥'",
                        "'Teehee, this'll make you real loopy.'"]
        },
        {
            "lineTrigger": "UsesMove",
            "move": "Power Siphon",
            "theText": ["'What's yours is mine, and what's mine is also mine!'",
                        "'I don't need another handicap, but now you really are powerless, hehe.'",
                        "'Can you fight me off now that I've stolen your strength?'"]
        },
        {
            "lineTrigger": "UsesMove",
            "move": "Smothering Breath",
            "theText": ["'This oughta really drive you crazy.♥'",
                        "'You won't be able to resist once you breathe this in.♥'",
                        "'Come on, don't you find me irresistible now?♥'"]
        },
        {
            "lineTrigger": "UsesMove",
            "move": "Eclipsing Feet",
            "theText": ["'Ha! My feet have you beat completely!",
                        "'I love watching you fight against the pleasure of my feet.♥'",
                        "'Cum for my feet, paint my soles white.♥'"]
        },
        {
            "lineTrigger": "UsesMove",
            "move": "Heel Domination",
            "theText": ["'Oh poor little human, writhing under my feet.♥'",
                        "'Sit back and let my feet dominate you, little human.'",
                        "'Now to grind you into submission.♥'"]
        },
        {
            "lineTrigger": "UsesMove",
            "move": "Tiamats Floormat",
            "theText": ["'Now lick at my feet, whelp.'",
                        "'The look on your face is priceless. The look of my foot on your face, that is.'",
                        "'How does my foot smell, human?♥'"]
        },
        {
            "lineTrigger": "UsesMove",
            "move": "Ultimate Foot Pump",
            "theText": ["'Come on you little perv, cum for my feet.♥'",
                        "'Cum cum cum for my feet!'",
                        "'Just submit to the grace of my soles!'"]
        },
        {
            "lineTrigger": "UsesMove",
            "move": "Overwhelming Kiss",
            "theText": ["'Mwah!♥'",
                        "'Hehe...♥'",
                        "'Hmmm...♥'"]
        },
        {
            "lineTrigger": "UsesMove",
            "move": "Rapid Kisses",
            "theText": ["'Mwah!♥'",
                        "'Hehe...♥'",
                        "'Hmmm...♥'"]
        },
        {
            "lineTrigger": "UsesMove",
            "move": "Draconic Arousaga",
            "theText": ["'Now this! Is! Magic!'",
                        "'Can you resist the true magic of a dragon?'",
                        "'How long can your human magic protect you?'"]
        },
        {
            "lineTrigger": "UsesMove",
            "move": "Zap",
            "theText": ["'Does this hurt?♥'",
                        "'Yell out if you like this.♥'",
                        "'Hiyah!♥'"]
        },
        {
            "lineTrigger": "UsesMove",
            "move": "Anal Domination",
            "theText": ["'Feel free to grab my ass.♥'",
                        "'Don't blame me if my ass dominates you.♥'",
                        "'My ass has you beat completely, so just submit and serve your queen.♥'"]
        },
        {
            "lineTrigger": "UsesMove",
            "move": "Cataclysmic Bouncing",
            "theText": ["'Don't blame me if your weak body gets hurt along the way.'",
                        "'I'm gonna go all out on you, so hold on!'",
                        "'Hold on, I'm gonna fuck you into the ground!'"]
        },
        {
            "lineTrigger": "UsesMove",
            "move": "Crushing Behind",
            "theText": ["'I hope you're strong enough for this!'",
                        "'I'm gonna crush your dick with my ass!'",
                        "'Surrender to my ass, or be crushed by it!'"]
        },
        {
            "lineTrigger": "UsesMove",
            "move": "Draconic Mating",
            "theText": ["'Make sure to fill me up with you hot cum.♥'",
                        "'Try to last long enough to please your queen.♥'",
                        "'Learn your place and serve your queen properly.♥"]
        },
        {
            "lineTrigger": "UsesMove",
            "move": "Obliterating Press",
            "theText": ["'I'll fuck you until you can't remember anything but me!'",
                        "'I'm gonna go all out on you, so hold on!'",
                        "'Hold on, I'm gonna fuck you into the ground!'"]
        },
        {
            "lineTrigger": "UsesMove",
            "move": "Squeezing Dragon",
            "theText": ["'I'm gonna milk every last drop out of you.♥'",
                        "'Let's see if your dick can handle this!'",
                        "'I'll crush your dick in an instant!'"]
        },
        {
            "lineTrigger": "UsesMove",
            "move": "Coiled Wrath",
            "theText": ["'Just accept it and thrust into my tail.♥'",
                        "'Move your hips a bit, I bet it'll feel good.♥'",
                        "'Lost at the complete dominance of my tail?'"]
        },
        {
            "lineTrigger": "UsesMove",
            "move": "Grasp of the Dragon",
            "theText": ["'Gotcha!'",
                        "'I'll use my tail to milk you dry.'",
                        "'Now I've got you!'"]
        },
        {
            "lineTrigger": "UsesMove",
            "move": "Wringing Tail",
            "theText": ["'I'll squeeze out every last drop of your seed.♥'",
                        "'Can you withstand this?'",
                        "'Lost at the complete dominance of my tail?'"]
        },


        {
            "lineTrigger": "StanceStruggle",
            "move": "Titfuck",
            "theText": [ "You attempt to break free of Tiamat's luscious breasts..."]
        },
        {
            "lineTrigger": "StanceStruggleFail",
            "move": "Titfuck",
            "theText": [ "But her tits tighten around your dick, and her strength keeps you in place.",
                         "But the movement of her breasts rubbing against your dick incapacitates you with pleasure.",
                         "But she grabs your arms and holds you in place as her breasts surround your dick."]
        },
        {
            "lineTrigger": "StanceStruggleComment",
            "move": "Titfuck",
            "theText": [ "'You wanna escape from my boobs? Weirdo.'",
                         "'Wouldn't it just be better to stay wrapped in the warmth of my boobs?'",
                         "'Just pump your hips into my breasts and I'll take care of the rest.'"]
        },
        {
            "lineTrigger": "StanceStruggleFree",
            "move": "Titfuck",
            "theText": [ "And manage to free your dick from the titty prison!"]
        },
        {
            "lineTrigger": "StanceStruggleFreeComment",
            "move": "Titfuck",
            "theText": [ "'What, were my breasts too much for you?'",
                         "'Hmph. Coward.'",
                         "'You'll cum in the depths of my breasts soon, human.'"]
        },

        {
            "lineTrigger": "StanceStruggle",
            "move": "Footjob",
            "theText": [ "You attempt to get Tiamat's powerful soles away from you..."]
        },
        {
            "lineTrigger": "StanceStruggleFail",
            "move": "Footjob",
            "theText": [ "But she powerfully stomps on your dick, the pain ceasing your escape attempt.",
                         "But her toes wrap around your shaft and vigorously jack you off, sending a wave of pleasure through you.",
                         "But she keeps her weight on you, and you cannot struggle out from underneath the dragon queen."]
        },
        {
            "lineTrigger": "StanceStruggleComment",
            "move": "Footjob",
            "theText": [ "'Can't even escape from my feet, can you?'",
                         "'Why don't you just stay where you belong, under my feet?'",
                         "'You should just resign yourself to being my footrag instead of escaping.♥'"]
        },
        {
            "lineTrigger": "StanceStruggleFree",
            "move": "Footjob",
            "theText": [ "And lift her feet long enough to escape from her soles!"]
        },
        {
            "lineTrigger": "StanceStruggleFreeComment",
            "move": "Footjob",
            "theText": [ "'Awwww, but I was having fun.♥'",
                         "'No matter, I enjoy the hunt.♥'",
                         "'I'll have you back under my soles soon enough.♥'"]
        },

        {
            "lineTrigger": "StanceStruggle",
            "move": "Penetration",
            "theText": [ "You attempt to pull out of Tiamat's {SexWords}..."]
        },
        {
            "lineTrigger": "StanceStruggleFail",
            "move": "Penetration",
            "theText": [ "But a powerful slam of her hips keeps you trapped inside her.",
                         "But her rhythmic bouncing keeps you trapped through pleasure.",
                         "But she keeps her weight on top of you, and does not give you a single chance to break free."]
        },
        {
            "lineTrigger": "StanceStruggleComment",
            "move": "Penetration",
            "theText": [ "'Awww, can't handle all this woman, can you?'",
                         "'I can't allow you to escape yet, I need to fuck you senseless first.♥'",
                         "'How dare you try to escape! You must be punished!'"]
        },
        {
            "lineTrigger": "StanceStruggleFree",
            "move": "Penetration",
            "theText": [ "And manage to free yourself from the sex crazy dragon!"]
        },
        {
            "lineTrigger": "StanceStruggleFreeComment",
            "move": "Penetration",
            "theText": [ "'Oh now you are in for it!'",
                         "'We'll see how much longer you can run away for!'",
                         "'I can't believe how much of a coward you humans you are.'"]
        },

        {
            "lineTrigger": "StanceStruggle",
            "move": "Tailjob",
            "theText": [ "You struggle against Tiamat's overpowering tail..."]
        },
        {
            "lineTrigger": "StanceStruggleFail",
            "move": "Tailjob",
            "theText": [ "But her tail speeds up the jerking motions, and the pleasure buckles your knees, ending your struggle.",
                         "But she moves your hands off her tail and places them on her ass, and as your fingers press into her soft flesh you stop your escape.",
                         "But her coiling tail begins to loosen and tighten at odd intervals, and you don't find an opening in the pleasing sensation."]
        },
        {
            "lineTrigger": "StanceStruggleComment",
            "move": "Tailjob",
            "theText": [ "'Don't you dare break away now!'",
                         "'My tail will never let you go!'",
                         "'Just let loose inside my tail's grasp.♥'"]
        },
        {
            "lineTrigger": "StanceStruggleFree",
            "move": "Tailjob",
            "theText": [ "And free yourself from the coiled tail!"]
        },
        {
            "lineTrigger": "StanceStruggleFreeComment",
            "move": "Tailjob",
            "theText": [ "'Wah-Hey! Get back here!'",
                         "'Hmmm, I still haven't had my fun with you yet.'",
                         "'My tail longs to hold your dick again.♥'"]
        },

        {
            "lineTrigger": "StanceStruggle",
            "move": "Making Out",
            "theText": [ "{ThePlayerName} tries to escape from the embrace of {AttackerName}..."]
        },
        {
            "lineTrigger": "StanceStruggleFree",
            "move": "Making Out",
            "theText": [ "And manages to break free of the make out session!"]
        },


        {
            "lineTrigger": "LowHealth",
            "move": "",
            "theText": ["'W-What, I'm being pushed back?'",
                        "'N-No, I can't lost to a human!'",
                        "'But...But how can I possibly lose to a human?'"]
        },
        {
            "lineTrigger": "PlayerLowHealth",
            "move": "",
            "theText": ["'Oh dear, getting tired already?'",
                        "'Tsk tsk, you'll never beat me like this.'",
                        "'Come dear, just give up and swear to serve as my sex slave.♥'"]
        },
        {
            "lineTrigger": "OnPlayerOrgasm",
            "move": "",
            "theText": ["'Oh yes, now you know what it feels to like to cum to royalty.'",
                        "'I want every last drop of cum you have left in you.♥'",
                        "'Yes! Cum for me!♥♥♥'"]
        },
        {
            "lineTrigger": "OnOrgasm",
            "move": "",
            "theText": ["The queen of dragons throws her head back as she cries out in pleasure, her orgasm sending shivers through her body.",
                        "Tiamat grips you close in an embrace as she goes through an intense orgasm, and you feel an immense amount of heat radiate off her body.",
                        "Tiamat drops to her knees as her legs give out from the intensity of her orgasm, before she composes herself and slowly returns to a standing position."]
        },
        {
            "lineTrigger": "OnSurrender",
            "move": "",
            "theText": ["'Learned your place have you? Well that only means I get to have more fun without you resisting.♥'",
                        "'I love it when humans learn they can't beat me, it makes the next part much more fun.♥'",
                        "'And now that I've broken you the real fun can start.♥'"]
        }
    ],
    "victoryScenes": [
        {
            "NameOfScene": "",
            "move": "",
            "stance": "",
            "includes": [""],
            "theScene": [
            ""
            ],
            "picture": ""
        }
    ],
    "pictures": [
        {
            "Name": "Base",
            "StartOn": "1",
            "AlwaysOn": "1",
            "IsScene": "0",
            "TheBody": "1",
            "Overlay": "No",
            "setXalign": "0.0",
            "setYalign": "0.18",
            "Images": [
                {
                    "Name": "Base",
                    "File": "../Mods/Dragon/Images/Tiamat.png",
                    "setXalign": "0.0",
                    "setYalign": "0.0"
                }
            ]
        }
    ]
}
