{
    "name": "White Dragon",
    "IDname": "White Dragon",
    "species": "Dragon",
    "gender": "female",
    "description": "A tall woman who is covered in white and black scales that run along her body like a spandex suit, leaving only her torso and pelvic area exposed. She has long horns that just outward from her head and she has a strong, scale covered tail that is reminiscent of a pangolin's plates.",
    "encyclopedia": "One of the more reclusive chromatic dragons, the White Dragon carries an angry demeanor, but deep down secretly loves sex and wishes for more adventurers to brave her mountain. She carries herself with confidence, but with a little bit of pain she melts into a sexual mess who wishes to either dominate or be dominated. While understanding the basics of dragon combat the White Dragon has developed her own techniques to make use of her powerful ass, thighs, and pussy.",
    "tags": "none",
    "generic": "True",
    "requires": [ ""],
    "skillList": [ "Deep Valley", "Avalanche", "White Expanse", "Polar Vortex", "Antarctic Expedition", "Braving the Arctic", "Freezing Gyration", "Grip of the South Pole", "Charming Breath", "Dragon Breast Press", "Dragon Deep Kiss", "Dragon Kiss", "Dragon Tease", "Dragon Footjob", "Dragon Foot Stroke", "Dragon Tailjob", "Dragon Tail Stroke"],
    "perks": [ "Clingy", "Tail Power", "Pussy Striker", "Dump Truck"],
    "stats": { "lvl": "35",
              "Exp": "130",
              "max_hp": "400",
              "max_ep": "80",
              "max_sp": "1",
              "Power": "30",
              "Technique": "40",
              "Intelligence": "40",
              "Allure": "30",
              "Willpower": "30",
              "Luck": "30"
    },
    "Fetishes": [ ""],
    "BodySensitivity": { "Sex": "100",
              "Ass": "75",
              "Breasts": "100",
              "Mouth": "100",
              "Seduction": "150",
              "Magic": "50",
              "Pain": "125",
              "Holy": "100",
              "Unholy": "100"
    },
    "resistancesStatusEffects": {
              "Stun": "25",
              "Charm": "100",
              "Aphrodisiac": "25",
              "Restraints": "-50",
              "Sleep": "0",
              "Trance": "25",
              "Paralysis": "50",
              "Debuff": "-10"
    },
    "moneyDropped": "400",
    "ItemDropList": [
                      {
                        "name": "White Dragon Scale",
                        "dropChance": "75"
                      }
                    ],
    "lossScenes": [
                    {
                        "NameOfScene": "White Dragon Mating Press",
                        "move": "",
                        "stance": "",
                        "includes": [ ""],
                        "theScene": [ "As you gasp in exhaustion, you stagger away from the draconic woman and sink to the ground.",
                                      "You start catching your breath as she begins to walk towards you, her hips swaying suggestively as she drops her stoic demeanor, and a hungry look crosses her face.",
                                      "Speaks",
                                      "You did good hanging in there until now, but I still need to be satisfied, and it seems you are the only one available to satisfy my urges.♥",
                                      "She hovers over your prone body, and as you gaze up and marvel at her impressively toned body, and your dick slowly begins to stiffen again.",
                                      "Seeing your excitement, the White Dragon grins and lowers herself, positioning her pussy directly above your dick.",
                                      "You brace yourself, and slowly feel herself inserting your dick into her already slick pussy.",
                                      "She starts off slowly grinding her hips, slowly working down the length of your dick until her hips meet yours.",
                                      "Her hips slowly move back and forth, as she keeps her pace slow as wave after wave of pleasure flows through your dick and up your spine.",
                                      "Suddenly, as you feel yourself losing yourself to the pleasure, the white dragon's movements speed up rapidly.",
                                      "Her hips move rapidly, and your dick can't take much more stimulation as your face contorts, and you let a moan escape your lips.",
                                      "The white dragon lets a small laugh escape from her, as her frantic pace clearly has you on the edge of cumming as she suddenly slams her hips against yours, as her pussy tightens around you and she uses small movements to milk out an intense orgasm.",
                                      "PlayerOrgasm", "1",
                                      "Her lewd grin dissolves into one of pure ecstasy as she feels your load burst into her, and she slows her bouncing and instead begins to sensually grind while her hips press against yours.",
                                      "Speaks",
                                      "Cumming already? To think that I already crushed your rebellious spirit, but that just means I get to have my way with you forever.♥",
                                      "You lack the power to fight back against her, and soon she continues her bouncing, running the length of your dick.",
                                      "Her wild bouncing grows more and more erratic, and you can only watch as her wild bouncing causes her ample breasts to bounce up and down, which only arouses you further.",
                                      "Without missing a beat, the white dragon notices you watching her breasts and smirks as she grabs your face and presses it into one of her breasts.",
                                      "You are caught completely off guard by the action, and as you recover from the sudden movement find a portion of her breast in your mouth, her stiff nipple resting against your tongue.",
                                      "With no options you begin to lick at the boob in your mouth, running your tongue over her nipple, eliciting a loud, heavy moan from the dragon.",
                                      "With your free hand you reach out and grab her other breast, carefully fondling it and rolling her nipple with your fingers until it begins to stiffen.",
                                      "Your stimulation of her breasts only causes her to grow more fervent in her fucking, and she beginst to rock forward, putting you on your back and ensuring her breasts are now pinning you to the ground.",
                                      "The full weight of the dragon on top of you and her continued riding of your dick begins to prove to be too much, and soon you can't help but cum yet again.",
                                      "PlayerOrgasm", "1",
                                      "As she feels you cum into her she once again presses her hips low, and she lets out a rumbling moan as she feels your cum flow into her.",
                                      "Speaks",
                                      "Ahhh. Ahhhh. AHHHHHH!♥♥♥",
                                      "MonsterOrgasm", "1",
                                      "You feel her pussy tighten as she cums on top of you, as she lets her entire body weight rest on top of you. You feel yourself growing tired as her breast against your face restricts your oxygen, but she quickly sits up while on top of your dick.",
                                      "Speaks",
                                      "Ahhhh, that was incredible! I didn't know if you were gonna be able to hang in there the whole time, but I'm impressed!",
                                      "The draconic woman slowly gets off of you, and gives you a pat on the head as she leaves you propped up against a wall, and you feel your vision blurring as exhaustion takes hold...",
                                      "ChangeSensitivity",
                                      "Sex",
                                      "5",
                                      "ChangeFetish",
                                      "Sex",
                                      "5",
                                      "GameOver"
                                  ],
                        "picture": ""
                    },
                    {
                        "NameOfScene": "White Dragon Thighjob Victory",
                        "move": "",
                        "stance": "Thighjob",
                        "includes": [ ""],
                        "theScene": [ "As you cum while trapped in the thighs of the white dragon, you lose the strength to fight back anymore.",
                                      "She notices the strength leaving your body and a lewd grin breaks through her normally angry and stoic disposition.",
                                      "Speaks",
                                      "Tired already? But I'm still having so much fun with you! Stick around a bit longer and let me have some fun.♥",
                                      "Without waiting for an answer she crosses her feet, pressing her thighs harder together, and she slowly begins to jerk you off with her thighs.",
                                      "The tightened thighs surrounding your dick send waves of pleasure through you.",
                                      "As you revel in the pleasure of her thighs you notice her crossed feet are dangling in front of you, and you bend forward, pressing your face into one of her soles, taking in the scent of her feet.",
                                      "While you worship her feet she begins to loosen the tension in her thighs, and as she uncrosses her feet she presses the one you are kissing into your face, and your head is pressed into the ground by her foot.",
                                      "She uses her other leg to wrap around your cock, and between the feeling of her foot on your face and the movements of her thighs you can't hold back from cumming.",
                                      "PlayerOrgasm", "1",
                                      "A burst of white cum erupts into the air before landing back on the gray and black tights of the dragon girl. She lets out a giggle as your cock twitches in her thigh's embrace.",
                                      "Speaks",
                                      "Trying to paint all of me white are we? Let's see how much cum you have left to cover me with.♥",
                                      "Not giving you a moment to recover your energy she continues to stroke your dick with her thighs.",
                                      "Not longer able to resist, you begin to move your hips in conjunction with her thighs, meeting her movements with your own and increasing the pleasure you feel.",
                                      "Meanwhile, her foot continues to press your head into the ground, and as you continue to breath in her scent you begin to lick at her foot.",
                                      "She laughs as your tongue tickles her foot, and her laughter causes her thighs to loosen, and she rolls off you.",
                                      "She rolls and recovers, but now that she stares at you it seems like she has other plans now.",
                                      "Speaks",
                                      "Your tongue feels good, I do wish you would have used it other places, but for now I have a parting gift.♥",
                                      "Before you realize what is happening she stands and turns so her ass is facing you. As it dawns on you what is happening your face is pressed by her ass.",
                                      "As you reel from her ass pressing into your face, you feel her feet begin to play with your cock.",
                                      "Her feet press together, and she slowly begins to rub her soles back and forth, causing you to moan, which is muffled by her ass.",
                                      "Speaks",
                                      "Hmhmhm, guess you're having fun down there.♥ Maybe I should finish this off?",
                                      "Her feet begin to speed up, and soon you feel another wave of cum building up inside your cock.",
                                      "As her feet continue to pump your cock you can't hold back anymore, and you let out a cry of pleasure as you release your load.",
                                      "PlayerOrgasm", "1",
                                      "The white dragon laughs again as your cry is muffled into her ass. With confidence she removes her feet from your cock and stands up off your face.",
                                      "Now standing proudly over you she blow a kiss at you, and with a turn she begins to walk away, swaying her hips as she walks.",
                                      "ChangeFetish",
                                      "Legs",
                                      "5",
                                      "ChangeFetish",
                                      "Feet",
                                      "5",
                                      "GameOver"
                                  ],
                        "picture": ""
                    },
                    {
                        "NameOfScene": "White Dragon Feet Loss",
                        "move": "",
                        "stance": "Footjob",
                        "includes": [""],
                        "theScene": [ "You gasp for air, and try to start moving away from the sex crazed dragon as you stumble and fall to the ground.",
                                      "You find yourself too exhausted to move, and the white dragon laughs as she approaches you, closing the distance rapidly with a few strides of her long, slender legs.",
                                      "Speaks",
                                      "Oh dear, you can't be done just yet. There are so many things left I wanna try out on you.♥",
                                      "As you try and drag yourself away from the towering figure, she simply reaches down and hooks your legs under her arms and pulls you closer to her.",
                                      "Speaks",
                                      "If I didn't know any better I'd say you're trying to run away. But I can see that a little bit of you still wants to play.",
                                      "As she holds your lower half up, you notice that your dick is still standing despite its exhaustion.",
                                      "Speaks",
                                      "Maybe I'll have to {i}stomp{/i} out its energy.♥",
                                      "You shudder as her grip tightens around your calves, as she simultaneously raises a foot into the air and uses her toes to grip the base of your cock.",
                                      "Speaks",
                                      "Hehehe, what're you gonna do now? Can you even resist in a position like this?",
                                      "She jostles your legs in her arms, as if to prove to you just how helpless you are in your exhausted and weary form.",
                                      "As she shakes your lower body, you notice her toes slowly stroking against your dick. The slow, calm stroking motions showcases her control over the situation, and you can't help but get further aroused by the feeling of being dominated.",
                                      "Her deft toes continue to work the length of your shaft, you feel the pressure building in your groin and the white dragon notices as a lewd smirk crosses her face.",
                                      "Her toes stop at the base of your dick and grip you tightly, the pressure building inside of you increases as your release is stopped. The grin on the dragon girl suddenly twists to a wicked grin.",
                                      "Speaks",
                                      "Aren't you enjoying yourself too much? I wanna see you cry out under my feet.",
                                      "Without any further ado, the white dragon releases your legs and you unceremoniously collapse to the ground as her toes release you, and her heel strikes at your balls.",
                                      "The sudden impact combined with her sole covering your dick creates an intense sensation of pain and pleasure as your face twists under her feet. You see the white dragon start to blush as her masochistic expression clearly shows her amusement at your situation.",
                                      "Speaks",
                                      "Hahahaha, you should see your face! Trying to pull a tough guy act, but your balls are as fragile as the rest of the hero's around here!",
                                      "The pain slowly fades as her soles start to rub along the length of your cock, and the pressure starts to build inside you again.",
                                      "The dragon gently rolls the ball of her foot against your shaft, before her toes close around the tip of your penis, holding it closed as she sits down across from you.",
                                      "As she finishes sitting down near you, her other foot joins the assault on your weary nether regions and both of them start to jack you off.",
                                      "Her feet sandwich together as you feel yourself on the brink of cumming, and as her feet intensify their pressure you can no longer hold back as you cry out and cum into the air.",
                                      "PlayerOrgasm", "1",
                                      "As you release your orgasm into the air the white dragon places the center of her sole overtop your member and you watch as her foot absorbs your semen as it rains out from you.",
                                      "The white dragon glows for the duration of her feeding off your cum, and as you finish she slowly stands up and hovers over you for a second, before the lust on her face fades and the shy, reclusive dragon realizes what she has done.",
                                      "Speaks",
                                      "Oh- oh my goddess are you okay? I'm really sorry about stomping on your balls back there. I-I-I just get overtaken sometimes when I'm having sex, a-a-a-a-and this over dominant side comes out and-",
                                      "She goes on for multiple minutes as the pain and pleasure wracking through your body makes you start to black out. Before you fully lose consciounsess you feel her lips against your balls as she plants a few kisses against your battered balls to make them feel better.",
                                      "If you weren't so tired you would try to go for another round, but instead you black out as the dragon massages you to unconsciousness.",
                                      "ChangeFetish", "Feet",  "5",
                                      "ChangeSensitivity", "Sex",  "8",
                                      "GameOver"],
                        "picture": ""
                    }
                  ],
    "combatDialogue": [
                        {
                            "lineTrigger": "HitWith",
                            "move": "Spank",
                            "theText": [ "{TargetName} smirks as her sizable ass jiggles from the impact of your hand.",
                                         "'The only thing that's doing is telling me you want to be punished.'",
                                         "'Is this how humans tell others they want to get fucked senseless?'"]
                        },
                        {
                            "lineTrigger": "HitWith",
                            "move": "Whip",
                            "theText": [ "'Ohhh, well aren't you a naughty little human'",
                                         "'I will admit your cheap toy is turning me on.'",
                                         "{TargetName} lets out a flirtatious moan as your whip strikes across parts of her body."]
                        },
                        {
                            "lineTrigger": "HitWith",
                            "move": "Demon Layer",
                            "theText": [ "'What in the world is that weapon? Why can it hurt me?!'",
                                         "'Hey! Why are you doing that?!'",
                                         "'I'm gonna pay you back for that!'"]
                        },
                        {
                            "lineTrigger": "HitWith",
                            "move": "Holy Headpat",
                            "theText": [ "'What in the world are you doing?'",
                                         "'Are you mocking me?'",
                                         "'I-I'm gonna fuck you off this mountain now!'"]
                        },
                        {
                            "lineTrigger": "HitWith",
                            "move": ["Bondage Net", "Magical Binding", "Pin"],
                            "theText": [ "'Well aren't these some fancy restraints, hope you don't do anything while I'm defenseless.'",
                                         "The usually stoic dragon moans as she raises her butt suggestively in the air.",
                                         "'Oh no, these restraints need to be much tighter if they're gonna hold me back.'"]
                        },
                        {
                            "lineTrigger": "HitWith",
                            "move": "Finger",
                            "theText": [ "'Come now human, dont you think this is enough foreplay?'",
                              "'Awww stop with the teasing and just put the real thing in.'",
                              "'Am I supposed to get off from this alone?'"]
                        },
                        {
                            "lineTrigger": "HitWith",
                            "move": "Dildo",
                            "theText": [ "This is nice, but I'd much rather prefer you inside me.",
                              "'That does feel nice, but I trule crave the real thing.♥'",
                              "'Come on now, no need to hold back and use some imitation.'"]
                        },
                        {
                            "lineTrigger": "HitWith",
                            "move": ["Arouse", "Arousara", "Arousero"],
                            "theText": [ "Did no one explain to you that dragons are powerful mages? Or are you using weak attacks on purpose?",
                              "'No good, you can't get me horny with weak magic like that.'",
                              "'I'd much rather you just try and fuck me instead of wasting time.'"]
                        },
                        {
                            "lineTrigger": "HitWith",
                            "move": "Electrify",
                            "theText": [ "'Now this is impressive magic, but not enough to stop me.♥'",
                              "'Oh yeah, now this is a feeling I can get behind.♥'",
                              "'Mmmm, maybe you should learn some dragon magic to be really good at this?'"]
                        },
                        {
                            "lineTrigger": "HitWith",
                            "move": ["Grope Ass", "Squeeze Ass", "Massage Ass", "Fondle Ass"],
                            "theText": [ "'Impressed with my ass? Stick around and you'll feel a lot more of it.'",
                              "'Go ahead and feel it up, because I'll make sure you're acquainted with my ass real well.♥'",
                              "'You work your hands well, human. Maybe you should stick around this mountain more.♥'"]
                        },
                        {
                            "lineTrigger": "HitWith",
                            "move": ["Breast Caress", "Breast Knead", "Breast Massage", "Breast Fondle"],
                            "theText": [ "'Hmhm, enjoying my breasts little human?'",
                              "'Hmmm...♥ You're not bad with your hands...'",
                              "She blushes as you play with her breasts."]
                        },
                        {
                            "lineTrigger": "HitWith",
                            "move": "Suckle",
                            "theText": [ "'I like how you work your mouth, I could think of other places you could put it to use.♥'",
                              "'Mmmm, that's not bad technique. Have any others you want to show me?'",
                              "'You're such a tease.♥ But all this just makes me crave more from you.♥'"]
                        },
                        {
                            "lineTrigger": "HitWith",
                            "move": "Pinch Nipples",
                            "theText": [ "'Oh yeah!♥ You could be rougher with me, however.♥'",
                              "'Kyaaaa!♥'",
                              "The dragon lets out a lewd moan as her icy demeanor melts."]
                        },
                        {
                            "lineTrigger": "HitWithA",
                            "move": "Anal Penetration",
                            "theText": [ "'Ha!♥ Finally we move on to the fun stuff.♥'",
                              "'You think you can win against my ass?♥'",
                              "'Don't complain if I wear you out with my ass, alright?♥'"]
                        },
                        {
                            "lineTrigger": "HitWith",
                            "move": "Penetrate",
                            "theText": [ "'Oh!♥ Let's see if you can please me properly!'",
                              "'You can be as rough as you want.♥'",
                              "'What an admirable cock, let's see if it can please me.'"]
                        },
                        {
                            "lineTrigger": "HitWith",
                            "move": ["Thrust", "Channeling Thrust"],
                            "theText": [ "'I love feeling a real person thrusting inside me!♥'",
                              "'Mmm,♥ Ah!♥ Yes!'",
                              "'Can you go the distance? I love an adventurer with stamina.'"]
                        },
                        {
                            "lineTrigger": "HitWith",
                            "move": ["Pound", "Multi Thrust", "Carrying Fuck"],
                            "theText": [ "'I love it when you're rough with me.'",
                              "'Oh yeah! Treat me like the bad dragon I am!'",
                              "'I love when you press into me this hard!♥'"]
                        },
                        {
                            "lineTrigger": "HitWith",
                            "move": "Empowered Thrust",
                            "theText": [ "'You can use your magic like this? Ah, I'm impressed.'",
                              "'Ah!♥ Such impressive magic!♥'",
                              "'Ohhh, I didn't know human magic was so {i}advanced{/i}'"]
                        },
                        {
                            "lineTrigger": "HitWith",
                            "move": ["Tantric Thrust", "Passionate Lovemaking"],
                            "theText": [ "'you're warming me up from the inside!♥'",
                              "'I love seeing the gentle side of a lover.♥'",
                              "'Taking it slow and steady? Take your time and pump me full of your seed.♥'"]
                        },
                        {
                            "lineTrigger": "HitWithA",
                            "move": ["Thrust", "Channeling Thrust"],
                            "theText": [ "'I love feeling a real person thrusting inside me!♥'",
                              "'Mmm,♥ Ah!♥ Yes!'",
                              "'Can you go the distance? I love an adventurer with stamina.'"]
                        },
                        {
                            "lineTrigger": "HitWithA",
                            "move": "Empowered Thrust",
                            "theText": [ "'You can use your magic like this? Ah, I'm impressed.'",
                              "'Ah!♥ Such impressive magic!♥'",
                              "'Ohhh, I didn't know human magic was so {i}advanced{/i}'"]
                        },
                        {
                            "lineTrigger": "HitWithA",
                            "move": ["Pound", "Multi Thrust", "Carrying Fuck", "Anal Piston"],
                            "theText": [ "'I love it when you're rough with me.'",
                              "'Oh yeah! Treat me like the bad dragon I am!'",
                              "'I love when you press into me this hard!♥'"]
                        },
                        {
                            "lineTrigger": "HitWithA",
                            "move": ["Tantric Thrust", "Passionate Lovemaking"],
                            "theText": [ "'you're warming me up from the inside!♥'",
                              "'I love seeing the gentle side of a lover.♥'",
                              "'Taking it slow and steady? Take your time and pump me full of your seed.♥'"]
                        },
                        {
                            "lineTrigger": "HitWith",
                            "move": ["Charm", "Charm Wave"],
                            "theText": [ "'Oh? Were you trying to woo me with your magic?'",
                              "'If you wanna woo me you should probably just make me cum first.♥'",
                              "'Maybe you should go back and study what works on certain dragons sweetheart.'"]
                        },
                        {
                            "lineTrigger": "HitWith",
                            "move": "Sleep",
                            "theText": [ "'Oh no, I hope no adventurers take advantage of me while I'm sleeping.♥'",
                              "The pale skinned dragon cracks a lewd grin as her eyelids grow heavy.",
                              "'Hehehe, I already know I'm about to have a pleasant dream.♥'"]
                        },
                        {
                            "lineTrigger": "HitWith",
                            "move": ["Lewd Bottle", "Cloying Mist", "Placebo Pheromone"],
                            "theText": [ "'A drug, well if you really need the help getting me off.♥'",
                              "'I hope you're ready now that you're making me extra horny.♥'",
                              "'I'm gonna fuck you into the ground now.♥'"]
                        },
                        {
                            "lineTrigger": "HitWith",
                            "move": ["Enfeeble", "Sensitize"],
                            "theText": [ "'Unh, how is this magic affecting me so much?'",
                              "'How annoying, but I won't let this stop me!'",
                              "'Did you need a handicap little human? If you asked nicely I might've easier on you.♥ Probably not though.♥'"]
                        },
                        {
                            "lineTrigger": "HitWith",
                            "move": "Disarming Appeal",
                            "theText": [ "'Cowering before me? Well maybe I could lighten up a bit.'",
                              "'Well since you're asking so nicely maybe I will go easy on you.♥'",
                              "'No matter how hard I go on you, the result will still be you on your back.♥'"]
                        },
                        {
                            "lineTrigger": "HitWith",
                            "move": ["Kiss", "Make Out"],
                            "theText": [ "'A kiss? I would rather prefer using your mouth for something more pleasurable.♥'",
                              "'I see you appreciate foreplay, but I prefer more direct methods.'",
                              "'Isn't it hard to appreciate my body from this close?'"]
                        },
                        {
                            "lineTrigger": "HitWith",
                            "move": ["Deep Kiss", "Lovingly Rough Kiss", "Sensually Seductive Kiss", "Skillfully Passionate Kiss", "Misty Kiss"],
                            "theText": [ "{TargetName} closes her eyes and gives into the kiss, letting a small moan escape from her.",
                              "She gets momentarily lost in the kiss.",
                              "'You could be a lot rougher with your kisses.♥'"]
                        },
                        {
                            "lineTrigger": "HitWith",
                            "move": ["Seduce", "Enamor", "Smoldering Seduction", "Smoldering Flaunt", "Massaging Seduction", "Mass Seduction"],
                            "theText": [ "{TargetName} appears flustered from your flirting and her stoic face breaks into a blush.",
                              "'Oh, you're such a tease.♥'",
                              "'If you keep heating me up like this I'm gonna fuck your brains out.♥'"]
                        },
                        {
                            "lineTrigger": "HitWith",
                            "move": "Ear Tease",
                            "theText": [ "'Playing with my horns? That's so cute of you.'",
                              "'Teasing me are you? Well I'll make sure to treat you nicely.♥'",
                              "'Oh, I love how you flirt with me.♥'"]
                        },
                        {
                            "lineTrigger": "HitWith",
                            "move": "Analyze",
                            "theText": [ "'Are you checking me out over there?'",
                                         "'Go ahead and take a good long look, human.♥'"]
                        },


                        {
                            "lineTrigger": "UsesMove",
                            "move": "Braving the Arctic",
                            "theText": [ "'Mmm!♥ Doing this is better than I ever hoped!'",
                                         "'Haaa, I'll make sure to drain you dry before you leave this mountain.'",
                                         "'I want to feel you deep inside me.♥'"]
                        },
                        {
                            "lineTrigger": "UsesMove",
                            "move": "Charming Breath",
                            "theText": [ "'Try not to get addicted to me off this.♥'",
                                         "'Fall under my spell, and worship me.♥'",
                                         "'Once you fall for me, I'll be able to do anything I want to you.♥'"]
                        },
                        {
                            "lineTrigger": "UsesMove",
                            "move": "Freezing Gyration",
                            "theText": [ "'I'll freeze your cock over, then fuck you until it melts again.'",
                                         "'I love teasing your dick, I can feel it begging for release.♥'",
                                         "'Have you ever felt an experience like this, human?'"]
                        },
                        {
                            "lineTrigger": "UsesMove",
                            "move": "Grip of the South Pole",
                            "theText": [ "'FUCK ME!♥ FUCK ME!♥ FUCK ME!♥'",
                                         "{AttackerName} starts moaning wildly while riding you.",
                                         "'Fuck me forever!♥'"]
                        },
                        {
                            "lineTrigger": "UsesMove",
                            "move": "Polar Vortex",
                            "theText": [ "'Here's the real advantage to having a tail!'",
                                         "'Look at you squirm under the power of my tail.♥'",
                                         "'Fufufu, does my tail feel good? Do you feel like cumming?'"]
                        },
                        {
                            "lineTrigger": "UsesMove",
                            "move": "Antarctic Expedition",
                            "theText": [ "'You can't get away from fucking my ass now, human.'",
                                         "'Relax now, and let me fuck you.♥'",
                                         "'Hehe, I got you now.♥'"]
                        },
                        {
                            "lineTrigger": "UsesMove",
                            "move": "White Expanse",
                            "theText": [ "'This isn't the only way I can hide your cock.♥'",
                                         "'I'm gonna keep this guy nice and warm.♥'",
                                         "'Just relax, and let my thighs do all the work.♥'"]
                        },
                        {
                            "lineTrigger": "UsesMove",
                            "move": "Avalanche",
                            "theText": [ "'This isn't the only way I can hide your cock.♥'",
                                         "'I'm gonna keep this guy nice and warm.♥'",
                                         "'Just relax, and let my thighs do all the work.♥'"]
                        },
                        {
                            "lineTrigger": "UsesMove",
                            "move": "Deep Valley",
                            "theText": [ "'How long can you last while my thighs jack you off?'",
                                         "'Do my soft thighs feel good, human?'",
                                         "'Gotcha! Now to jack you off with my thighs.♥'"]
                        },
                        {
                            "lineTrigger": "UsesMove",
                            "move": "Dragon Kiss",
                            "theText": [ "'Hmm, isn't this kinda romantic?'",
                                         "'Ahhh... I could just kiss you all day long...♥'",
                                         "'You feel good on my lips.♥'"]
                        },
                        {
                            "lineTrigger": "UsesMove",
                            "move": "Dragon Deep Kiss",
                            "theText": [ "'Hehe...♥'",
                                         "'Mmmm...♥'",
                                         "'Hahhhh...♥'"]
                        },
                        {
                            "lineTrigger": "UsesMove",
                            "move": "Dragon Breast Press",
                            "theText": [ "'Impressed by my boobs? Give them a feel.♥'",
                                         "'Aren't they wonderful, human? Dragons have incredibly soft breasts.'",
                                         "'I like feeling you against my breasts, I may have to smother you with them.♥'"]
                        },
                        {
                            "lineTrigger": "UsesMove",
                            "move": "Dragon Tease",
                            "theText": [ "'What part of me do you like the most, adventurer?'",
                                         "'Do I make you horny? Maybe you should come over here and fuck me.♥'",
                                         "'You could always pick your favorite body part and start worshipping it.♥'"]
                        },
                        {
                            "lineTrigger": "UsesMove",
                            "move": "Dragon Footjob",
                            "theText": [ "'How is my feet, human? Do you like them?'",
                                         "'I do quite enjoy having you under my heel.♥'",
                                         "'You look great under my foot, squirming around like that.♥'"]
                        },
                        {
                            "lineTrigger": "UsesMove",
                            "move": "Dragon Foot Stroke",
                            "theText": [ "'How do you like the feel of my soles?'",
                                         "'My feet will have the honor of pumping you dry.'",
                                         "'It makes me laugh how easily you are subdued by a foot getting you off.'"]
                        },
                        {
                            "lineTrigger": "UsesMove",
                            "move": "Dragon Tailjob",
                            "theText": [ "'Ha! Caught you in my tail. Or, at least I caught your dick.'",
                                         "'I can barely see your dick now that I've wrapped it up, hope it feels warm in there.♥'",
                                         "'Are you gonna struggle against the softness of my tail?'"]
                        },
                        {
                            "lineTrigger": "UsesMove",
                            "move": "Dragon Tail Stroke",
                            "theText": [ "'How does it feel to be jerked off a tail thick as my thigh?'",
                                         "'I've always dreamt about having someone cum from the strength of my tail.♥'",
                                         "'Have you fantasized about being dominated by a tail before? I bet you've always wanted something like this.♥'"]
                        },


                        {
                            "lineTrigger": "StanceStruggle",
                            "move": "Sex",
                            "theText": [ "{ThePlayerName} struggles to pull out of {AttackerName}'s finely muscled pussy..."]
                        },
                        {
                            "lineTrigger": "StanceStruggleFail",
                            "move": "Sex",
                            "theText": [ "But she easily keeps you pinned to the ground, and continues to ride your dick.",
                                         "But her powerful legs wrap around your back, keeping her pressed deep onto your cock.",
                                         "But as you grab her hips to pull out she easily knocks your hands aside and continues to ride you senseless!"]
                        },
                        {
                            "lineTrigger": "StanceStruggleComment",
                            "move": "Sex",
                            "theText": [ "'After all this effort you wanna leave?'",
                                         "'Trying to escape? But I'm just getting serious with you.'",
                                         "'Just lie back and let my pussy give you everything you desire.'"]
                        },
                        {
                            "lineTrigger": "StanceStruggleFree",
                            "move": "Sex",
                            "theText": [ "And manages to escape her pussy!"]
                        },
                        {
                            "lineTrigger": "StanceStruggleFreeComment",
                            "move": "Sex",
                            "theText": [ "'No! You must've been so close if you were trying that hard to escape!'",
                                         "'I'll get you back inside me! Then you'll be mine!♥",
                                         "'Awww, are you scared, human? You should be since you're fighting a dragon!"]
                        },

                        {
                            "lineTrigger": "StanceStruggle",
                            "move": "Anal",
                            "theText": [ "{ThePlayerName} struggles to pull out of {AttackerName}'s tight ass..."]
                        },
                        {
                            "lineTrigger": "StanceStruggleFail",
                            "move": "Anal",
                            "theText": [ "But she easily pins you to the ground and slams her hips against you, pressing your dick deep inside her.",
                                         "But she sensually teases you with her long legs pressing into your side, and you get lost in her distraction.",
                                         "But with a flex of her powerful ass muscles your dick is constricted in a wave of pleasure and pain, and you end your struggles."]
                        },
                        {
                            "lineTrigger": "StanceStruggleComment",
                            "move": "Anal",
                            "theText": [ "'It's too late human, I've already got you in me.♥'",
                                         "'Wouldn't it just be easier for you to lie back and enjoy the ride?♥'",
                                         "'Come now, I'll make sure you lose that fight soon enough.♥'"]
                        },
                        {
                            "lineTrigger": "StanceStruggleFree",
                            "move": "Anal",
                            "theText": [ "And breaks free from her tight ass!"]
                        },
                        {
                            "lineTrigger": "StanceStruggleFreeComment",
                            "move": "Anal",
                            "theText": [ "'Oh? Was it not what you dreamed of?'",
                                         "'Fufufu, it doesn't matter, I'll just catch you again.♥'",
                                         "'I'll make sure you cum inside my ass soon.♥'"]
                        },

                        {
                            "lineTrigger": "StanceStruggle",
                            "move": "Footjob",
                            "theText": [ "{ThePlayerName} struggles to escape from the powerful feet of {AttackerName}..."]
                        },
                        {
                            "lineTrigger": "StanceStruggleFail",
                            "move": "Footjob",
                            "theText": [ "But she effortlessly strokes your feet multiples times in a burst of speed, and you stop struggling to resist the pleasure.",
                                         "But she places her weight onto your cock, pressing it against you and keeps you pinned to the ground.",
                                         "But her toes grip the base of your cock, and her grip makes you think twice about escaping."]
                        },
                        {
                            "lineTrigger": "StanceStruggleComment",
                            "move": "Footjob",
                            "theText": [ "'Are you a little foot pervert, human? If you play nice I'll let you serve my feet.♥'",
                                         "'I'd be lying if I said I didn't love having you under my foot.♥'",
                                         "'Awwww don't struggle too hard, I quite like having a foot pet.'"]
                        },
                        {
                            "lineTrigger": "StanceStruggleFree",
                            "move": "Footjob",
                            "theText": [ "And pushes the smug, dominating feet away!"]
                        },
                        {
                            "lineTrigger": "StanceStruggleFreeComment",
                            "move": "Footjob",
                            "theText": [ "'Hmmm? Was I too rough for you?'",
                                         "'Just lie back down and let my feet take you to paradise.'",
                                         "'Mmm, I enjoy that I get to chase you down now.♥'"]
                        },

                        {
                            "lineTrigger": "StanceStruggle",
                            "move": "Tailjob",
                            "theText": [ "{ThePlayerName} tries to get out of the coiled tail of {AttackerName}..."]
                        },
                        {
                            "lineTrigger": "StanceStruggleFail",
                            "move": "Tailjob",
                            "theText": [ "But her tail speeds up the jerking motions, and the pleasure buckles your knees, ending your struggle.",
                                         "But she moves your hands off her tail and places them on her ass, and as your fingers press into her soft flesh you stop your escape.",
                                         "But her coiling tail begins to loosen and tighten at odd intervals, and you don't find an opening in the pleasing sensation."]
                        },
                        {
                            "lineTrigger": "StanceStruggleComment",
                            "move": "Tailjob",
                            "theText": [ "'Where else can you enjoy a tailjob as nice as this? Just enjoy it.♥'",
                                         "'Oh come on, why do you resist my tail?",
                                         "'Maybe if you struggle more you'll cum onto my tail.♥'"]
                        },
                        {
                            "lineTrigger": "StanceStruggleFree",
                            "move": "Tailjob",
                            "theText": [ "And escapes the tail that wrapped itself around {TargetHisOrHer} cock!"]
                        },
                        {
                            "lineTrigger": "StanceStruggleFreeComment",
                            "move": "Tailjob",
                            "theText": [ "'What? I can't believe you'd run away from my tail!'",
                                         "'I'll have my tail around you soon enough.♥'",
                                         "'Next time my tail will crush your rebellious spirit.'"]
                        },

                        {
                            "lineTrigger": "StanceStruggle",
                            "move": "Thighjob",
                            "theText": [ "{ThePlayerName} tries to get out of the flexing thighs of {AttackerName}..."]
                        },
                        {
                            "lineTrigger": "StanceStruggleFail",
                            "move": "Thighjob",
                            "theText": [ "But with a flex of her thighs you feel your cock be eveloped by the warm embrace of her thighs.",
                                         "But as you try to wrestle her thighs away, the soft flesh of her legs arouses you, and you stop your struggles.",
                                         "But she uses her free leg to press a foot into your face, and the feeling of her foot pressing into your face with its aroma makes you relax from your struggles."]
                        },
                        {
                            "lineTrigger": "StanceStruggleComment",
                            "move": "Thighjob",
                            "theText": [ "'Don't you like this level of intimacy? Your dick is so close to being inside me.♥'",
                                         "'Don't try to run now, my thighs are happy to help jerk you off.♥'",
                                         "'Why resist? Just let me warm you up with my thighs.♥'"]
                        },
                        {
                            "lineTrigger": "StanceStruggleFree",
                            "move": "Thighjob",
                            "theText": [ "And manages to break free of the thighs surrounding {TargetHisOrHer} cock!"]
                        },
                        {
                            "lineTrigger": "StanceStruggleFreeComment",
                            "move": "Thighjob",
                            "theText": [ "'No! I was having so much fun jerking you off with my thighs.♥'",
                                         "'Ah, running away from my legs? Maybe I'll have to use my feet instead.♥'",
                                         "'Are thigh cuddles not your speed?'"]
                        },

                        {
                            "lineTrigger": "StanceStruggle",
                            "move": "Making Out",
                            "theText": [ "{ThePlayerName} tries to escape from the embrace of {AttackerName}..."]
                        },
                        {
                            "lineTrigger": "StanceStruggleFree",
                            "move": "Making Out",
                            "theText": [ "And manages to break free of the make out session!"]
                        },


                        {
                            "lineTrigger": "LowHealth",
                            "move": "",
                            "theText": [ "'Hah.♥ Am...am I being brough to the edge?'",
                                         "'You're pretty good, I hope you can keep pleasing me.♥'",
                                         "'Better than I expected, I wish I could keep you around forever.♥'"]
                        },
                        {
                            "lineTrigger": "PlayerLowHealth",
                            "move": "",
                            "theText": [ "'Getting tired? Maybe you should just let me handle this and fuck you senseless.'",
                                         "'Why don't you just give up and let me fuck you for the rest of the day?♥'",
                                         "'Won't you please cum for me? I just wanna feel you cum with all your heart.♥'"]
                        },
                        {
                            "lineTrigger": "OnPlayerOrgasm",
                            "move": "",
                            "theText": [ "'I love the face you make when you cum, I wish I could keep you here forever.♥'",
                                         "You cry out as a wave of pleasure overtakes you, and the dragon facing off against you smirks as you blow your load.",
                                         "You find yourself on the verge of cumming, and as you try to recover the White Dragon presses you to the ground, and uses both of her thighs to caress your dick, causing a burst of white cum to erupt from between her thighs."]
                        },
                        {
                            "lineTrigger": "OnOrgasm",
                            "move": "",
                            "theText": [ "'AAAAHH...Wait, did I lose?'",
                                         "'Ahhhhh...♥ G-Good job... Ha... Haha...♥'",
                                         "'You're...Impressive.♥ Stop by again soon.♥"]
                        },
                        {
                            "lineTrigger": "OnSurrender",
                            "move": "",
                            "theText": [ "'Giving up? Well that won't save you from being fucked.'",
                                         "'Just going to let me have my way with you? Well I guess I'll indulge your wishes.♥'",
                                         "'Well well, I guess if you're just going to let me have my way with you.♥"]
                        }
                      ],
  "victoryScenes": [
            {
                "NameOfScene": "",
                "move": "",
                "stance": "",
                "includes": [ ""],
                "theScene": [ ""
                          ],
                "picture": ""
            }
        ],
"pictures": [
              {
                  "Name": "Base",
                  "StartOn": "1",
                  "AlwaysOn": "1",
                  "IsScene": "0",
                  "TheBody": "1",
                  "Overlay": "No",
                  "setXalign": "0.0",
                  "setYalign": "0.10",
                  "Images": [
                  {
                      "Name": "Base",
                      "File": "../Mods/Dragon/Images/WhiteDragon.png",
                      "setXalign": "0.0",
                      "setYalign": "0.0"
                  }
                ]
              }
            ]

    }
