{
    "name": "Dragon Heart",
    "itemType": "Accessory",
    "cost": "5000",
    "descrip": "Increases Willpower and Luck by a certain amount, but at the cost of your intelligence. Increases damage for Seduction abilities by 15%, increases your Willpower and Luck by 5 each, but lowers your intelligence by 10.",
    "requires": [ ""],
    "perks": [ "Dragon Hearted"],

    "hp": "0",
    "ep": "25",
    "sp": "0",

    "Exp": "0",
    "Power": "0",
    "Technique": "0",
    "Intelligence": "-10",
    "Allure": "0",
    "Willpower": "5",
    "Luck": "5",

    "statusEffect": "None",
    "statusChance": "0",
    "statusPotency": "0",

    "BodySensitivity": { "Sex": "0",
              "Ass": "0",
              "Breasts": "0",
              "Mouth": "0",
              "Seduction": "0",
              "Magic": "0",
              "Pain": "0",
              "Holy": "0",
              "Unholy": "0"
    },

    "resistancesStatusEffects": {
              "Stun": "0",
              "Charm": "0",
              "Aphrodisiac": "0",
              "Restraints": "0",
              "Sleep": "0",
              "Trance": "0",
              "Paralysis": "0"
    },

    "useOutcome": "",
    "useMiss": ""

}
