{
    "name": "Overwhelming Kiss",
    "cost": "0",
    "costType": "ep",
    "requiredLevel": "0",
    "learningCost": "0",
    "skillType": "attack",
    "statType": "Allure",
    "requiredStat": "0",
    "skillTags": [ "Mouth"],
    "fetishTags": [ "Kissing"],
    "startsStance": "",
    "requiresStance": "Any",
    "unusableIfStance": [ "Blowjob", "Titfuck"],
    "requiresTargetStance": [ "Any"],
    "unusableIfTarget": [ ""],
    "removesStance": "None",
    "requiresStatusEffect": "None",
    "requiresStatusPotency": "0",
    "unusableIfStatusEffect": [ "None"],
    "power": "30",
    "minRange": "90",
    "maxRange": "110",
    "recoil": "0",
    "targetType": "single",
    "statusEffect": "Charm",
    "statusChance": "50",
    "statusDuration": "0",
    "statusPotency": "0",
    "statusResistedBy": "Willpower",
    "statusText": "",
    "descrip": "",
    "outcome": "[AttackerName] draws [TargetName] into a single, passionate kiss. The overbearing perfume and power of [AttackerName] pulls [TargetName] into a stupor for a second as [TargetHeOrShe] falls into the kiss.",
    "miss": "[AttackerName] draws [TargetName] into a powerful kiss, but [TargetName] keeps [TargetHisOrHer] head away from the kiss.",
    "statusOutcome": "[TargetName] resists the overpowering allure of [AttackerName] and keeps his wits about him.",
    "statusMiss": "",
    "restraintStruggle": [""],
    "restraintStruggleCharmed": [""],
    "restraintEscaped": [""],
    "restraintEscapedFail": [""]
}
