{
    "name": "Coiled Wrath",
    "cost": "0",
    "costType": "ep",
    "requiredLevel": "0",
    "learningCost": "0",
    "skillType": "attack",
    "statType": "Power",
    "requiredStat": "0",
    "skillTags": [ "Sex"],
    "fetishTags": [ "Monstrous"],
    "startsStance": "",
    "requiresStance": "Tailjob",
    "unusableIfStance": [ ""],
    "requiresTargetStance": [ "Tailjob"],
    "unusableIfTarget": [ "Sex", "Anal"],
    "removesStance": "None",
    "requiresStatusEffect": "None",
    "requiresStatusPotency": "0",
    "unusableIfStatusEffect": [ "None"],
    "power": "35",
    "minRange": "90",
    "maxRange": "120",
    "recoil": "0",
    "targetType": "single",
    "statusEffect": "none",
    "statusChance": "0",
    "statusDuration": "0",
    "statusPotency": "0",
    "statusResistedBy": "",
    "statusText": "",
    "descrip": "Furiously jerks off opponent using speed.",
    "outcome": "[AttackerName] suddenly increases her tail's speed, jerking off [TargetName] with incredible ferocity. [TargetName]'s knees buckle for a second from the pleasure.",
    "miss": "[AttackerName] increases the speed of her tail jerking off [TargetName], who grits [TargetHisOrHer] teeth and ignores the pleasure.",
    "statusOutcome": "",
    "statusMiss": "",
    "restraintStruggle": [""],
    "restraintStruggleCharmed": [""],
    "restraintEscaped": [""],
    "restraintEscapedFail": [""]
}
