{
    "name": "Restraining Breath",
    "cost": "5",
    "costType": "ep",
    "requiredLevel": "0",
    "learningCost": "0",
    "skillType": "statusEffect",
    "statType": "Intelligence",
    "requiredStat": "10",
    "skillTags": [ "Affliction"],
    "fetishTags": [ "Kissing, Monstrous"],
    "startsStance": [""],
    "requiresStance": "Any",
    "unusableIfStance": [ ""],
    "requiresTargetStance": [ "Any"],
    "unusableIfTarget": [ "Blowjob", "Making Out"],
    "removesStance": ["None"],
    "requiresStatusEffect": "None",
    "requiresStatusPotency": "0",
    "unusableIfStatusEffect": [ "None"],
    "power": "30",
    "minRange": "100",
    "maxRange": "150",
    "recoil": "0",
    "targetType": "single",
    "statusEffect": "Restrain",
    "statusChance": "85",
    "statusDuration": "0",
    "statusPotency": "25",
    "statusResistedBy": "Intelligence",
    "statusText": "bound",
    "descrip": "",
    "outcome": "",
    "miss": "",
    "statusOutcome": "{AttackerName} breathes out a goopy mist of green energy that congeals and traps {TargetName} in the slime!",
    "statusMiss": "{AttackerName} releases a breath of green mist that dissolves into the air as {TargetName} skillfully avoids the attack.",
    "restraintStruggle": ["{TargetName} struggles against the restrictive slime..."],
    "restraintStruggleCharmed": ["{TargetName} faintly struggles against the slime..."],
    "restraintEscaped": ["And manages to break free"],
    "restraintEscapedFail": ["But remains trapped"]
}
