{
    "name": "Green Cyclone",
    "cost": "0",
    "costType": "ep",
    "requiredLevel": "0",
    "learningCost": "0",
    "skillType": "attack",
    "statType": "Technique",
    "requiredStat": "0",
    "skillTags": [ ""],
    "fetishTags": [ ""],
    "startsStance": [""],
    "requiresStance": "Tailjob",
    "unusableIfStance": [ ""],
    "requiresTargetStance": [ "Any"],
    "unusableIfTarget": [ "Anal", "Titfuck", "Footjob", "Thighjob", "Sex"],
    "removesStance": ["None"],
    "requiresStatusEffect": "None",
    "requiresStatusPotency": "0",
    "unusableIfStatusEffect": [ "None"],
    "power": "30",
    "minRange": "100",
    "maxRange": "120",
    "recoil": "0",
    "targetType": "single",
    "statusEffect": "None",
    "statusChance": "0",
    "statusDuration": "0",
    "statusPotency": "0",
    "statusResistedBy": "",
    "statusText": "",
    "descrip": "Tailjob attack",
    "outcome": "[AttackerName] firmly clenches [TargetName]'s member with her tail, and she begins to vigorously stroke, eliciting a moan from [TargetName].",
    "miss": "[AttackerName] tightens their grip on [TargetName]'s penis and begins to stroke harder, but [TargetName] manages to grit their teeth and ignore the sensation.",
    "statusOutcome": "",
    "statusMiss": "",
    "restraintStruggle": [""],
    "restraintStruggleCharmed": [""],
    "restraintEscaped": [""],
    "restraintEscapedFail": [""]
}
