{
    "name": "Purity Rune",
    "itemType": "Rune",
    "cost": "500",
    "descrip": "Strengthens your body against status effects by giving you the regenerative effects of a dragon. Increases resistance to all status effects by 5%, and recover 5% of your max arousal each turn.",
    "requires": [ ""],
    "perks": [ "Purified Body"],

    "hp": "0",
    "ep": "0",
    "sp": "0",

    "Exp": "0",
    "Power": "0",
    "Technique": "0",
    "Intelligence": "0",
    "Allure": "0",
    "Willpower": "0",
    "Luck": "0",

    "statusEffect": "None",
    "statusChance": "0",
    "statusPotency": "0",

    "BodySensitivity": { "Sex": "0",
              "Ass": "0",
              "Breasts": "0",
              "Mouth": "0",
              "Seduction": "0",
              "Magic": "0",
              "Pain": "0",
              "Holy": "0",
              "Unholy": "0"
    },

    "resistancesStatusEffects": {
              "Stun": "5",
              "Charm": "5",
              "Aphrodisiac": "5",
              "Restraints": "5",
              "Sleep": "5",
              "Trance": "5",
              "Paralysis": "5"
    },

    "useOutcome": "",
    "useMiss": ""

}
