{
    "name": "Squeezing Dragon",
    "cost": "0",
    "costType": "ep",
    "requiredLevel": "0",
    "learningCost": "0",
    "skillType": "attack",
    "statType": "Core",
    "requiredStat": "0",
    "skillTags": [ "Sex"],
    "fetishTags": [ "Sex", "Anal"],
    "startsStance": "",
    "requiresStance": "Sex",
    "unusableIfStance": [ ""],
    "requiresTargetStance": [ "Penetration"],
    "unusableIfTarget": [ ""],
    "removesStance": "None",
    "requiresStatusEffect": "None",
    "requiresStatusPotency": "0",
    "unusableIfStatusEffect": [ "None"],
    "power": "20",
    "minRange": "80",
    "maxRange": "120",
    "recoil": "0",
    "targetType": "2Hits",
    "statusEffect": "none",
    "statusChance": "0",
    "statusDuration": "0",
    "statusPotency": "0",
    "statusResistedBy": "",
    "statusText": "",
    "descrip": "",
    "outcome": "[AttackerName] quickly squeezes her pussy around [TargetName]'s dick, causing a surge of pleasure to flow through [TargetHimOrHer] for a moment.",
    "miss": "[AttackerName] squeezes her pussy around [TargetName]'s dick, but [TargetName] powers through the feeling.",
    "statusOutcome": "",
    "statusMiss": "",
    "restraintStruggle": [""],
    "restraintStruggleCharmed": [""],
    "restraintEscaped": [""],
    "restraintEscapedFail": [""]
}
