{
    "name": "Drowsy Breath",
    "cost": "0",
    "costType": "ep",
    "requiredLevel": "0",
    "learningCost": "0",
    "skillType": "statusEffect",
    "statType": "Intelligence",
      "statusEffectScaling": "10",
    "requiredStat": "0",
    "skillTags": [ "Affliction"],
    "fetishTags": [ "Monstrous"],
    "startsStance": [""],
    "requiresStance": "Any",
    "unusableIfStance": [ ""],
    "requiresTargetStance": [ "Any"],
    "unusableIfTarget": [ "Blowjob", "Making Out"],
    "removesStance": ["None"],
    "requiresStatusEffect": "None",
    "requiresStatusPotency": "0",
    "unusableIfStatusEffect": [ "Drowsy", "Sleep"],
    "power": "10",
    "minRange": "100",
    "maxRange": "100",
    "recoil": "0",
    "targetType": "single",
      "accuracy": "0",
      "initiative": "15",
    "statusEffect": "Sleep",
    "statusChance": "125",
    "statusDuration": "5",
    "statusPotency": "12",
    "statusResistedBy": "Willpower",
    "statusText": "",
    "descrip": "",
    "outcome": "",
    "miss": "",
    "statusOutcome": "[AttackerName] blasts out a cloud of soft orange smoke, and as [TargetName] breathes it in they feel warmth surround them as they begin to fall asleep.",
    "statusMiss": "[AttackerName] releases a cloud of orange smoke, but [TargetName] manages to resist the soothing comfort of the smoke and stay awake.",
    "restraintStruggle": [""],
    "restraintStruggleCharmed": [""],
    "restraintEscaped": [""],
    "restraintEscapedFail": [""]
}
