{
    "name": "Dragon Spire Second",
    "Description": "Home to the Dragon Clan, a powerful race of monster women who use the power of ancient dragons.",
    "requires": [ "Dragon Checkpoint"],
    "Deck": [ "Event", "ContinueDragonSpire",
              "Monster", "Black Dragon", "EndLoop",
              "Monster", "Red Dragon", "EndLoop",
              "UncommonTreasure",
              "BreakSpot",
              "Event", "Rocks Fall",
              "Monster", "Purple Dragon", "EndLoop",
              "RareTreasure",
              "BreakSpot",
              "Event", "Run in with Tiamat"],
    "RandomEvents": [ "Lust Rune"],
    "RandomMonsters": [ "Blue Slime", "Lizard Girl"],
    "MonsterGroups": [
                  {
                      "Group": [ "Whelpling"]
                  },
                  {
                      "Group": [ "White Dragon"]
                  },
                  {
                      "Group": [ "Green Dragon"]
                  },
                  {
                      "Group": [ "Whelpling", "Whelpling"]
                  }
                ],
    "Treasure": [
                {
                    "Common": [ "Calming Potion", "Anaph Herb", "Ugli Herb"]
                },
                {
                    "Uncommon": [ "Calming Potion", "Energy Potion", "Iron Scale Rune", "Stoic Rune", "Luck Rune", "Soothing Potion"]
                },
                {
                    "Rare": [ "Panacea", "Magi Rune", "Purity Rune", "Dragon Heart", "Draconic Claws", "Roaring Ring"]
                }
              ],
    "Eros": [
                {
                    "Common": "500"
                },
                {
                    "Uncommon": "1000"
                },
                {
                    "Rare": "1500"
                }
              ]
}
