{
    "name": "Dragon Spire",
    "Description": "Home to the Dragon Clan, a powerful race of monster women who use the power of ancient dragons.",
    "requires": [ "True Sigil Of Power"],
    "Deck": [ "Event", "EnterDragonSpire",
              "Monster", "Whelpling", "EndLoop",
              "Monster", "Green Dragon", "EndLoop",
              "RandomTreasure",
              "Monster", "Black Dragon", "EndLoop",
              "BreakSpot",
              "Monster", "Blue Dragon", "EndLoop",
              "CommonTreasure",
              "Monster", "Red Dragon", "EndLoop",
              "Monster", "White Dragon", "EndLoop",
              "UncommonTreasure",
              "BreakSpot",
              "Monster", "Purple Dragon", "EndLoop",
              "RareTreasure",
              "BreakSpot",
              "Event", "Run in with Tiamat"],
    "RandomEvents": [ "Lust Rune"],
    "RandomMonsters": [ "Blue Slime", "Lizard Girl"],
    "MonsterGroups": [
                  {
                      "Group": [ "Whelpling"]
                  },
                  {
                      "Group": [ "White Dragon"]
                  },
                  {
                      "Group": [ "Green Dragon"]
                  },
                  {
                      "Group": [ "Whelpling", "Whelpling"]
                  }
                ],
    "Treasure": [
                {
                    "Common": [ "Calming Potion", "Anaph Herb", "Ugli Herb"]
                },
                {
                    "Uncommon": [ "Calming Potion", "Energy Potion", "Iron Scale Rune", "Stoic Rune", "Luck Rune", "Soothing Potion"]
                },
                {
                    "Rare": [ "Panacea", "Magi Rune", "Purity Rune", "Dragon Heart", "Draconic Claws", "Roaring Ring"]
                }
              ],
    "Eros": [
                {
                    "Common": "85"
                },
                {
                    "Uncommon": "135"
                },
                {
                    "Rare": "250"
                }
              ]
}
