{
    "name": "Dragon Flare",
    "cost": "0",
    "costType": "ep",
    "requiredLevel": "0",
    "learningCost": "0",
    "skillType": "attack",
    "statType": "Allure",
    "requiredStat": "0",
    "skillTags": [ "Magic"],
    "fetishTags": [ ""],
    "startsStance": "",
    "requiresStance": "Any",
    "unusableIfStance": [ ""],
    "requiresTargetStance": [ "Any"],
    "unusableIfTarget": [ ""],
    "removesStance": "None",
    "requiresStatusEffect": "None",
    "requiresStatusPotency": "0",
    "unusableIfStatusEffect": [ "None"],
    "power": "60",
    "minRange": "100",
    "maxRange": "125",
    "recoil": "0",
        "critChance": "15",
    "targetType": "single",
            "accuracy": "25",
    "statusEffect": "none",
    "statusChance": "0",
    "statusDuration": "0",
    "statusPotency": "0",
    "statusResistedBy": "",
    "statusText": "Powerful Magic",
    "descrip": "",
    "outcome": "Tiamat prepares an enormous pink ball of energy in her mouth, and fires it out at you. The energy wraps around your body and sends overwhelming waves of pleasure at you one after the other.",
    "miss": "You barely manage to dodge out of the way of the enormous ball of energy launched by Tiamat.",
    "statusOutcome": "",
    "statusMiss": "",
    "restraintStruggle": [""],
    "restraintStruggleCharmed": [""],
    "restraintEscaped": [""],
    "restraintEscapedFail": [""]
}
