{
    "name": "Zap!",
    "cost": "0",
    "costType": "ep",
    "requiredLevel": "0",
    "learningCost": "0",
    "skillType": "attack",
    "statType": "Intelligence",
    "requiredStat": "0",
    "skillTags": [ "Pain", "Magic"],
    "fetishTags": [ ""],
    "startsStance": "",
    "requiresStance": "Any",
    "unusableIfStance": [ ""],
    "requiresTargetStance": [ "Any"],
    "unusableIfTarget": [ ""],
    "removesStance": "None",
    "requiresStatusEffect": "None",
    "requiresStatusPotency": "0",
    "unusableIfStatusEffect": [ "None"],
    "power": "20",
    "minRange": "90",
    "maxRange": "110",
    "recoil": "0",
    "targetType": "single",
    "statusEffect": "Stun",
    "statusChance": "75",
    "statusDuration": "1",
    "statusPotency": "0",
    "statusResistedBy": "Intelligence",
    "statusText": "Magic Spell with Stun",
    "descrip": "",
    "outcome": "{AttackerName} sends a powerful electric shock through {TargetName}'s body with a magical caress, forcing {TargetName} to cry out in pleasurable pain!",
    "miss": "{AttackerName} caresses {TargetName}'s body with her hands while sending bits of magical electricity across them, but {TargetName} powers through the shock.",
    "statusOutcome": "The overwhelming magical pain flowing through your body, and stuns you momentarily as you reel from the shock.",
    "statusMiss": "Using your magic, you manage to defend yourself from the stunning effect of the spell at the last second.",
    "restraintStruggle": [""],
    "restraintStruggleCharmed": [""],
    "restraintEscaped": [""],
    "restraintEscapedFail": [""]
}
