{
    "name": "Iron Scale Rune",
    "itemType": "Rune",
    "cost": "500",
    "descrip": "Strengthens your body so you feel like you are covered in powerful scales! Increases HP by 50, reduces sensitivity to the penis, ass, and nipples by 5%, but increases sensitivity to magic and seduction by 10% each.",
    "requires": [ ""],
    "perks": [ ""],

    "hp": "50",
    "ep": "0",
    "sp": "0",

    "Exp": "0",
    "Power": "0",
    "Technique": "0",
    "Intelligence": "0",
    "Allure": "0",
    "Willpower": "0",
    "Luck": "0",

    "statusEffect": "None",
    "statusChance": "0",
    "statusPotency": "0",

    "BodySensitivity": { "Sex": "-5",
              "Ass": "-5",
              "Breasts": "-5",
              "Mouth": "-5",
              "Seduction": "10",
              "Magic": "10",
              "Pain": "0",
              "Holy": "0",
              "Unholy": "0"
    },

    "resistancesStatusEffects": {
              "Stun": "0",
              "Charm": "0",
              "Aphrodisiac": "0",
              "Restraints": "0",
              "Sleep": "0",
              "Trance": "0",
              "Paralysis": "0"
    },

    "useOutcome": "",
    "useMiss": ""

}
