{
    "name": "Magi Rune",
    "itemType": "Rune",
    "cost": "500",
    "descrip": "Allows you to access a fragment of the magical power flowing through the veins of dragons. Greatly increases magic damage dealt by 15%, but makes you more vulnerable to charm, aphrodisiacs, and sleep by 10% each.",
    "requires": [ ""],
    "perks": [ "Dragon Magi"],

    "hp": "0",
    "ep": "0",
    "sp": "0",

    "Exp": "0",
    "Power": "0",
    "Technique": "0",
    "Intelligence": "5",
    "Allure": "0",
    "Willpower": "0",
    "Luck": "0",

    "statusEffect": "None",
    "statusChance": "0",
    "statusPotency": "0",

    "BodySensitivity": { "Sex": "0",
              "Ass": "0",
              "Breasts": "0",
              "Mouth": "0",
              "Seduction": "0",
              "Magic": "25",
              "Pain": "0",
              "Holy": "0",
              "Unholy": "0"
    },

    "resistancesStatusEffects": {
              "Stun": "0",
              "Charm": "-10",
              "Aphrodisiac": "-10",
              "Restraints": "0",
              "Sleep": "-10",
              "Trance": "0",
              "Paralysis": "0"
    },

    "useOutcome": "",
    "useMiss": ""

}
