{
    "name": "Purple Thigh Pump",
    "cost": "0",
    "costType": "ep",
    "requiredLevel": "0",
    "learningCost": "0",
    "skillType": "attack",
    "statType": "Technique",
    "requiredStat": "0",
    "skillTags": [ "Sex"],
    "fetishTags": [ "Legs"],
    "startsStance": [""],
    "requiresStance": "Thighjob",
    "unusableIfStance": [ ""],
    "requiresTargetStance": [ "Any"],
    "unusableIfTarget": [ ""],
    "removesStance": ["None"],
    "requiresStatusEffect": "None",
    "requiresStatusPotency": "0",
    "unusableIfStatusEffect": [ "None"],
    "power": "25",
    "minRange": "95",
    "maxRange": "110",
    "recoil": "0",
    "targetType": "single",
    "statusEffect": "None",
    "statusChance": "0",
    "statusDuration": "0",
    "statusPotency": "0",
    "statusResistedBy": "",
    "statusText": "",
    "descrip": "Thighjob attack",
    "outcome": "{AttackerName} starts to steadily increase the rate at which she strokes {TargetName}'s cock with her legs. The toned musculature of her thighs continuously rubbing and bouncing up and down intensifies the experience and {TargetName} begins to feel their loins yearn for release into their purple captor.",
    "miss": "{AttackerName} starts to pump her thighs up and down steadily, but {TargetName} ignores the stimulation of the muscular beauty.",
    "statusOutcome": "",
    "statusMiss": "",
    "restraintStruggle": [""],
    "restraintStruggleCharmed": [""],
    "restraintEscaped": [""],
    "restraintEscapedFail": [""]
}
