{
    "name": "Visit Tiamat",
    "Description": "By pouring magic into the note given to you by Tiamat, you can visit her instantly.",
    "requires": [ "Permission Note"],
    "Deck": [ "Event", "HeartofDragonSpire"],
    "RandomEvents": [ "Lust Rune"],
    "RandomMonsters": [ "Blue Slime", "Lizard Girl"],
    "MonsterGroups": [
                  {
                      "Group": [ "Whelpling"]
                  },
                  {
                      "Group": [ "White Dragon"]
                  },
                  {
                      "Group": [ "Green Dragon"]
                  },
                  {
                      "Group": [ "Whelpling", "Whelpling"]
                  }
                ],
    "Treasure": [
                {
                    "Common": [ "Calming Potion", "Anaph Herb", "Ugli Herb"]
                },
                {
                    "Uncommon": [ "Calming Potion", "Energy Potion", "Iron Scale Rune", "Stoic Rune", "Luck Rune", "Soothing Potion"]
                },
                {
                    "Rare": [ "Panacea", "Magi Rune", "Purity Rune", "Dragon Heart", "Draconic Claws", "Roaring Ring"]
                }
              ],
    "Eros": [
                {
                    "Common": "85"
                },
                {
                    "Uncommon": "135"
                },
                {
                    "Rare": "250"
                }
              ]
}
