{
    "name": "Overpowering Breasts",
    "cost": "0",
    "costType": "ep",
    "requiredLevel": "0",
    "learningCost": "0",
    "skillType": "attack",
    "statType": "Power",
    "requiredStat": "0",
    "skillTags": [ "Breasts"],
    "fetishTags": [ "Breasts"],
    "startsStance": [""],
    "requiresStance": "Titfuck",
    "unusableIfStance": [ ""],
    "requiresTargetStance": [ "Titfuck"],
    "unusableIfTarget": [ "Footjob", "Tailjob", "Penetration", "Making Out"],
    "removesStance": ["None"],
    "requiresStatusEffect": "None",
    "requiresStatusPotency": "0",
    "unusableIfStatusEffect": [ "None"],
    "power": "30",
    "minRange": "90",
    "maxRange": "110",
    "recoil": "0",
    "targetType": "single",
    "statusEffect": "Charm",
    "statusChance": "65",
    "statusDuration": "3",
    "statusPotency": "0",
    "statusResistedBy": "Willpower",
    "statusText": "",
    "descrip": "",
    "outcome": "Tiamat begins to repeatedly rub her breasts in asynchronous patterns along the length of {TargetName}'s dick. The sensation is accompanied by a glow of Tiamat's eyes, who seems to be using her breasts to weave a spell through her breasts.",
    "miss": "Tiamat rubs her breasts in strange ways against {TargetName}'s dick, but {TargetName} ignores the sensation.",
    "statusOutcome": "The spell takes hold and {TargetName} feels his mind slipping away in the sea of Tiamat's bountiful breasts.",
    "statusMiss": "{TargetName} resists the power of Tiamat's breasts, and maintains control of his mind.",
    "restraintStruggle": [""],
    "restraintStruggleCharmed": [""],
    "restraintEscaped": [""],
    "restraintEscapedFail": [""]
}
