{
    "name": "Dragons",
    "description": "A mod that gives you the ability to experience most of the girls in the game in a whole new light. A mysterious rune grants your character the power to shrink at the whims of others. What happens next is very predictable.\n",
    "testedFor": 25.2,
    "version": 34.69,
    "tags" : [
        "Dragons",
        "Feet",
        "Tails",
        "Size Difference",
        "New Location"
    ],
    "credits": "rmjwmmd on discord",
    "authors": [
        "Noeru#0001",
        "rmjwmmd"
    ],
    "urlLabel": "Diminuendo Wiki Page",
    "url": "https://monstergirldreams.miraheze.org/wiki/Mod:Dragons"
}