{
    "name": "Red Dragon Defeated",
    "CardType": "",
    "CardLimit": "0",
    "Description": "",
    "requires": [ ""],
    "Speakers": [
                  {
                    "name": "Red Dragon",
                    "postName": "",
                    "SpeakerType": "Monster"
                  }
                ],
    "EventText": [
        {
            "NameOfScene": "EventStart",
            "theScene": [
                "DisplayCharacters",
                "1",
                "EndLoop",
                "Even after her defeat, the Red Dragon continues to persist, as she pants and slumps forward, with her rear shaking in the air towards you.",
                "Speaks",
                "Oh my god~♥... You're amazing~♥.... Please, please continue to use me.♥",
               "You gaze down at the dragon, eager to have you continue to fuck her ass, and you weigh your options...",
               "Menu",
                 "Take her offer and fuck her ass!",
                 "Ignore her and get moving.",
               "EndLoop"
            ]
        },
        {
            "NameOfScene": "Take her offer and fuck her ass!",
            "theScene": [
                "You move forward and kneel down behind her, placing your hands on her hips as you guide your dick to her waiting asshole. As your tip pokes against the ready rear of the Red Dragon you feel it almost start to pull you in, so you acknowledge it by ramming your cock down to the hilt, slamming deep into the ass of the Red Dragon.",
                "ChangeArousalByPercent", "25",
                "The Red Dragon immediately moans in bliss as you slam into her rear, and she tries to assist you as you start to thrust along the depths of her ass. But, you keep hold of her waist and slam your length down her ass once again, causing her to gasp in pleasure as you keep hold of the situation.",
                "ChangeArousalByPercent", "25",
                "The ass of the Red Dragon continues to jiggle with each thrust you make into her, and you can't hold yourself back as you take one hand off her waist and strike at the massive booty with an open palm, eliciting a pained yelp from the small dragon who looks back at you with a shocked, but pleased expression.",
                "ChangeArousalByPercent", "25",
                "You continue to strike at the ass of the Red Dragon, who submits to your every movement as your dick rams her ass, and each spank you give her makes her yelp in pain and pleasure. Soon enough she starts to pant, as her already exhausted body endures your continued sexual assault.",
                "ChangeArousalByPercent", "20",
                "Your cock starts to swell with pleasure too, as the large ass of the Red Dragon occasionally tightens around you with each spanking strike you land on it, and you grit your teeth and continue to fuck the Red Dragon, wanting to extend this for as long as possible.",
                "ChangeArousalByPercent", "20",
                "You continue to pump into her ass with stern, rhythmic motions as all the Red Dragon can do is moan and whimper from the pleasure she's taking, but soon it becomes too much for her as she orgasms, causing her asshole to tighten around you cock, shocking it with pleasure as you get caught mid-thrust.",
                "PlayerOrgasm", "1",
                "Struggling against her tightened ass, you slam your dick down to the hilt yet again and allow yourself to cum deep inside her ass, causing the Red Dragon to moan in pure bliss as her orgasm starts to subside.",
               "Not satisfied, you gather up the body of the Red Dragon, who's eyes have started to roll into the back of her head in pleasure, and you grunt as you lift her entire body up and pull it into your lap as you sit down with her still firmly on your cock.",
               "The shock of being lifted like this wakes the Red Dragon from her dulled, blissful state as you start to lift her up and down your cock, occasionally just letting her heavy frame do all the work and let her plump body drop onto your dick.",
               "ChangeArousalByPercent", "20",
               "She looks at you with a renewed lust as she grabs hold of your hands, and moves them away from her waist as she starts to move her hips on her own, and brings your hands up to her bountiful breasts. You gladly accept this offer and firmly take hold of the pillowy tits and start to massage them, working the soft flesh between your hands.",
               "ChangeArousalByPercent", "40",
               "As you massage her ample breasts, the Red Dragon continues to move her ass in small movements, staying most at the hilt of your shaft as she rides your dick with an excited lust.",
               "After a bit longer you let your hand wander from one of her breasts and up to the back of her neck, and you pull the bubbly dragon in for a kiss as she tries to let out a surprised sound, but it is quickly muffled by the sound of you two kissing.",
               "The Red Dragon gives in to the kiss, closing her eyes and letting out a small moan as she lets your tongue into her mouth, playfully dancing with her tongue as you two exchange a deep, passionate kiss.",
               "Being mindful of herself, the Red Dragon settles her rear onto the base of your dick, and as you two continue to makeout she continues to entice your dick with small, precise movements of her hips as she grinds against you.",
               "ChangeArousalByPercent", "20",
               "You and the Red Dragon find yourself in quiet bliss for a while as you two continue to embrace in a passionate kiss, even as your groin burns and longs for release.",
               "ChangeArousalByPercent", "20",
               "The Red Dragon wraps her arms around your neck and pulls herself closer to you, letting her breasts rest against your chest as you feel her breathing in and out, and your lust takes over again as your hands snake down the hips of the Red Dragon back to her ass, as you firmly grab hold of her ass.",
               "ChangeArousalByPercent", "20",
               "You steel yourself as you stand up again, supporting the Red Dragon by holding her up by her ass, and letting her hold onto your neck, as you place her down onto her back again and start to pump deep inside her once again, with a renewed hunger for the energetic dragon.",
               "ChangeArousalByPercent", "20",
               "With each passionate thrust into the Red Dragon you find your cock coming closer to bursting thanks to the slow, sensual grinding from earlier, and you grit yourself as you feel a load building up inside you.",
               "ChangeArousalByPercent", "40",
               "The Red Dragon is delirious in lust at this point, and can only offer weak pants of pleasure to you as you continuously ram deep into her depths. Her massive breasts and bounce with each thrust you give her, and you find the experience mesmerizing as you continue to plow her.",
               "Soon you find yourself unable to hold on any longer, and with each thrust you give into your pleasure more and more as you feel a burning fire in your groin, a desperate need to fill the Red Dragon with your seed.",
               "PlayerOrgasm", "3",
               "Giving in to your desires, you slam your cock as deep into the Red Dragon's ass as it will go, and you let out a deep, guttural moan of pleasure as you fire rope after rope of cum deep into the depths of the draconic woman. As she feels your seed fill up her ass the Red Dragon lets out a drawn-out, contented sigh.",
               "You slowly, gently pull your cock from the Red Dragon, who is deep in a daze from lust at this point. With each inch of your cock that you pull back from the still-tight ass of the dragon, you find that another bit of cum is squeezed from you, and left inside her.",
               "You stagger back a bit from the Red Dragon, and gently caress her face as she looks up at you. She gives you a soft smile and whispers underneath her breath.",
               "Speaks",
               "Nnnghh... You are... amazing...♥",
               "ChangeSpirit", "5",
               "You feel invigorated by the compliment of your sexual prowess, and feel reinvigorated and renewed. You lean in and give the Red Dragon a kiss on her forehead, and stay with her until she disappears.",
               "As she fades away, you stand up and look back up the mountain, and prepare to continue on your way.",
               "ChangeFetish", "Ass", "5"
            ]
        },
        {
            "NameOfScene": "Ignore her and get moving.",
            "theScene": [
                "You tell her that you don't have time to spend on her, and she lets out a disappointed 'awwww' as you get moving, and she slowly fades away."
            ]
        }
    ]
}
