{
    "name": "Slippery Fucking",
    "costType": "ep",
        "cost": "5",
    "requiredLevel": "0",
    "learningCost": "0",
    "skillType": "attack",
    "statType": "Core",
    "requiredStat": "0",
    "skillTags": ["Sex"],
    "fetishTags": ["Sex"],
    "startsStance": [""],
    "requiresStance": "Sex",
    "unusableIfStance": ["Anal", "Tailjob"],
    "requiresTargetStance": ["Sex"],
    "unusableIfTarget": [""],
    "removesStance": ["None"],
    "requiresStatusEffect": "None",
    "requiresStatusPotency": "0",
    "unusableIfStatusEffect": ["None"],
    "targetType": "single",
        "accuracy": "0",
        "initiative": "0",
    "power": "25",
        "minRange": "85",
        "maxRange": "115",
    "recoil": "10",
    "critDamage": "0",
    "critChance": "0",
    "statusEffect": "None",
        "statusPotency": "0",
        "statusEffectScaling": "0",
        "statusDuration": "0",
        "statusChance": "0",
        "statusResistedBy": "",
    "statusText": "",
    "descrip": "Sex Move 1",
    "outcome": "{AttackerName}'s natural lubricant enhances the speed of her bouncing, making {TargetName} moan as the speed and warmth of her pussy wraps {TargetHisOrHer} cock with pleasure.",
    "miss": "{AttackerName} tries to ride {TargetName}'s dick with increasing speed, but the attempt fails when {TargetName} grabs her legs and keeps her pace slow.",
    "statusOutcome": "",
    "statusMiss": "",
    "restraintStruggle": [""],
    "restraintStruggleCharmed": [""],
    "restraintEscaped": [""],
    "restraintEscapedFail": [""]
}
