{
    "name": "Thigh Supremacy",
    "cost": "0",
    "costType": "ep",
    "requiredLevel": "0",
    "learningCost": "0",
    "skillType": "attack",
    "statType": "Allure",
    "requiredStat": "0",
    "skillTags": [ "Sex"],
    "fetishTags": [ "Legs"],
    "startsStance": [""],
    "requiresStance": "Any",
    "unusableIfStance": [ ""],
    "requiresTargetStance": [ "Any"],
    "unusableIfTarget": [ "Tailjob", "Anal", "Titfuck", "Footjob", "Sex"],
    "removesStance": ["None"],
    "requiresStatusEffect": "None",
    "requiresStatusPotency": "0",
    "unusableIfStatusEffect": [ "None"],
    "power": "25",
    "minRange": "90",
    "maxRange": "115",
    "recoil": "0",
    "targetType": "single",
    "statusEffect": "None",
    "statusChance": "0",
    "statusDuration": "0",
    "statusPotency": "0",
    "statusResistedBy": "",
    "statusText": "",
    "descrip": "Thigh attack",
    "outcome": "{AttackerName} presses {TargetName} against a wall of the mountainside, and uses the thickest part of her thighs to stroke the cock of {TargetName}. The diminutive dragon seems to take pleasure from the face {TargetName} makes.",
    "miss": "{AttackerName} tries to use her thighs to rub the dick of {TargetName}, who manages to keep her at bay.",
    "statusOutcome": "",
    "statusMiss": "",
    "restraintStruggle": [""],
    "restraintStruggleCharmed": [""],
    "restraintEscaped": [""],
    "restraintEscapedFail": [""]
}
