{
    "name": "Tsundere Breast Attack",
    "cost": "0",
    "costType": "ep",
    "requiredLevel": "0",
    "learningCost": "0",
    "skillType": "attack",
    "statType": "Core",
    "requiredStat": "0",
    "skillTags": [ "Sex"],
    "fetishTags": [ "Breasts"],
    "startsStance": [""],
    "requiresStance": "Any",
    "unusableIfStance": [ ""],
    "requiresTargetStance": [ "Any"],
    "unusableIfTarget": [ "Tailjob", "Anal", "Titfuck", "Footjob", "Thighjob", "Sex"],
    "removesStance": ["None"],
    "requiresStatusEffect": "None",
    "requiresStatusPotency": "0",
    "unusableIfStatusEffect": [ "None"],
    "power": "20",
    "minRange": "75",
    "maxRange": "95",
    "recoil": "0",
    "targetType": "single",
    "statusEffect": "Charm",
    "statusChance": "95",
    "statusDuration": "4",
    "statusPotency": "0",
    "statusResistedBy": "Willpower",
    "statusText": "charming breast attack",
    "descrip": "",
    "outcome": "{AttackerName} approaches {TargetName} with her perky breasts and in a flash begins rubbing {TargetName}'s cock using her breasts. The small pair of tits rubbing against {TargetName} feels good but {AttackerName} seems off put by her own technique.",
    "miss": "{AttackerName} halfheartedly tries to rub {TargetName}'s dick with her boobs, but decides against it.",
    "statusOutcome": "",
    "statusMiss": "",
    "restraintStruggle": [""],
    "restraintStruggleCharmed": [""],
    "restraintEscaped": [""],
    "restraintEscapedFail": [""]
}
