{
    "name": "Dominating Grind",
    "cost": "0",
    "costType": "ep",
    "requiredLevel": "0",
    "learningCost": "0",
    "skillType": "attack",
    "statType": "Power",
      "statusEffectScaling": "0",
    "requiredStat": "0",
    "skillTags": [ "Sex"],
    "fetishTags": [ "Sex"],
    "startsStance": [""],
    "requiresStance": "Penetration",
    "unusableIfStance": [ ""],
    "requiresTargetStance": [ "Any"],
    "unusableIfTarget": [ "Footjob", "Tailjob", "Titfuck"],
    "removesStance": ["None"],
    "requiresStatusEffect": "None",
    "requiresStatusPotency": "0",
    "unusableIfStatusEffect": [ "None"],
    "power": "25",
    "minRange": "90",
    "maxRange": "115",
    "recoil": "0",
    "targetType": "single",
    "statusEffect": "Trance",
    "statusChance": "110",
    "statusDuration": "3",
    "statusPotency": "3",
    "statusResistedBy": "Willpower",
    "statusText": "",
    "descrip": "Powerful sex attack with trance",
    "outcome": "[AttackerName] starts to enter into a rhythm while leveraging herself to allow [TargetName] to reach maximum depth into her wet sex. The rhythm combined with the magic of [AttackerName] begins to lull [TargetName] into a trance as their mind begins to slip.",
    "miss": "[TargetName] closes their eyes before they could notice the enticing figure of [AttackerName]'s sexual attack.",
    "statusOutcome": "[TargetName] feels their mind melting away as [AttackerName]'s movements begin to overwrite their higher brain functions and they resign themselves to her whims.",
    "statusMiss": "[TargetName] manages to fight off the comforting and arousing idea of giving into the trance of servicing [AttackerName] and fights off the trance.",
    "restraintStruggle": [""],
    "restraintStruggleCharmed": [""],
    "restraintEscaped": [""],
    "restraintEscapedFail": [""]
}
