{
    "name": "Frenzied Fucking",
    "cost": "0",
    "costType": "ep",
    "requiredLevel": "0",
    "learningCost": "0",
    "skillType": "attack",
    "statType": "Power",
      "statusEffectScaling": "0",
    "requiredStat": "0",
    "skillTags": [ "Sex"],
    "fetishTags": [ "Sex"],
    "startsStance": [""],
    "requiresStance": "Sex",
    "unusableIfStance": [ ""],
    "requiresTargetStance": [ "Any"],
    "unusableIfTarget": [ "Footjob", "Tailjob", "Titfuck"],
    "removesStance": ["None"],
    "requiresStatusEffect": "None",
    "requiresStatusPotency": "0",
    "unusableIfStatusEffect": [ "None"],
    "power": "20",
    "minRange": "90",
    "maxRange": "120",
    "recoil": "10",
    "targetType": "3Hits",
    "statusEffect": "None",
    "statusChance": "0",
    "statusDuration": "0",
    "statusPotency": "0",
    "statusResistedBy": "",
    "statusText": "",
    "descrip": "Sex that hits 3 times.",
    "outcome": "[AttackerName] loses her composure for a moment and gives in to her primal desires, and begins to slam herself down harder and harder onto the cock of [TargetName]. The continued bouncing causes [TargetName] to let out a moan for a second as they lose control of themselves and give into the pleasure.",
    "miss": "[AttackerName] attempts to fuck [TargetName] harder and faster, but finds the positioning too awkward.",
    "statusOutcome": "",
    "statusMiss": "",
    "restraintStruggle": [""],
    "restraintStruggleCharmed": [""],
    "restraintEscaped": [""],
    "restraintEscapedFail": [""]
}
