{
    "name": "Mommy Mounting",
    "cost": "0",
    "costType": "ep",
    "requiredLevel": "0",
    "learningCost": "0",
    "skillType": "attack",
    "statType": "Core",
    "requiredStat": "0",
    "skillTags": [ "Sex"],
    "fetishTags": [ "Sex"],
    "startsStance": ["Sex"],
    "requiresStance": "Any",
    "unusableIfStance": [ ""],
    "requiresTargetStance": [ "Any"],
    "unusableIfTarget": [ "Tailjob", "Footjob", "Thighjob", "Titfuck", "Blowjob", "Making Out"],
    "removesStance": ["None"],
    "requiresStatusEffect": "None",
    "requiresStatusPotency": "0",
    "unusableIfStatusEffect": [ "None"],
    "power": "15",
    "minRange": "100",
    "maxRange": "120",
    "recoil": "10",
    "targetType": "single",
    "statusEffect": "None",
    "statusChance": "0",
    "statusDuration": "0",
    "statusPotency": "0",
    "statusResistedBy": "",
    "statusText": "",
    "descrip": "Sex stance",
    "outcome": "[AttackerName] uses her overwhelming power to pull [TargetName] to her and bring the two of them to the ground, when [TargetName] realizes what is going on [AttackerName] has already brough their manhood into her wet pussy and begun to ride [TargetName]",
    "miss": "[AttackerName] tries to bring [TargetName] to the ground to mount them but [TargetName] manages to avoid the takedown.",
    "statusOutcome": "",
    "statusMiss": "",
    "restraintStruggle": [""],
    "restraintStruggleCharmed": [""],
    "restraintEscaped": [""],
    "restraintEscapedFail": [""]
}
