{
    "name": "Draconic Claws",
    "itemType": "Accessory",
    "cost": "5000",
    "descrip": "A pair of claws fashioned to resemble the dragons of old. Increases the power of penetration based foreplay skills by 10%.",
    "requires": [ ""],
    "perks": [ "Dragon's Touch"],

    "hp": "0",
    "ep": "25",
    "sp": "0",

    "Exp": "0",
    "Power": "5",
    "Technique": "0",
    "Intelligence": "0",
    "Allure": "0",
    "Willpower": "0",
    "Luck": "0",

    "statusEffect": "None",
    "statusChance": "0",
    "statusPotency": "0",

    "BodySensitivity": { "Sex": "0",
              "Ass": "0",
              "Breasts": "0",
              "Mouth": "0",
              "Seduction": "0",
              "Magic": "0",
              "Pain": "0",
              "Holy": "0",
              "Unholy": "0"
    },

    "resistancesStatusEffects": {
              "Stun": "0",
              "Charm": "0",
              "Aphrodisiac": "0",
              "Restraints": "0",
              "Sleep": "0",
              "Trance": "0",
              "Paralysis": "0"
    },

    "useOutcome": "",
    "useMiss": ""

}
