{
    "name": "Whelpling",
    "IDname": "Whelpling",
    "species": "Dragon",
    "gender": "female",
    "description": "A pale skinned girl with shifting colors of blue, purple, white, and many other colors. She has sharp, narrow wings that extend from her back, horns that protrude from her forehead and curve along the top of her head. Rounding out these monstrous traits is her long, thick, prehensile tail that she can use for both mobility and attacks. Her tail is dripping with a thick lubricating agent that also coats the inside of her pussy which allows her to more easily partake in sexual activities with any wayward human she encounters.",
    "encyclopedia": "The youngest of the dragon clan, Whelplings are dragons who have not yet become a simple chromatic color, and instead take on multiple colors that slowly change across their body. \n\nAs a rite for all dragons who have hit adulthood these whelplings must obtain the semen of a virile human to use as a catalyst to obtain a stronger chromatic form. As such they wander the mountainside nearest their den looking for suitable prey, and proceed to attempt to extract the cum from them. Once they have obtained the semen they get to return to their den and become a fully fledged member of the dragon clan and receive a true color as well as a host of abilities and physical changes. \n\nWhelplings are domineering women and like most dragons believe in their inherent superiority over not just humans but all monster girls, as they were originally dragons who were turned into women by the curse over the island. This rapid change in their physiology made them seclude themselves and define their own style of combat.",
    "tags": "none",
    "generic": "False",
    "requires": [ ""],
    "skillList": [ "Flirting Breath", "Whelpling Tailjob", "Whelpling Tail Stroke", "Whelpling Tail Stroke", "Whelpling Breast Press", "Whelpling Tease", "Whelpling Foot Stroke", "Whelpling Foot Stroke", "Whelpling Footjob", "Whelpling Footjob", "Whelpling Footjob", "Proud Grind", "Resentful Kiss", "Whelpling Heavy Pounding", "Slippery Fucking", "Trapping Kiss", "Whelpling Tail Grip", "Whelpling Foot Grind", "Double Foot Grind", "Triple Foot Grind", "Whelpling Feet Burial"],
    "perks": [ "Clingy", "Powerful Feet"],
    "stats": { "lvl": "20",
              "Exp": "75",
              "max_hp": "250",
              "max_ep": "75",
              "max_sp": "1",
              "Power": "25",
              "Technique": "20",
              "Intelligence": "20",
              "Allure": "20",
              "Willpower": "20",
              "Luck": "20"
    },
    "Fetishes": [ ""],
    "BodySensitivity": { "Sex": "100",
              "Ass": "100",
              "Breasts": "90",
              "Mouth": "100",
              "Seduction": "125",
              "Magic": "65",
              "Pain": "125",
              "Holy": "100",
              "Unholy": "100"
    },
    "resistancesStatusEffects": {
              "Stun": "15",
              "Charm": "25",
              "Aphrodisiac": "25",
              "Restraints": "-25",
              "Sleep": "-25",
              "Trance": "0",
              "Paralysis": "0",
              "Debuff": "15"
    },
    "moneyDropped": "150",
    "ItemDropList": [
                      {
                        "name": "Whelpling Scale",
                        "dropChance": "75"
                      }
                    ],
    "lossScenes": [
                    {
                        "NameOfScene": "Mating Ritual",
                        "move": "",
                        "stance": "",
                        "includes": [ "Whelpling"],
                        "theScene": [ "With the last bit of your spirit expended you fall onto your back and begin panting, struggling to catch your breath.",
                                    "This is cut short as the nubile dragon approaches you, her mouth cracking into a smug grin.",
                                    "Speaks",
                                    "Really, after all that you couldn't even beat just me?",
                                    "Speaks",
                                    "Ugh, I guess you humans really are pathetic, but it would be a waste to leave without satisfying myself, right?",
                                    "The whelpling smirks as she straddles your waist and as she rubs the lips of her pussy against your rigid manhood she gives you another look over and a smug grin.",
                                    "The whelpling raises herself up and wraps her tail around your aching manhood and uses her tail to guide your dick into her nearly dripping wet pussy.",
                                    "She slowly sinks down the length of your dick, a slow warming sensation following along that lessens the aching sensation and makes your dick feel prepared for another round.",
                                    "As the whelpling presses her body weight down onto you and presses herself to the base of your cock you let out a small moan that elicits a giggle from the whelpling.",
                                    "Speaks",
                                    "What's this, could it be that you enjoy being dominated like this? Do you enjoy being drained of all your energy and dominated by someone stronger than you, you pathetic little human?",
                                    "To punctuate her question she raises herself up just to the tip of your penis and as it becomes exposed to the open air a small chill runs up your spine as the whelpling slams herself back down, sending a massive wave of pleasure through you",
                                    "Her relentless pounding sends a wave of pleasure through you, as she pussy flexes around your cock in between her movements.",
                                    "You twist and squirm under the assault of her pussy, as she continues to bounce up and down, her face showing a mixture of condescension and lust.",
                                    "As she feels you squirm under her, the whelpling presses herself down to your hips, and as she holds herself there she stares deep into your eyes with a smug grin before blowing a raspberry in your face as she clenches her vaginal muscles.",
                                    "The sudden pressure of her pussy crashing onto your dick proves to be too much, and you throw your head back as you finally bring yourself to cum into her pussy.",
                                    "PlayerOrgasm", "1",
                                    "Your cock fires off a load of semen into the whelpling, who basks in the euphoria of this moment from atop you. The whelpling looks down with a new hunger in her eyes.",
                                    "Speaks",
                                    "Thats it human! Keep cumming for me until I'm satisfied!",
                                    "With this decree the whelpling redoubles her pacing and her assault on your body renews.",
                                    "Her still tightly gripped pussy slowly moves up and down, pressuring your highly sensitive member as it milks the rest of the cum from your first orgasm.",
                                    "Her slow, strong movements trigger a reaction in you, as your dick suddenly feels hot and you feel a rush of cum burst out from you.",
                                    "PlayerOrgasm", "1",
                                    "Another load of cum is released from your cock into the whelpling as she lets out a frenzied moan. The whelpling leans down and pulls you into a kiss.",
                                    "As your lips meet with hers a sudden flow of her magical breath flies into your mouth, and as your mind begins to grow hazy the whelpling celebrates her victory as she finishes squeezing the last bit of cum from your softening dick.",
                                    "She pulls back from the kiss as you go limp, and with little grace she lets your exhausted form fall back with a dull thud.",
                                    "She giggles to herself as she looks over you, and as she starts to walk away you hear her say:",
                                    "Speaks",
                                    "I hope you come back soon, you were so much fun to bully!",
                                    "The whelpling soon disappears from view, as you slowly lose consciousness from what just happened to you, and you await that cold splash of water...",
                                    "ChangeSensitivity",
                                    "Sex",
                                    "5",
                                    "GameOver"],
                        "picture": ""
                    },
                    {
                        "NameOfScene": "Duo Whelpling Assault",
                        "move": "",
                        "stance": "",
                        "includes": [ "Whelpling", "Whelpling"],
                        "theScene": ["Exhausted and out of breath you barely make it to the nearest rock wall and lean against it to catch your breath as the two whelplings approach you, licking their lips in hunger and lust.",
                                     "In a flash the pair are upon you and have laid you flat on the ground, removed your clothes, and have moved your belonging to the side before you even realize what has happened to you.",
                                     "With any chance of interrupting dashed the pair look down at you, and from this angle you get a full view of their pussies; they drip with a warm, heavily scented liquid and seem to almost pulse in anticipation of what is about to happen.",
                                     "Speaks",
                                     "Poor pathetic little human. Did you really think you could beat the two of us? Maybe we should teach you a lesson on why dragons are better than humans!",
                                     "As if on cue the second whelpling with her steps over her head, a sole of her foot just barely grazing over your head. Now straddling your head she lowers her pussy down into your face and immediately you are overwhelmed with the heavy scent of her sex flooding your brain.",
                                     "Almost without thinking you begin to fervently lick and kiss at her wet sex, and simulataneously the first whelpling has begun to lower herself down onto your manhood and as you feel yourself pierce into her you release a moan into the pussy of the whelpling on your face.",
                                     "Speaks2",
                                     "Ohhh, are you enjoying yourself down there human? Big sis black dragon said it would feel good for us but I had no idea humans would enjoy it as well!",
                                     "But at this point the words of the whelpling riding your face are muffled out by her legs wrapped around your ears as well as her scent flooding into you sweeping aside your ability to think clearly.",
                                     "The first whelpling riding on your dick begins to speed up her bouncing, each time pushing herself down to the base of your pelvis and each time you hear a muffled moan coming from her as a wave of pleasure shivers up your spine, incidentally mixing your own moans into your continued pussy worship of the second whelpling.",
                                     "As the whelplings continue to derive pleasure from you at both ends you feel yourself begin to lose control over your penis, and the aching, fiery buildup down there eventually gives way as you let out a long moan into the second whelpling's pussy, causing her to shiver in pleasure.",
                                     "PlayerOrgasm", "1",
                                     "As you release your cum into the pussy of the first whelpling you feel her quiver, her pussy tightening and constricting around your penis as she reciprocates the orgasm. With a sigh of satisfaction her bouncing stops and you feel her lean back slightly with you still insider her.",
                                     "The whelpling atop your face, however, seems to take issue and suddenly stands up, letting you catch your breath as the two figures argue about switching who gets to ride your dick.",
                                     "However, you find no reprieve from the twos assault as the first whelpling takes her foot and begins to rub the flat of it against the length of your dick. every time her foot reaches the top of your dick her delicate toes rub along the tip, further stimulating your already tired dick with a new wave of pleasure.",
                                     "Whelpling 2 looks down in shock seeing you take pleasure from this and also presses the arch of her foot against your cock. With the two feet pressed against you and alternating their stroking motions it does not take long for you to cum again at the power of their feet.",
                                     "PlayerOrgasm", "1",
                                     "Speaks2",
                                     "Ah man I hope that didn't finish him off, I still wanted to fuck him too!",
                                     "The first whelpling smirks and walks over to you, but instead of pressing her pussy into your face her tail reaches down and wraps around your neck, propping it up so you have a clear view of your body and the second whelpling who is hovering over your dick.",
                                     "In a flash the girl has descended onto your dick, her tail raised high into the air to reveal her tight asshole. It presses down onto the tip of your wet dick and for a moment there is a resistance before her asshole widens enough to accept your aching, tired dick.",
                                     "The walls of her asshole tighten around you, and it is much warmer than the pussy of the first girl. As she slides up and down the length of your shaft the first whelpling giggles at your moans when the second whelpling presses herself down to the hilt of your penis.",
                                     "Speaks",
                                     "Even our assholes can get you off can't they, human? How does it feel knowing that every single part of the weakest dragon is still strong enough to make you cum?",
                                     "The derision of the whelpling mocking you would sting a lot more if it were not for the intensifying fucking you are receiving from the other girl, who is continuing her assault on you with her ass.",
                                     "With one final press down to the hilt of your penis the whelpling manages to make you cum for a final time, and as you and her lie there exhausted the first whelpling releases you from the grip of her tail, and bends over to give you a kiss on the cheek.",
                                     "Speaks",
                                     "Well that was fun human, next time you come back maybe we'll bring you back to our lair so our sisters can enjoy you too",
                                     "With a wink the draconic pair wanders away from you, leaving you to fade from consciousness and await the splash of water from Lillian.",
                                     "ChangeSensitivity",
                                     "Sex",
                                     "6",
                                     "ChangeFetish", "Sex", "5",
                                     "GameOver"],
                        "picture": ""
                    }
                  ],
    "combatDialogue": [
                        {
                            "lineTrigger": "HitWith",
                            "move": "Spank",
                            "theText": [ "'Weh! Hey! Watch what you're doing you inferior human!'",
                                        "'Who would enjoy something like that?!'",
                                        "'I'll make sure to pay you back for that!'"]
                        },
                        {
                            "lineTrigger": "HitWith",
                            "move": "Whip",
                            "theText": [ "'Hey! That better not leave a mark!'",
                                         "'I'll fuck you for that! Wait that's not really a threat is it?'",
                                         "'Of course humans need tools to help them win!"]
                        },
                        {
                            "lineTrigger": "HitWith",
                            "move": "Demon Layer",
                            "theText": [ "'WAH! What was that?!?'",
                                         "'That's definitely gonna leave a mark!'",
                                         "'I-I'll pay you back for that!'"]
                        },
                        {
                            "lineTrigger": "HitWith",
                            "move": "Holy Headpat",
                            "theText": [ "'W-What on earth was that?'",
                                         "'I won't go easy on you just because you're so pathetic.'",
                                         "'Are you mocking a dragon?!'"]
                        },
                        {
                            "lineTrigger": "HitWith",
                            "move": ["Magical Binding", "Bondage Net", "Pin"],
                            "theText": [ "'Mmmh, the ropes are digging into me.'",
                                         "'You better let me out of these restraints or you'll be sorry!'",
                                         "'I can't be contained by the likes of you!'"]
                        },
                        {
                            "lineTrigger": "HitWith",
                            "move": ["Finger, Dildo"],
                            "theText": [ "'Awwww, are you not confident in your penis, human?'",
                                         "'I've used bigger than this!'",
                                         "'I need the real thing, so hurry up and give me your cum!'"]
                        },
                        {
                            "lineTrigger": "HitWith",
                            "move": ["Arouse", "Arousara", "Arousero"],
                            "theText": [ "'Is that supposed to do something?'",
                                         "'Human magic is so weak, I hardly felt that!'",
                                         "'Maybe if you get on your knees and beg I'll pretend that did something.'"]
                        },
                        {
                            "lineTrigger": "HitWith",
                            "move": "Electrify",
                            "theText": [ "'T-that's the closest your human magic has come to doing anything.'",
                                         "'Kyaaahhh!♥♥♥'",
                                         "'I won't quit no matter how badly I'm punished!'"]
                        },
                        {
                            "lineTrigger": "HitWith",
                            "move": ["Grope Ass", "Squeeze Ass", "Massage Ass", "Fondle Ass"],
                            "theText": [ "'Are you in love with my ass, or did you want to try and pet my tail?'",
                                         "'Feel the superior behind of a dragon!'",
                                         "'Mmmm, work those fingers, human.♥'"]
                        },
                        {
                            "lineTrigger": "HitWith",
                            "move": ["Breast Caress", "Breast Knead", "Breast Massage", "Breast Fondle"],
                            "theText": [ "'D-do you actually like my breasts, even if they're small?'",
                                         "'My boobs are pretty soft aren't they?♥'",
                                         "'Mmmm, work those fingers, human.♥'"]
                        },
                        {
                            "lineTrigger": "HitWith",
                            "move": "Suckle",
                            "theText": [ "'Oh... your tongue feels nice.♥'",
                                         "'Yes, pleasure me just like that, human.'",
                                         "'If you've got time to suck, can't you also fuck me?'"]
                        },
                        {
                            "lineTrigger": "HitWith",
                            "move": ["Charm", "Charm Wave"],
                            "theText": [ "'D-don't get cocky you damn human!'",
                                         "'I won't lose to the likes of you, u-u-unless you want me to?'"]
                        },
                        {
                            "lineTrigger": "HitWith",
                            "move": "Sleep",
                            "theText": [ "'What? I'm... feeling... drowsy...'",
                                         "'You better... not touch me... while I'm sleeping... you damn human...'"]
                        },
                        {
                            "lineTrigger": "HitWithA",
                            "move": "Anal Penetration",
                            "theText": [ "'KYA, what do you think you're putting that?!'",
                                         "'Don't you dare go thinking I enjoy this!'"]
                        },
                        {
                            "lineTrigger": "HitWith",
                            "move": "Insert",
                            "theText": [ "'I can see you can't resist the charm of a superior dragon.'",
                                         "'We'll see how long you can last against my pussy, human.'"]
                        },
                        {
                            "lineTrigger": "HitWith",
                            "move": "Pinch Nipples",
                            "theText": [ "'Hey! Watch where your hands go!'",
                                         "'Are you just trying to piss me off?!'"]
                        },
                        {
                            "lineTrigger": "HitWith",
                            "move": ["Seduce", "Enamor", "Smoldering Seduction", "Smoldering Flaunt", "Massaging Seduction", "Mass Seduction"],
                            "theText": [ "'D-don't think your feeble attempts at flirting are gonna work!",
                                         "'I won't be seduced by a weak human like you!"]
                        },
                        {
                            "lineTrigger": "HitWith",
                            "move": ["Pound", "Multi Thrust", "Empowered Thrust", "Carrying Fuck"],
                            "theText": [ "'Y-you're pretty good, for a human.'",
                                         "'Please don't stop, mmh keep goi- I-I mean stop that right now!'"]
                        },
                        {
                            "lineTrigger": "HitWith",
                            "move": ["Tantric Thrust", "Passionate Lovemaking"],
                            "theText": [ "'I... I think I may love you.♥'",
                                         "'I didn't know humans could be so loving with sex.♥'",
                                         "'After you cum... will you cuddle me after?'"]
                        },
                        {
                            "lineTrigger": "HitWithA",
                            "move": ["Pound", "Thrust", "Multi Thrust", "Empowered Thrust", "Carrying Fuck", "Anal Piston", "Channeling Thrust"],
                            "theText": [ "'Get out, get out, get out right now you damn human!!'",
                                         "'When I get you out of me I am going to put you in your place!'",
                                         "'I-if you don't stop my big sisters will come and punish you for this!'"]
                        },
                        {
                            "lineTrigger": "HitWithA",
                            "move": ["Tantric Thrust", "Passionate Lovemaking"],
                            "theText": [ "'I... I think I may love you.♥'",
                                         "'I didn't know humans could be so loving with sex.♥'",
                                         "'After you cum... will you cuddle me after?'"]
                        },
                        {
                            "lineTrigger": "HitWith",
                            "move": ["Lewd Bottle", "Cloying Mist", "Placebo Pheromone"],
                            "theText": [ "'Wha- A poison?! What a cheap trick!'",
                                         "'No! I can feel your drugs flowing through me!'",
                                         "'I can't believe your stupid poisons got through my superior immune system.'"]
                        },
                        {
                            "lineTrigger": "HitWith",
                            "move": ["Enfeeble", "Sensitize"],
                            "theText": [ "'You weakling, using magic to level the playing field.'",
                                         "'I won't lose to such an inferior creature.'",
                                         "'What's this? What did you do to me?!'"]
                        },
                        {
                            "lineTrigger": "HitWith",
                            "move": "Disarming Appeal",
                            "theText": [ "'Wha? Don't think you'll get off scot free just because you're pretending to be weak.'",
                                         "'Are you just pretending to be weak, or are you actually weak? Either way I'm gonna drain you dry.'",
                                         "'No amount of begging is gonna stop the fucking I'm gonna give you.'"]
                        },
                        {
                            "lineTrigger": "HitWith",
                            "move": ["Kiss", "Make Out"],
                            "theText": [ "[TargetName] shoots out a glare as you pull them into a kiss.",
                                         "'No! I need to fuck you, not make out with you!'",
                                         "'Let go of me, and just let me fuck you!'"]
                        },
                        {
                            "lineTrigger": "HitWith",
                            "move": ["Deep Kiss", "Lovingly Rough Kiss", "Sensually Seductive Kiss", "Skillfully Passionate Kiss", "Misty Kiss"],
                            "theText": [ "She gets momentarily lost in the kiss.",
                                         "'Stop trying to be all lovey-dovey when I'm trying to drain you!'",
                                         "'A-At least let me ride you while we kiss...'"]
                        },
                        {
                            "lineTrigger": "HitWith",
                            "move": "Ear Tease",
                            "theText": [ "'Is this just an excuse to play with my horns?'",
                                         "'Ah! Why does that feel so good?'",
                                         "'Could you... pet my hair while you're at it?'"]
                        },
                        {
                            "lineTrigger": "HitWith",
                            "move": "Analyze",
                            "theText": [ "'Scared by my power, human?'",
                                         "'Checking up on how you're gonna get fucked?'"]
                        },


                        {
                            "lineTrigger": "UsesMove",
                            "move": "Whelpling Tease",
                            "theText": [ "'Do you feel good looking at my body, what a perv.'",
                                         "'I know you can't stop looking at my body, so go ahead and start jerking off.'"]
                        },
                        {
                            "lineTrigger": "UsesMove",
                            "move": "Flirting Breath",
                            "theText": [ "'This is the true power of a dragon, now fall to your knees and obey!'",
                                         "'What's wrong human? Is my breath overwhelming you? Do you feel like giving in to me?'"]
                        },
                        {
                            "lineTrigger": "UsesMove",
                            "move": "Whelpling Footjob",
                            "theText": [ "'Big sis Purple said humans like feet, that's so weird!'",
                                         "'You perv, do you like having my feet against you?!'"]
                        },
                        {
                            "lineTrigger": "UsesMove",
                            "move": "Whelpling Foot Stroke",
                            "theText": [ "'You pathetic human, I'm gonna make you cum from my feet'",
                                         "'You're gonna cum at my soles, how does that feel you pathetic human?'",
                                         "'By the end of this you'll be begging for more of my feet.'"]
                        },
                        {
                            "lineTrigger": "UsesMove",
                            "move": "Whelpling Foot Grind",
                            "theText": [ "'I'm gonna grind your cock into nothing if you don't cum soon!'",
                                         "'You're gonna cum at my soles, how does that feel you pathetic human?'",
                                         "'I hope this doesn't hurt too much human, after you cum I think I wanna fuck you for fun!'"]
                        },
                        {
                            "lineTrigger": "UsesMove",
                            "move": "Double Foot Grind",
                            "theText": [ "'We'll make you into our new pet soon enough!'",
                                         "'Your poor cock, there's no way it can survive this.'",
                                         "'We'll make sure you never forget these feet, human!'"]
                        },
                        {
                            "lineTrigger": "UsesMove",
                            "move": "Triple Foot Grind",
                            "theText": [ "'We'll make you into our new pet soon enough!'",
                                         "'Your poor cock, there's no way it can survive this.'",
                                         "'We'll make sure you never forget these feet, human!'"]
                        },
                        {
                            "lineTrigger": "UsesMove",
                            "move": "Whelpling Feet Burial",
                            "theText": [ "'We'll make you into our new pet soon enough!'",
                                         "'Your poor cock, there's no way it can survive this.'",
                                         "'We'll make sure you never forget these feet, human!'"]
                        },
                        {
                            "lineTrigger": "UsesMove",
                            "move": "Whelpling Tailjob",
                            "theText": [ "'Bis sis Blue showed me how to do this!'",
                                         "'I gotcha! How do you like my tail, human?'",
                                         "'Now I'll milk you dry with this!'"]
                        },
                        {
                            "lineTrigger": "UsesMove",
                            "move": "Whelpling Tail Stroke",
                            "theText": [ "'I can make you cum without getting dirty now, this is great!'",
                                         "'Come on human, cum for me and my tail already!'",
                                         "'Do you see now why dragons are better than humans?'"]
                        },
                        {
                            "lineTrigger": "UsesMove",
                            "move": "Whelpling Tail Grip",
                            "theText": [ "'Am I gripping too hard? Maybe I'll let go if you just cum already!'",
                                         "'Come on human, cum for me and my tail already!'",
                                         "'Do you see now why dragons are better than humans?'"]
                        },
                        {
                            "lineTrigger": "UsesMove",
                            "move": "Resentful Kiss",
                            "theText": [ "'Wouldn't you rather enjoy other parts of me?'",
                                         "'You better enjoy this, human.'",
                                         "'Enough of this pathetic foreplay.'"]
                        },
                        {
                            "lineTrigger": "UsesMove",
                            "move": "Trapping Kiss",
                            "theText": [ "'Would you like to lie back and let me handle things?'",
                                         "'It'll only take a little bit longer for me to dry you out.'",
                                         "'Squirm in my embrace, human'"]
                        },
                        {
                            "lineTrigger": "UsesMove",
                            "move": "Proud Grind",
                            "theText": [ "'Does this make you crazy human?'",
                                         "'How long can you hold out against the prime pussy of a dragon?'",
                                         "'I'll squeeze every last drop out of you.'"]
                        },
                        {
                            "lineTrigger": "UsesMove",
                            "move": "Slippery Fucking",
                            "theText": [ "'Cum for me! Cum for ME! CUM FOR ME!'",
                                         "'I can't believe how good this actually feels!'",
                                         "'Don't stop human! Not until I have what I need!'"]
                        },
                        {
                            "lineTrigger": "UsesMove",
                            "move": "Whelpling Heavy Pounding",
                            "theText": [ "'It doesn't matter which hole you choose, I will fuck you senseless no matter what.'",
                                         "'I can't believe you thought you could defeat the ass of a dragon!'",
                                         "'Don't blame me if I break you.'"]
                        },
                        {
                            "lineTrigger": "UsesMove",
                            "move": "Whelpling Breast Press",
                            "theText": [ "'You better not say anything about how big they are!'",
                                         "'Even when they're this small they still feel good, right?'",
                                         "'If you think this feels good wait until you fight my big sis Red'"]
                        },


                        {
                            "lineTrigger": "StanceStruggle",
                            "move": "Sex",
                            "theText": [ "[ThePlayerName] struggles to pull out of [AttackerName]'s magically lubricated pussy..."]
                        },
                        {
                            "lineTrigger": "StanceStruggleFail",
                            "move": "Sex",
                            "theText": [ "But she presses back down onto your dick, and the wave of pleasure ends your struggles.",
                                         "But [AttackerName] continues to ride your dick with a relentless energy.",
                                         "But the fervent riding of [AttackerName] kills off your escape attempt."]
                        },
                        {
                            "lineTrigger": "StanceStruggleComment",
                            "move": "Sex",
                            "theText": [ "'Trying to run? But I still need you to cum inside me!♥'",
                                         "'No no no! You don't get to leave until I'm done with you!'",
                                         "'Don't you dare try to leave now! I need your cum!♥'"]
                        },
                        {
                            "lineTrigger": "StanceStruggleFree",
                            "move": "Sex",
                            "theText": [ "And manages to escape her pussy!"]
                        },
                        {
                            "lineTrigger": "StanceStruggleFreeComment",
                            "move": "Sex",
                            "theText": [ "'No! You must've been so close if you were trying that hard to escape!'",
                                         "'I'll get you back inside me! Then you'll be mine!♥",
                                         "'Awww, are you scared, human? You should be since you're fighting a dragon!"]
                        },

                        {
                            "lineTrigger": "StanceStruggle",
                            "move": "Anal",
                            "theText": [ "[ThePlayerName] struggles to pull out of [AttackerName]'s tight asshole..."]
                        },
                        {
                            "lineTrigger": "StanceStruggleFail",
                            "move": "Anal",
                            "theText": [ "But with a flex of her muscles her ass tightens around your cock, stopping your escape.",
                                         "But she slams her hips down hard to the shaft of your dick, and the force knocks the air out of you.",
                                         "But she grabs your arms and runs them along her small but firm ass, taking away your ability to push her off."]
                        },
                        {
                            "lineTrigger": "StanceStruggleComment",
                            "move": "Anal",
                            "theText": [ "'What's wrong human? Is my ass too much for the likes of you?'",
                                         "'Is it really that bad too be in my ass? You seemed to like it earlier.♥'",
                                         "'Don't try running now human, I'm gonna fuck you senseless.♥'"]
                        },
                        {
                            "lineTrigger": "StanceStruggleFree",
                            "move": "Anal",
                            "theText": [ "And breaks free from her tight ass!"]
                        },
                        {
                            "lineTrigger": "StanceStruggleFreeComment",
                            "move": "Anal",
                            "theText": [ "'Wha, hey! Don't quit after putting your dick in my ass!'",
                                         "'Scared of cumming to a dragon's ass, human?'",
                                         "'Ha, guess it was too much ass for a low life like you!♥'"]
                        },

                        {
                            "lineTrigger": "StanceStruggle",
                            "move": "Footjob",
                            "theText": [ "[ThePlayerName] struggles to escape from the grinding feet of [AttackerName]..."]
                        },
                        {
                            "lineTrigger": "StanceStruggleFail",
                            "move": "Footjob",
                            "theText": [ "But she grips the head of your penis between her toes, and you stay still at the powerful grip of her toes.",
                                         "But she grinds her heel into your balls, a pained yelp escapes you as you stop your escape.",
                                         "But her smooth, slimy soles rub along the shaft of your dick, and the wave of pleasure ends your escape."]
                        },
                        {
                            "lineTrigger": "StanceStruggleComment",
                            "move": "Footjob",
                            "theText": [ "'That's right you perv, just stay under my feet.♥'",
                                         "'You humans belong under my feet, so accept your place already.♥",
                                         "'Come now, just sit back and enjoy the feet of a dragon.'"]
                        },
                        {
                            "lineTrigger": "StanceStruggleFree",
                            "move": "Footjob",
                            "theText": [ "And pushes the smug, dominating feet away!"]
                        },
                        {
                            "lineTrigger": "StanceStruggleFreeComment",
                            "move": "Footjob",
                            "theText": [ "'Oh? I thought you liked my feet?'",
                                         "'Wouldn't it be easier to just lay back and enjoy my feet?'",
                                         "'Are you ready for the real fucking now, human?'"]
                        },

                        {
                            "lineTrigger": "StanceStruggle",
                            "move": "Tailjob",
                            "theText": [ "[ThePlayerName] tries to get out of the coiled tail of [AttackerName]..."]
                        },
                        {
                            "lineTrigger": "StanceStruggleFail",
                            "move": "Tailjob",
                            "theText": [ "But her tail begins to stroke your cock faster, and the overwhelming pleasure buckles your knees.",
                                         "But she grabs you by the hands and pulls you close, her tail coiling tighter around your dick.",
                                         "But her coiling tail wraps tighter around your dick, and the tight grip makes you yelp in pain, and you stop trying to escape."]
                        },
                        {
                            "lineTrigger": "StanceStruggleComment",
                            "move": "Tailjob",
                            "theText": [ "'Why resist against a dragon? This must be one of the best experiences on earth.♥'",
                                         "'Just accept my tail's warm embrace, I know you'll be cumming in no time thanks to it.'",
                                         "'Ha! You can't even get away from my tail! I'm just that much stronger than you!'"]
                        },
                        {
                            "lineTrigger": "StanceStruggleFree",
                            "move": "Tailjob",
                            "theText": [ "And escapes the slimy tail that wrapped around [TargetHisOrHer] cock!"]
                        },
                        {
                            "lineTrigger": "StanceStruggleFreeComment",
                            "move": "Tailjob",
                            "theText": [ "'Ah! get back here and accept my slimy tail's love!'",
                                         "'No, don't run away, I wanna feel you cum on my tail!'",
                                         "'That's no fun if you just keep running away!'"]
                        },

                        {
                            "lineTrigger": "StanceStruggle",
                            "move": "Making Out",
                            "theText": [ "[ThePlayerName] tries to escape from the embrace of [AttackerName]..."]
                        },
                        {
                            "lineTrigger": "StanceStruggleFree",
                            "move": "Making Out",
                            "theText": [ "And manages to break free of the make out session!"]
                        },



                        {
                            "lineTrigger": "LowHealth",
                            "move": "",
                            "theText": [ "'A-am I gonna lose to a human? I would never be able to show my face back at the den!'",
                                         "'No! Dragons aren't supposed to lose to anyone!'",
                                         "'If you beat me here I promise I'm gonna send my sisters to teach you a lesson!'"]
                        },
                        {
                            "lineTrigger": "PlayerLowHealth",
                            "move": "",
                            "theText": [ "'Whats wrong human? You look like you're on the edge of cumming! Don't worry I'll put you out of your suffering and make you cum lots!'",
                                         "'Be grateful human! Losing to me like this will help me become stronger than I already am!'",
                                         "'Y'know human, if this is too much for you, you could always give up and just give me what I need.'"]
                        },
                        {
                            "lineTrigger": "OnPlayerOrgasm",
                            "move": "",
                            "theText": [ "'I did it! I made a human cum! Now to make sure you fully submit to me.'",
                                         "'If even I made you cum there's no way you could beat my sisters!'",
                                         "'What's with that face human? Did it really feel that good cumming to a dragon?'"]
                        },
                        {
                            "lineTrigger": "OnPlayerOrgasm",
                            "move": "Whelpling Foot Stroke",
                            "theText": [ "'I can't believe you humans get off to feet. How pathetic can you get?'",
                                         "'Humans are so weak they'll cum to feet? Goes to show how inferior you are to the likes of me!'",
                                         "'How does it feel human? To know that you'll buckle and cum under my feet?'"]
                        },
                        {
                            "lineTrigger": "OnPlayerOrgasm",
                            "move": "Double Foot Grind",
                            "theText": [ "'I can't believe you humans get off to feet. How pathetic can you get?'",
                                         "'Humans are so weak they'll cum to feet? Goes to show how inferior you are to the likes of me!'",
                                         "'How does it feel human? To know that you'll buckle and cum under our feet?'"]
                        },
                        {
                            "lineTrigger": "OnPlayerOrgasm",
                            "move": "Triple Foot Grind",
                            "theText": [ "'I can't believe you humans get off to feet. How pathetic can you get?'",
                                         "'Humans are so weak they'll cum to feet? Goes to show how inferior you are to the likes of me!'",
                                         "'How does it feel human? To know that you'll buckle and cum under my feet?'"]
                        },
                        {
                            "lineTrigger": "OnPlayerOrgasm",
                            "move": "Whelpling Feet Burial",
                            "theText": [ "'How can you just lay there and take this punishment? You really are pathetic'",
                                         "'If you don't do something soon, we'll stomp your puny dick out of existence!'",
                                         "'Are you in love with our feet yet? Because you will be soon!'"]
                        },
                        {
                            "lineTrigger": "OnPlayerOrgasm",
                            "move": "Whelpling Tail Stroke",
                            "theText": [ "'Oh, did my tail really make you cum human? Guess my training paid off!'",
                                         "'I know my tail is soft and smooth but I'm surprised you came so easily from that!'",
                                         "'Bet you wish you had a limb like this don't you human? Rather than that pathetic cock down there.'"]
                        },
                        {
                            "lineTrigger": "OnOrgasm",
                            "move": "",
                            "theText": [ "'Did a human just make me cum?! Eeek how humiliating!'",
                                         "'How dare you make me cum, you damn human. Now how will I show my face to my sisters!'",
                                         "'I-I'll make sure to pay you back for that tenfold human!'"]
                        },
                        {
                            "lineTrigger": "OnSurrender",
                            "move": "",
                            "theText": [ "'You're giving up? But I haven't had my fun toying with you! I guess I'll have to make you cum lots to make up for it!'",
                                         "'Giving up? I can't allow that until Ive broken you like the toy you are!'"]
                        }
                      ],
                      "victoryScenes": [
                          {
                              "NameOfScene": "",
                              "move": "",
                              "stance": "",
                              "includes": [""],
                              "theScene": [
                              ""
                              ],
                              "picture": ""
                          }
                      ],
"pictures": [
              {
                  "Name": "Base",
                  "StartOn": "1",
                  "AlwaysOn": "1",
                  "IsScene": "0",
                  "TheBody": "1",
                  "Overlay": "No",
                  "setXalign": "0.0",
                  "setYalign": "0.26",
                  "Images": [
                  {
                      "Name": "Base",
                      "File": "../Mods/Dragon/Images/Whelpling.png",
                      "setXalign": "0.0",
                      "setYalign": "0.0"
                  }
                ]
              }
            ]

    }
