{
    "name": "Handjob of the Ancients",
    "cost": "0",
    "costType": "ep",
    "requiredLevel": "0",
    "learningCost": "0",
    "skillType": "attack",
    "statType": "Technique",
      "statusEffectScaling": "0",
    "requiredStat": "0",
    "skillTags": [ "Sex"],
    "fetishTags": [ ""],
    "startsStance": [""],
    "requiresStance": "Any",
    "unusableIfStance": [ ""],
    "requiresTargetStance": [ "Any"],
    "unusableIfTarget": [ "Sex", "Anal"],
    "removesStance": ["None"],
    "requiresStatusEffect": "None",
    "requiresStatusPotency": "0",
    "unusableIfStatusEffect": [ "None"],
    "power": "30",
    "minRange": "80",
    "maxRange": "115",
    "recoil": "0",
    "targetType": "single",
    "statusEffect": "None",
    "statusChance": "0",
    "statusDuration": "0",
    "statusPotency": "0",
    "statusResistedBy": "",
    "statusText": "",
    "descrip": "Handjob skill",
    "outcome": "[AttackerName] delicately and with precision begins to pump [TargetName]'s cock. Her grip and delicate fingers feel like they are infused with magic as she works the shaft of [TargetName]",
    "miss": "[AttackerName] reaches out for [TargetName]'s cock, who manages to grab her hands and prevent her from grabbing hold.",
    "statusOutcome": "",
    "statusMiss": "",
    "restraintStruggle": [""],
    "restraintStruggleCharmed": [""],
    "restraintEscaped": [""],
    "restraintEscapedFail": [""]
}
