{
    "name": "Paralyzing Breath",
    "cost": "0",
    "costType": "ep",
    "requiredLevel": "0",
    "learningCost": "0",
    "skillType": "statusEffect",
    "statType": "Intelligence",
      "statusEffectScaling": "10",
    "requiredStat": "0",
    "skillTags": [ "Affliction"],
    "fetishTags": [ "Monstrous"],
    "startsStance": [""],
    "requiresStance": "Any",
    "unusableIfStance": [ ""],
    "requiresTargetStance": [ "Any"],
    "unusableIfTarget": [ "Blowjob", "Making Out"],
    "removesStance": ["None"],
    "requiresStatusEffect": "None",
    "requiresStatusPotency": "0",
    "unusableIfStatusEffect": [ "None"],
    "power": "0",
    "minRange": "100",
    "maxRange": "100",
    "recoil": "0",
    "targetType": "single",
      "initiative": "15",
    "statusEffect": "Paralysis",
    "statusChance": "125",
    "statusDuration": "2",
    "statusPotency": "2",
    "statusResistedBy": "Power",
    "statusText": "",
    "descrip": "",
    "outcome": "",
    "miss": "",
    "statusOutcome": "[AttackerName] shoots out a breath of blue smoke that starts to numb every part of [TargetName] as they breathe in the smoke.",
    "statusMiss": "[TargetName] manages to hold their breath and avoid the bluish smoke fired out by [AttackerName].",
    "restraintStruggle": [""],
    "restraintStruggleCharmed": [""],
    "restraintEscaped": [""],
    "restraintEscapedFail": [""]
}
