{
    "name": "Powerful Paizuri",
    "cost": "0",
    "costType": "ep",
    "requiredLevel": "0",
    "learningCost": "0",
    "skillType": "attack",
    "statType": "Allure",
    "requiredStat": "0",
    "skillTags": [ "Breasts"],
    "fetishTags": [ "Breasts"],
    "startsStance": [""],
    "requiresStance": "Titfuck",
    "unusableIfStance": [ ""],
    "requiresTargetStance": [ "Any"],
    "unusableIfTarget": [ "Footjob", "Tailjob", "Penetration"],
    "removesStance": ["None"],
    "requiresStatusEffect": "None",
    "requiresStatusPotency": "0",
    "unusableIfStatusEffect": [ "None"],
    "power": "50",
    "minRange": "70",
    "maxRange": "120",
    "recoil": "0",
    "targetType": "single",
    "statusEffect": "None",
    "statusChance": "0",
    "statusDuration": "0",
    "statusPotency": "0",
    "statusResistedBy": "",
    "statusText": "",
    "descrip": "Titjob Attack",
    "outcome": "{AttackerName} runs her fingers along her breasts, before pressing her impressive bust together, forcing unbelievable pressure onto the member of {TargetName}.",
    "miss": "{AttackerName} powerfully slams her breasts together, placing great pressure on the dick of {TargetName}, who manages to resist the incredible sensation of the move.",
    "statusOutcome": "",
    "statusMiss": "",
    "restraintStruggle": [""],
    "restraintStruggleCharmed": [""],
    "restraintEscaped": [""],
    "restraintEscapedFail": [""]
}
