{
    "name": "Hypnotizing Chant",
    "cost": "0",
    "costType": "ep",
    "requiredLevel": "0",
    "learningCost": "0",
    "skillType": "statusEffect",
    "statType": "Intelligence",
      "statusEffectScaling": "0",
    "requiredStat": "0",
    "skillTags": [ "Magic"],
    "fetishTags": [ ""],
    "startsStance": [""],
    "requiresStance": "Any",
    "unusableIfStance": [ "Blowjob"],
    "requiresTargetStance": [ "Any"],
    "unusableIfTarget": [ ""],
    "removesStance": ["None"],
    "requiresStatusEffect": "None",
    "requiresStatusPotency": "0",
    "unusableIfStatusEffect": [ "None"],
    "power": "0",
    "minRange": "0",
    "maxRange": "0",
    "recoil": "0",
    "targetType": "single",
    "statusEffect": "Trance",
    "statusChance": "150",
    "statusDuration": "3",
    "statusPotency": "2",
    "statusResistedBy": "Willpower",
    "statusText": "",
    "descrip": "Magic 2",
    "outcome": "{AttackerName} releases a chant filled with arcane words that begin to surround {TargetName}. As she finishes the chant {TargetName} can immediately feel their mind going blank under the arcane assault.",
    "miss": "{AttackerName} begins to chant hypnotic words at {TargetName} who counters by plugging their ears to avoid the sound based magic.",
    "statusOutcome": "{TargetName} finds themselves under the powerful hypnosis of {AttackerName}, who starts to approach with an almost imperceptible grin and hungry look in her eyes.",
    "statusMiss": "{TargetName} manages to shake off the hypnosis before it takes hold, and resumes a fighting stance as {AttackerName} briefly frowns in disappointment before resuming her calm demeanor.",
    "restraintStruggle": [""],
    "restraintStruggleCharmed": [""],
    "restraintEscaped": [""],
    "restraintEscapedFail": [""]
}
