{
    "name": "Warming Cushions",
    "cost": "5",
    "costType": "ep",
    "requiredLevel": "0",
    "learningCost": "0",
    "skillType": "attack",
    "statType": "Power",
    "requiredStat": "0",
    "skillTags": [ "Sex"],
    "fetishTags": [ "Legs"],
    "startsStance": ["Thighjob"],
    "requiresStance": "Any",
    "unusableIfStance": [ ""],
    "requiresTargetStance": [ "Any"],
    "unusableIfTarget": [ "Penetration", "Tailjob", "Footjob", "Thighjob", "Titfuck", "Blowjob", "Making Out"],
    "removesStance": ["None"],
    "requiresStatusEffect": "None",
    "requiresStatusPotency": "0",
    "unusableIfStatusEffect": [ "Restrain"],
    "power": "20",
    "minRange": "85",
    "maxRange": "110",
    "recoil": "0",
    "targetType": "single",
    "statusEffect": "None",
    "statusChance": "0",
    "statusDuration": "0",
    "statusPotency": "0",
    "statusResistedBy": "",
    "statusText": "",
    "descrip": "Thighjob",
    "outcome": "{AttackerName} tackles you with her diminutive frame and as you attempt to collect yourself you feel two soft objects envelop your cock. A small moan escapes from you as {AttackerName} clenches her immense thighs together and gives you a teasing stroke with her legs.",
    "miss": "{AttackerName} attempts to bring you to the ground with her smaller frame, but you manage to avoid the attack and remain upright.",
    "statusOutcome": "",
    "statusMiss": "",
    "restraintStruggle": [""],
    "restraintStruggleCharmed": [""],
    "restraintEscaped": [""],
    "restraintEscapedFail": [""]
}
