{
    "name": "Roaring Ring",
    "itemType": "Accessory",
    "cost": "5000",
    "descrip": "A gold ring fashioned in the shape of a roaring dragon. Massively increases resistance to certain status effects, and makes Oral skills do 10% more damage.",
    "requires": [ ""],
    "perks": [ "Dragon Roar"],

    "hp": "0",
    "ep": "25",
    "sp": "0",

    "Exp": "0",
    "Power": "0",
    "Technique": "0",
    "Intelligence": "0",
    "Allure": "0",
    "Willpower": "0",
    "Luck": "0",

    "statusEffect": "None",
    "statusChance": "0",
    "statusPotency": "0",

    "BodySensitivity": { "Sex": "0",
              "Ass": "0",
              "Breasts": "0",
              "Mouth": "0",
              "Seduction": "0",
              "Magic": "0",
              "Pain": "0",
              "Holy": "0",
              "Unholy": "0"
    },

    "resistancesStatusEffects": {
              "Stun": "15",
              "Charm": "35",
              "Aphrodisiac": "0",
              "Restraints": "0",
              "Sleep": "0",
              "Trance": "0",
              "Paralysis": "0"
    },

    "useOutcome": "",
    "useMiss": ""

}
