{
    "name": "Blue Dragon Experiments",
    "CardType": "",
    "CardLimit": "0",
    "Description": "",
    "requires": [ ""],
    "Speakers": [
                  {
                    "name": "Blue Dragon",
                    "postName": "",
                    "SpeakerType": ""
                  },
                  {
                    "name": "Red Dragon",
                    "postName": "",
                    "SpeakerType": ""
                  },
                  {
                    "name": "Black Dragon",
                    "postName": "",
                    "SpeakerType": ""
                  },
                  {
                    "name": "Green Dragon",
                    "postName": "",
                    "SpeakerType": ""
                  },
                  {
                    "name": "Purple Dragon",
                    "postName": "",
                    "SpeakerType": ""
                  },
                  {
                    "name": "White Dragon",
                    "postName": "",
                    "SpeakerType": ""
                  },
                  {
                    "name": "Blue Dragon",
                    "postName": "",
                    "SpeakerType": ""
                  }

                ],
    "EventText": [
                    {
                        "NameOfScene": "EventStart",
                        "theScene": [  "ChangeBGM", "music/Unknown/Brainwash.mp3",
                          "The blue dragon looks down at your ragged and tired body, and with no words begins to drag you away.",
                          "Moments pass before you find yourself in a very clean room within the cave systems, softly lit by a series of torches, and a series of sex toys and what appear to be alchemical supplies.",
                          "DisplayCharacters",
                          "1",
                          "EndLoop",
                          "Speaks",
                          "Not what you expected, is it? Allow me to explain: I am a magician and researcher for the dragon clan. I develop new sexual techniques through experimentation and magical research for our clan to use so that we can remain the dominant clan of monster girls on this island.",
                          "Speaks",
                          "I know that you have a limited amount of time before your magic takes you back to town, but until then I wish to test team ups with my sisters to experiment with pairings that would elevate our combat prowess to new heights.",
                          "Speaks",
                          "So please, choose one of my dragon sisters to come assist me in leaving you feeble and weak.",
                          "She hands you a list of names.",
                          "Menu",
                          "Red Dragon",
                          "Black Dragon",
                          "Green Dragon",
                          "Purple Dragon",
                          "White Dragon",
                          "EndLoop"]
                    },
                    {
                        "NameOfScene": "Red Dragon",
                        "theScene": [ "You state that you want the red dragon to come assist, and the blue dragon only nods as she leaves the room. Seconds pass before she re-enters the room with the short but thick red dragon.",
                                      "DisplayCharacters",
                                      "1",
                                      "2",
                                      "EndLoop",
                                      "Speaks2",
                                      "Wow, I never get to come into this room! I'm so excited!",
                                      "She looks around and sees you lying on a makeshift bed in the room, and her eyes switch from a sparkling curiosity to all out horny excitement.",
                                      "Speaks2",
                                      "Wow, a human! Is this part of the experiments we're doing today, Blue?",
                                      "Speaks",
                                      "Yes, I want you to assist me in making this human cum, so that we can test teamwork and compatibility for later battles.",
                                      "Speaks2",
                                      "We're learning how to work together? Sounds fun!",
                                      "With a happy bounce that makes her boobs jiggle for seconds she rushes over to you, before looking at the blue dragon with a confused look.",
                                      "Speaks2",
                                      "But... which one of us will get his dick?",
                                      "Speaks",
                                      "I will handle his nether regions with my blowjob techniques, I will leave the rest of him up to you, if you can handle that.",
                                      "The shorter dragon puffs her cheeks out in defiance, before she walks over near your prone body, and kneels near your face as the blue dragon kneels near your hips.",
                                      "Speaks2",
                                      "I'll show you just what I'm capable of!",
                                      "With a defiant air about her the large breasted dragon takes her tits and presses them into your face, almost instantly cutting off your air and replacing it with her overbearing scent.",
                                      "At the same time you feel a pair of cold lips kiss at your shaft, and a magical force spreads slowly through it, making it stand straighter and harder.",
                                      "Speaks",
                                      "With a little magical encouragement I can extend your libido, so do your best to endure our assault, human.",
                                      "With your dick now throbbing because of the magical effects you feel her breath on your dick, as she slowly lowers her mouth onto it. As she presses her mouth closed around your dick you feel diligent tongue run itself along your shaft, as she slowly begins to bob up and down.",
                                      "Faced with an assault at both ends of yourself, you struggle against the powerful breasts bouncing against your face, until the red dragon grabs your hands and presses them into her bountiful breasts.",
                                      "Speaks2",
                                      "Teehee, got your hands! How will you fight back now?",
                                      "Against her power and the stimulation you're receiving you can only offer meager struggles as her breasts press into your face harder. Her overbearing scent combined with the weight on you is beginning to make you lightheaded as you begin to give in as you begin to kiss at her breasts.",
                                      "Speaks2",
                                      "Oh wow! He's already giving into my breasts! How're things going over on your end, Blue?",
                                      "You don't hear a response from the calmer of the two dragons, only lewd slurping noises as she continues to bob her head on your dick, her incredible tongue working on your sensitive glans.",
                                      "The combined sensations begin to build up pressure in your groin, and as you begin to moan you feel a deep shock run through you, sending a sudden wave of pleasure through your body.",
                                      "The sudden onset of pleasure removes your ability to hold back, and you release everything pent up inside you as the blue dragon presses herself to the base of your penis, and her throat takes on your entire load.",
                                      "PlayerOrgasm", "2",
                                      "As you fire out the load the tongue of the blue dragon continues to massage your dick, until she's milked out every last bit of cum from you and swallowed it.",
                                      "As your twitching orgasm comes to an end you feel the mouth leave your groin, and soon after the smothering breasts on your face lift off as well.",
                                      "The two dragons are standing over you, both wearing satisfied grins on their faces as you begin to black out...",
                                      "ChangeFetish", "Mouth", "5",
                                      "ChangeFetish", "Breasts", "5",
                                      "ChangeSensitivity",
                                      "Sex",
                                      "4",
                                      "GameOver"]
                    },
                    {
                        "NameOfScene": "Black Dragon",
                        "theScene": [  "You state that you want the black dragon to come assist, and the blue dragon only nods as she leaves the room. Seconds pass before she re-enters the room with the tall, powerful draconic woman.",
                                      "DisplayCharacters",
                                      "1",
                                      "3",
                                      "EndLoop",
                                      "Speaks3",
                                      "I'm impressed Blue, you never invite us into this room, what's the occasion?",
                                      "As she finishes the question, Blue gestures towards you and you can see the black dragon's face light up with a horny longing.",
                                      "Speaks3",
                                      "You managed to capture a human! Very impressive Blue, what are we going to do with him?",
                                      "Speaks",
                                      "Yes, I captured this human and brought them here to test our ability to work together to enhance our clans future combat abilities by creating teams of dragons.",
                                      "Speaks3",
                                      "Fascinating. Well don't worry deary, I'll show this human the overwhelming power of me and my sister.",
                                      "As she finishes saying this she is already straddling your hips, and as you look at the massive frame hanging over you your view is suddenly obscured by the face of the blue dragon, who is pulling you into a deep kiss.",
                                      "As her lips touch yours you can feel a magic power flow from her lips to yours, and the sudden shock of pleasure forces your dick straight up, making it brush past the nether regions of the larger dragon hovering over it.",
                                      "With a laugh at your new excitement she slowly lowers her rear onto your dick.",
                                      "She lets out a gasp as your dick enters her ass, and as she presses herself down on your dick, the blue dragon continues her kiss, her tongue invading your mouth and dances with yours.",
                                      "The black dragon continues to ride you, her massive ass tightening and loosening around your dick in a rhythmic motion.",
                                      "The pressure building up in you is great, and eventually the powerful ass of the black dragon overwhelms you, and you feel yourself starting to cum in her ass.",
                                      "Just as you are about to cum, the blue dragon pulls back from the kiss and shouts several arcane words at you. Pink runes scatter about your body and press into your skin, pleasing you but at the same time holding back your orgasm.",
                                      "Speaks",
                                      "I'm so sorry human, but my sister will not be satisfied with just that performance. Do your best to last longer than that.",
                                      "With the enchantment preventing your orgasm you are still left to the whims of the dragons. The black dragon redoubles her bouncing and goes at you with a greater speed than before.",
                                      "The overbearing stimulation is too much for you to handle, and as you long to cum you cry out in pleasure, only to have the mouth of the blue dragon press against yours again. Your muffled cry into her mouth fades into you reciprocating the kiss, your tongue dancing with hers as the two of you kiss.",
                                      "Minutes pass, the sensation is unbearable and you can feel yourself passing out from the prolonged edging, and as your vision starts to blur the black dragon slams her hips into yours with great force, and at that exact moment the enchantment on your body wears off, and you release a torrent of your seed into her ass.",
                                      "PlayerOrgasm", "3",
                                      "Her ass seems to bounce to massage the cum out of you, and as you feel the last of your cum pass through your penis the two woman disengage from you, and you quickly pass out...",
                                      "ChangeFetish", "Ass", "5",
                                      "ChangeSensitivity",
                                      "Mouth",
                                      "4",
                                      "ChangeSensitivity",
                                      "Sex",
                                      "4",
                                      "GameOver"]
                    },
                    {
                        "NameOfScene": "Green Dragon",
                        "theScene": [  "You state that you want the green dragon to come assist, and the blue dragon only nods as she leaves the room. Seconds pass before she re-enters the room with the short tempered tsundere dragon.",
                                      "DisplayCharacters",
                                      "1",
                                      "4",
                                      "EndLoop",
                                      "Speaks4",
                                      "So what's the big experiment, Blue? You never ask for my help with things like this.",
                                      "Blue gestures towards you and you see the green skinned dragon's eyes light up with a mischievous lust.",
                                      "Speaks4",
                                      "Oh wow, you captured a human? Are we making him into a sex slave?",
                                      "Speaks",
                                      "Not quite, this human has been captured and will be used to test how we work together in pairs against humans. Our objective here is to make him cum together, and see what our strongest teams are.",
                                      "Speaks4",
                                      "Hmmm, I have to share? Well I guess it would be fun to see this human's face twist up because of both of us.",
                                      "As she finishes her sentence she stands over your face, giving you a clear view of her body. As you admire her naked form for a moment, it is interrupted by her small, delicate feet suddenly pressing down onto your face.",
                                      "Speaks4",
                                      "His face is pretty soft. Do you like my feet, human?",
                                      "As you open your mouth to respond she covers your mouth with her foot, and your tongue almost instinctively reaches out and licks at her sole. The sensation of your tongue against her feet causes her to let out a giggle, as she grinds her foot against your face.",
                                      "Meanwhile, the blue dragon has made her way to your hips, and as she mounts you, you can feel her hungry pussy press against your stiff member, as she uses her pussy to slowly stroke along your shaft.",
                                      "Her pussy caressing your dick sends tingles of pleasure through you, and you can't help but moan into the foot of the green dragon, whose grinding foot is tickled by the exchange.",
                                      "Lifting herself up for just a moment, the blue dragon gets your dick in place and slowly lowers herself onto you, your dick easily sliding into her slippery, pulsing pussy.",
                                      "As you enter her pussy, you feel an unimaginable warmth that you never would have expected from such a cold faced figure. The walls of her pussy pulse against your dick, pressing on it from all sides with an almost magical pressure.",
                                      "As the blue dragon rides you, the pleasure you feel begins to override your brain, and soon the feet pressed against your face begin to feel much better to you, as you begin to worshipfully lick at them.",
                                      "Speaks4",
                                      "Well it seems he's already been broken in, look at how he kisses my feet like a little pervert.",
                                      "Speaks",
                                      "Yes, it does seem like his mind has broken, perhaps it is time to finish him off.",
                                      "As she says this the green dragon uses both of her feet against your face, covering your nose and mouth with them so that you are forced to breathe in the scent of her feet.",
                                      "At the same time the blue dragon begins weaving together a powerful spell, and you feel a powerful magical surge flow through your body that wracks you with pleasure. Moments pass like this before you cannot take it any longer and you feel the cum in you begin to surge out, pumping into the hungry pussy of the blue dragon.",
                                      "PlayerOrgasm", "1",
                                      "As your body is torn through by magic and your orgasm leaves you a twitching mess, the feet continue to press into your face, until you are left panting and gasping for breath.",
                                      "The two figures stand up from your body, and you are left watching them leave as you begin to black out...",
                                      "ChangeFetish", "Feet", "5",
                                      "ChangeFetish", "Sex", "5",
                                      "ChangeSensitivity",
                                      "Sex",
                                      "4",
                                      "GameOver"]
                    },
                    {
                        "NameOfScene": "Purple Dragon",
                        "theScene": [  "You state that you want the purple dragon to come assist, and the blue dragon only nods as she leaves the room. Seconds pass before she re-enters the room with the tall, graceful dragon.",
                                      "DisplayCharacters",
                                      "1",
                                      "5",
                                      "EndLoop",
                                      "Speaks5",
                                      "Alright Blue dearest, what're we in for today?",
                                      "She looks around and sees you lying on a makeshift bed in the room, and underneath her outwardly flirty demeanor you feel a hint of sinister intent.",
                                      "Speaks5",
                                      "A human? I think I see what you want from me here, Blue. I'll help you break in your new toy.",
                                      "Speaks",
                                      "It is not quite like that, sister. All I want to do is test how well we can work together as a team to make this human here cum.",
                                      "Speaks5",
                                      "Oh a bonding exercise! I would have preferred it to be a {i}bondage{/i} exercise but I'll make this human cum regardless.",
                                      "Without any further words the purple dragon walks over to you and pins your hands above your head, and as she hovers over you for a second she lets out a purple mist into your face, and soon the world around you becomes warm and begins to distort.",
                                      "Speaks5",
                                      "So sorry my love, I just want to make sure you're in the proper mood for this.",
                                      "With you already getting drunk off her magical attack she leans in and gives you a kiss on the cheek, and you feel your cheek begin to blush and grow warm. She chuckles at you before slowly pulling you in for a deep kiss.",
                                      "As you are pulled into the kiss her tongue finds yours and begins to sensually coil around, and playfully dances around your mouth as your tongue sluggishly tries to press against it.",
                                      "As you get more involved in the kiss you feel a thin, smooth appendage wrap around your dick as the blue dragon wraps her tail around you.",
                                      "As her tail gently wraps around your cock, it slowly begins to jerk you off.",
                                      "The rubbing sensation fills you with pleasure, and before long you find that you are being dominated from both ends by the powerful dragons.",
                                      "The powerful intoxicant of the purple dragon causes the pleasure to spread throughout your body, and you cannot stop yourself from trying to break free of the grasp of the purple dragon, who pulls back from the kiss to mock you.",
                                      "Speaks5",
                                      "Oh? Getting handsy are we? Maybe it's time to let you know your place.",
                                      "She stands up and hovers her pussy over your face, giving you a clear view of her nether regions, before she presses down hard against your face, leaving you to struggle against her domineering power.",
                                      "The powerful aroma of her pussy and the lingering effects of her breath attack have taken a toll on your mental strength, and you cannot help but start to lick at her pussy, lapping at it worshipfully as it dominates your mind.",
                                      "The purple dragon lets out a moan as you begin to pleasure her, but it does not last long as the pleasure spread throughout your body becomes too much to bear, and the gripping tail around you coils tight as pressure builds in your groin.",
                                      "PlayerOrgasm", "1",
                                      "You cannot stop yourself from cumming all over the tail wrapped around your cock. As you release yourself you feel the tail continue to gradually and sensually stroke you, helping to milk out the last remaining bits of cum from your dick.",
                                      "Speaks",
                                      "I believe that is enough sister, I believe we have proven our power over him.",
                                      "Speaks5",
                                      "Haaa... I guess you're right...",
                                      "With a heavy sigh she lifts herself off your face with ease and starts to walk away, her moderate ass swaying provocatively is the last thing you remember before you pass out from the stimulation...",
                                      "ChangeFetish", "Sex", "5",
                                      "ChangeFetish", "Monstrous", "5",
                                      "ChangeSensitivity",
                                      "Mouth",
                                      "4",
                                      "ChangeSensitivity",
                                      "Sex",
                                      "4",
                                      "GameOver"]
                    },
                    {
                        "NameOfScene": "White Dragon",
                        "theScene": [  "You state that you want the white dragon to come assist, and the blue dragon only nods as she leaves the room. Seconds pass before she re-enters the room with the shy but domineering dragon.",
                                      "DisplayCharacters",
                                      "1",
                                      "6",
                                      "EndLoop",
                                      "Speaks6",
                                      "S-So what's up Blue? We don't really hang out like this unless you have something weird planned.",
                                      "Blue calms her down and reassures her that this shouldn't be too weird as she gestures to you.",
                                      "Speaks6",
                                      "Oh-Oh wow! A human! Did you catch them all by yourself?",
                                      "Speaks",
                                      "Affirmative, this human here is going to help us develop teamwork abilities in the hopes that it will let us work together in future battles.",
                                      "Speaks6",
                                      "Teamwork huh? I usually want to do my own thing, but this is sounding fun!",
                                      "Content with the answer she received, the blue dragon stands over your face and slowly begins to lower her pussy onto you. You can see that despite her calm demeanor her pussy is incredibly wet.",
                                      "Meanwhile, the white dragon lowers herself to the ground and places her powerful thighs around your cock.",
                                      "The blue dragon presses her pussy into your face, she has a gentle, perfumed scent emanating from it that slowly fills your head with pleasure.",
                                      "Her pussy lifts ever so slightly and hangs above your face, and you hear her mutter arcane words to herself, gripping your body with enchanting magic.",
                                      "Under her spell you feel compelled to serve her, and you reach out with your tongue and start to lip at the delicate lips of her pussy, eliciting a soft moan that the blue dragon quickly stifles.",
                                      "The white dragon continues to press down around your dick with her pillowy thighs, constantly bouncing and playing with you by using different rhythms and intensity.",
                                      "Her powerful thighs continue to jerk you off, and you can't hold back a moan into the pussy of the blue dragon atop you, which once again seems to fluster her into trying to compose herself.",
                                      "Speaks",
                                      "It seems this is pleasing you, how about I help along the process of making you cum?",
                                      "Speaks6",
                                      "W-Wait a minute! I'm playing with him right now! Can't you let me have my fun?",
                                      "Speaks",
                                      "I'm sorry White, but he is nearing the edge of his time here anyways. You will have to wait for him to return to this mountain again to have a more {i}intimate{/i} encounter with him.",
                                      "As she says this the blue dragon draws a symbol on your chest with her finger, and as she mutters something under her breath you feel an almost painful surge of pleasure flow through you.",
                                      "The magic flows through you, and before long you can not bear it anymore as you release your load, your cum spurting out like a geyser onto the grey thighs of the white dragon.",
                                      "Panting into the pussy of the satisfied blue dragon, the two dragons disengage from you, and leave you to rest in the room as you black out...",
                                      "ChangeFetish", "Sex", "5",
                                      "ChangeFetish", "Legs", "5",
                                      "ChangeSensitivity",
                                      "Sex",
                                      "4",
                                      "GameOver"]
                    }



                ]
}
