{
    "name": "Polar Vortex",
    "cost": "0",
    "costType": "ep",
    "requiredLevel": "0",
    "learningCost": "0",
    "skillType": "attack",
    "statType": "Technique",
    "requiredStat": "0",
    "skillTags": [ "Sex"],
    "fetishTags": [ "Monstrous"],
    "startsStance": [""],
    "requiresStance": "Tailjob",
    "unusableIfStance": [ ""],
    "requiresTargetStance": [ "Any"],
    "unusableIfTarget": [ ""],
    "removesStance": ["None"],
    "requiresStatusEffect": "None",
    "requiresStatusPotency": "0",
    "unusableIfStatusEffect": [ "None"],
    "power": "30",
    "minRange": "100",
    "maxRange": "120",
    "recoil": "0",
    "targetType": "single",
    "statusEffect": "None",
    "statusChance": "0",
    "statusDuration": "0",
    "statusPotency": "0",
    "statusResistedBy": "",
    "statusText": "",
    "descrip": "",
    "outcome": "{AttackerName} firmly clenches {TargetName}'s member in their smooth underbelly of their tail, and as they at first slowly begin to stroke it they pick up in speed until they slow down again and they stare at you with a triumphant, domineering look.",
    "miss": "{AttackerName} tightens their grip on {TargetName}'s penis and begins to stroke harder, but {TargetName} manages to grit their teeth and ignore the sensation.",
    "statusOutcome": "",
    "statusMiss": "",
    "restraintStruggle": [""],
    "restraintStruggleCharmed": [""],
    "restraintEscaped": [""],
    "restraintEscapedFail": [""]
}
