{
    "name": "Overwhelming Titjob",
    "cost": "0",
    "costType": "ep",
    "requiredLevel": "0",
    "learningCost": "0",
    "skillType": "attack",
    "statType": "Power",
    "requiredStat": "0",
    "skillTags": [ "Breasts"],
    "fetishTags": [ "Breasts"],
    "startsStance": [""],
    "requiresStance": "Titfuck",
    "unusableIfStance": [ ""],
    "requiresTargetStance": [ "Any"],
    "unusableIfTarget": [ "Footjob", "Tailjob", "Penetration"],
    "removesStance": ["None"],
    "requiresStatusEffect": "None",
    "requiresStatusPotency": "0",
    "unusableIfStatusEffect": [ "None"],
    "power": "35",
    "minRange": "90",
    "maxRange": "130",
    "recoil": "0",
    "targetType": "single",
    "statusEffect": "None",
    "statusChance": "0",
    "statusDuration": "0",
    "statusPotency": "0",
    "statusResistedBy": "",
    "statusText": "",
    "descrip": "Titjob Attack",
    "outcome": "[AttackerName] grasps as much of her enormous tits as she can hold and she presses them into the pelvis of [TargetName] and begins to intensify the speed of her titfuck. The heightened pleasure builds a fire in [TargetName]'s loins under the pressure of [AttackerName]'s massive tits.",
    "miss": "[AttackerName] begins to press her tits harder against [TargetName]'s cock, who toughs out the sensation.",
    "statusOutcome": "",
    "statusMiss": "",
    "restraintStruggle": [""],
    "restraintStruggleCharmed": [""],
    "restraintEscaped": [""],
    "restraintEscapedFail": [""]
}
