{
    "name": "Smothering Breath",
    "cost": "5",
    "costType": "ep",
    "requiredLevel": "0",
    "learningCost": "0",
    "skillType": "statusEffect",
    "statType": "Allure",
    "requiredStat": "0",
    "skillTags": [ "Seduction"],
    "fetishTags": [ ""],
    "startsStance": "",
    "requiresStance": "Any",
    "unusableIfStance": [ "Making Out"],
    "requiresTargetStance": [ "Any"],
    "unusableIfTarget": [ ""],
    "removesStance": "None",
    "requiresStatusEffect": "None",
    "requiresStatusPotency": "0",
    "unusableIfStatusEffect": [ "Charm"],
    "power": "0",
    "minRange": "60",
    "maxRange": "115",
    "recoil": "0",
    "targetType": "single",
    "statusEffect": "Charm",
    "statusChance": "85",
    "statusDuration": "6",
    "statusPotency": "0",
    "statusResistedBy": "Willpower",
    "statusText": "",
    "descrip": "",
    "outcome": "",
    "miss": "",
    "statusOutcome": "{AttackerName} releases a powerful mist that envelops the room, and {TargetName} can't hold their breath long enough for it to dissipate. As he breaths in the smoke he feels it take hold immediately, and his mind fogs up immediately.",
    "statusMiss": "{AttackerName} releases a mist from her mouth, but {TargetName} holds his breath and fans away the colorful mist, lasting until all of it dissipates from the room.",
    "restraintStruggle": [""],
    "restraintStruggleCharmed": [""],
    "restraintEscaped": [""],
    "restraintEscapedFail": [""]
}
