{
    "name": "Dragon Deep Kiss",
    "cost": "0",
    "costType": "ep",
    "requiredLevel": "0",
    "learningCost": "0",
    "skillType": "attack",
    "statType": "Core",
      "statusEffectScaling": "0",
    "requiredStat": "0",
    "skillTags": [ "Mouth"],
    "fetishTags": [ ""],
    "startsStance": [""],
    "requiresStance": "Making Out",
    "unusableIfStance": [ "Blowjob"],
    "requiresTargetStance": [ "Any"],
    "unusableIfTarget": [ ""],
    "removesStance": ["None"],
    "requiresStatusEffect": "None",
    "requiresStatusPotency": "0",
    "unusableIfStatusEffect": [ "None"],
    "power": "35",
    "minRange": "90",
    "maxRange": "125",
    "recoil": "0",
    "targetType": "single",
    "statusEffect": "None",
    "statusChance": "0",
    "statusDuration": "0",
    "statusPotency": "0",
    "statusResistedBy": "",
    "statusText": "",
    "descrip": "Kissy 2",
    "outcome": "{AttackerName}'s tongue lovingly invades {TargetName}'s mouth, aggressively teasing {TargetHisOrHer} mouth as their tongues dance!",
    "miss": "{AttackerName} tongue lovingly invades {TargetName}'s mouth, aggressively teasing {TargetHisOrHer} mouth, but {TargetName} manages to endure the intense kiss!",
    "statusOutcome": "",
    "statusMiss": "",
    "restraintStruggle": [""],
    "restraintStruggleCharmed": [""],
    "restraintEscaped": [""],
    "restraintEscapedFail": [""]
}
