{
    "name": "Intoxicating Breath",
    "cost": "0",
    "costType": "ep",
    "requiredLevel": "0",
    "learningCost": "0",
    "skillType": "statusEffect",
    "statType": "Intelligence",
      "statusEffectScaling": "10",
    "requiredStat": "0",
    "skillTags": [ "Affliction"],
    "fetishTags": [ "Monstrous"],
    "startsStance": "",
    "requiresStance": "",
    "unusableIfStance": [ ""],
    "requiresTargetStance": [ ""],
    "unusableIfTarget": [ ""],
    "removesStance": "None",
    "requiresStatusEffect": "None",
    "requiresStatusPotency": "0",
    "unusableIfStatusEffect": [ "Aphrodisiac"],
    "power": "25",
    "minRange": "100",
    "maxRange": "100",
    "recoil": "0",
    "targetType": "single",
      "initiative": "15",
    "statusEffect": "Aphrodisiac",
    "statusChance": "105",
    "statusDuration": "6",
    "statusPotency": "15",
    "statusResistedBy": "Willpower",
    "statusText": "Aphrodisiac",
    "descrip": "",
    "outcome": "OrgasmCheck",
    "miss": "",
    "statusOutcome": "{AttackerName} lets out a slow, suffocating purple mist that engulfs {TargetName}. As they breathe in the smoke they fill their blood start to quicken as they get drunk on the scent.",
    "statusMiss": "{TargetName} manages to escape the smoke by holding their breath and running in a direction, refusing to fall prey to the intoxicating effects of the smoke.",
    "restraintStruggle": [""],
    "restraintStruggleCharmed": [""],
    "restraintEscaped": [""],
    "restraintEscapedFail": [""]
}
