{
    "name": "Dragon Foot Stroke",
    "cost": "0",
    "costType": "ep",
    "requiredLevel": "0",
    "learningCost": "0",
    "skillType": "attack",
    "statType": "Core",
    "requiredStat": "0",
    "skillTags": [ "Sex"],
    "fetishTags": [ "Feet"],
    "startsStance": "",
    "requiresStance": "Footjob",
    "unusableIfStance": [ ""],
    "requiresTargetStance": [ "Any"],
    "unusableIfTarget": [ "Tailjob", "Anal", "Titfuck", "Thighjob", "Sex"],
    "removesStance": "None",
    "requiresStatusEffect": "None",
    "requiresStatusPotency": "0",
    "unusableIfStatusEffect": [ "None"],
    "power": "25",
    "minRange": "90",
    "maxRange": "110",
    "recoil": "0",
    "targetType": "single",
    "statusEffect": "None",
    "statusChance": "0",
    "statusDuration": "0",
    "statusPotency": "0",
    "statusResistedBy": "",
    "statusText": "",
    "descrip": "",
    "outcome": "[AttackerName] slowly but firmly strokes [TargetName]'s stiff manhood with her foot, making [TargetName] moan and his cock throb.",
    "miss": "[AttackerName] slowly but firmly strokes [TargetName]'s stiff manhood with her foot, but [TargetName] grits his teeth and ignores the pleasure.",
    "statusOutcome": "",
    "statusMiss": "",
    "restraintStruggle": "",
    "restraintStruggleCharmed": "",
    "restraintEscaped": "",
    "restraintEscapedFail": ""
}
