{
    "name": "Dragon Tease",
    "cost": "0",
    "costType": "ep",
    "requiredLevel": "0",
    "learningCost": "0",
    "skillType": "attack",
    "statType": "Allure",
      "statusEffectScaling": "0",
    "requiredStat": "0",
    "skillTags": [ "Seduction"],
    "fetishTags": [ ""],
    "startsStance": [""],
    "requiresStance": "Any",
    "unusableIfStance": [ ""],
    "requiresTargetStance": [ "Any"],
    "unusableIfTarget": [ ""],
    "removesStance": ["None"],
    "requiresStatusEffect": "None",
    "requiresStatusPotency": "0",
    "unusableIfStatusEffect": [ "None"],
    "power": "35",
    "minRange": "90",
    "maxRange": "125",
    "recoil": "0",
    "targetType": "single",
    "statusEffect": "Charm",
    "statusChance": "85",
    "statusDuration": "4",
    "statusPotency": "0",
    "statusResistedBy": "Willpower",
    "statusText": "",
    "descrip": "",
    "outcome": "[AttackerName] shows off the most accentuated parts of her body, luring in [TargetName] and making [TargetHisOrHer] mind race as he looks over her alluring body.",
    "miss": "[AttackerName] strikes a sexy pose, but [TargetName] averts their attention as they redouble their focus on the fight.",
    "statusOutcome": "The body of [AttackerName] begins to place you under its spell.",
    "statusMiss": "",
    "restraintStruggle": [""],
    "restraintStruggleCharmed": [""],
    "restraintEscaped": [""],
    "restraintEscapedFail": [""]
}
