{
    "name": "Dragon Tail Stroke",
    "cost": "0",
    "costType": "ep",
    "requiredLevel": "0",
    "learningCost": "0",
    "skillType": "attack",
    "statType": "Technique",
    "requiredStat": "0",
    "skillTags": [ "Sex"],
    "fetishTags": [ "Monstrous"],
    "startsStance": "",
    "requiresStance": "Tailjob",
    "unusableIfStance": [ ""],
    "requiresTargetStance": [ "Tailjob"],
    "unusableIfTarget": [ "Sex", "Anal"],
    "removesStance": "None",
    "requiresStatusEffect": "None",
    "requiresStatusPotency": "0",
    "unusableIfStatusEffect": [ "None"],
    "power": "20",
    "minRange": "90",
    "maxRange": "110",
    "recoil": "0",
    "targetType": "single",
    "statusEffect": "none",
    "statusChance": "0",
    "statusDuration": "0",
    "statusPotency": "0",
    "statusResistedBy": "",
    "statusText": "",
    "descrip": "",
    "outcome": "[AttackerName] tightly strokes [TargetName]'s rigid cock with her tail from base to tip.",
    "miss": "[TargetName] grits his teeth to resist the pleasure from [AttackerName]'s tail tightly stroking his throbbing shaft!",
    "statusOutcome": "",
    "statusMiss": "",
    "restraintStruggle": "",
    "restraintStruggleCharmed": "",
    "restraintEscaped": "",
    "restraintEscapedFail": ""
}
