{
    "name": "Dragon Kiss",
    "cost": "0",
    "costType": "ep",
    "requiredLevel": "0",
    "learningCost": "0",
    "skillType": "attack",
    "statType": "Core",
      "statusEffectScaling": "0",
    "requiredStat": "0",
    "skillTags": [ "Mouth"],
    "fetishTags": [ ""],
    "startsStance": [""],
    "requiresStance": "Making Out",
    "unusableIfStance": [ "Blowjob"],
    "requiresTargetStance": [ "Any"],
    "unusableIfTarget": [ ""],
    "removesStance": ["None"],
    "requiresStatusEffect": "None",
    "requiresStatusPotency": "0",
    "unusableIfStatusEffect": [ "None"],
    "power": "35",
    "minRange": "90",
    "maxRange": "125",
    "recoil": "0",
    "targetType": "single",
    "statusEffect": "None",
    "statusChance": "0",
    "statusDuration": "0",
    "statusPotency": "0",
    "statusResistedBy": "",
    "statusText": "",
    "descrip": "Kissy 1",
    "outcome": "[AttackerName] tentatively kisses [TargetName] on the lips, then grabs the back of [TargetHisOrHer] head, forcing [TargetHimOrHer] into an intimate makeout session.",
    "miss": "[AttackerName] tentatively kisses [TargetName] on the lips, but [TargetName] keeps enough distance between them!",
    "statusOutcome": "The body of [AttackerName] begins to place you under its spell.",
    "statusMiss": "",
    "restraintStruggle": [""],
    "restraintStruggleCharmed": [""],
    "restraintEscaped": [""],
    "restraintEscapedFail": [""]
}
