{
    "name": "Dragon Breast Press",
    "cost": "0",
    "costType": "ep",
    "requiredLevel": "0",
    "learningCost": "0",
    "skillType": "attack",
    "statType": "Allure",
    "requiredStat": "0",
    "skillTags": [ "Breast", "Seduction"],
    "fetishTags": [ "Breast"],
    "startsStance": [""],
    "requiresStance": "Any",
    "unusableIfStance": [ "Sex", "Anal", "Footjob"],
    "requiresTargetStance": [ "Any"],
    "unusableIfTarget": [ ""],
    "removesStance": ["None"],
    "requiresStatusEffect": "None",
    "requiresStatusPotency": "0",
    "unusableIfStatusEffect": [ "None"],
    "power": "35",
    "minRange": "80",
    "maxRange": "125",
    "recoil": "0",
    "targetType": "single",
    "statusEffect": "None",
    "statusChance": "0",
    "statusDuration": "0",
    "statusPotency": "0",
    "statusResistedBy": "",
    "statusText": "",
    "descrip": "",
    "outcome": "[AttackerName] presses their breast againt [TargetName], and sensually begins to run their breasts against the closest part of [TargetName] they can reach.",
    "miss": "[AttackerName] approaches with their breasts proudly displayed and attempts to touch them to [TargetName], who manages to keep them at arm's length.",
    "statusOutcome": "",
    "statusMiss": "",
    "restraintStruggle": [""],
    "restraintStruggleCharmed": [""],
    "restraintEscaped": [""],
    "restraintEscapedFail": [""]
}
