{
    "name": "Lap of Luxury",
    "costType": "ep",
        "cost": "5",
    "requiredLevel": "0",
    "learningCost": "0",
    "skillType": "attack",
    "statType": "Power",
    "requiredStat": "0",
    "skillTags": ["Sex"],
    "fetishTags": ["Penetration"],
    "startsStance": [""],
    "requiresStance": "Penetration",
    "unusableIfStance": ["Titjob", "Tailjob", "Footjob"],
    "requiresTargetStance": ["Penetration"],
    "unusableIfTarget": ["Titjob", "Tailjob", "Footjob"],
    "removesStance": ["None"],
    "requiresStatusEffect": "None",
    "requiresStatusPotency": "0",
    "unusableIfStatusEffect": ["None"],
    "targetType": "single",
        "accuracy": "0",
        "initiative": "0",
    "power": "30",
        "minRange": "80",
        "maxRange": "120",
    "recoil": "10",
    "critDamage": "0",
    "critChance": "0",
    "statusEffect": "None",
        "statusPotency": "0",
        "statusEffectScaling": "0",
        "statusDuration": "0",
        "statusChance": "0",
        "statusResistedBy": "",
    "statusText": "",
    "descrip": "Sex move with feet in face",
    "outcome": "{AttackerName} rides {TargetName} while facing {TargetHimOrHer}. As she rides she shoves her feet into the face of {TargetName}, and begins grinding {TargetHisOrHer} face with her soles as she continues to bounce on {TargetHisOrHer} dick.",
    "miss": "{AttackerName} presses her feet into the face of {TargetName} as the two fuck, but {TargetName} grabs her feet and spreads her legs to fuck her deeper.",
    "statusOutcome": ".",
    "statusMiss": "",
    "restraintStruggle": [""],
    "restraintStruggleCharmed": [""],
    "restraintEscaped": [""],
    "restraintEscapedFail": [""]
}
