{
    "name": "Alternating Titjob",
    "cost": "0",
    "costType": "ep",
    "requiredLevel": "0",
    "learningCost": "0",
    "skillType": "attack",
    "statType": "Power",
    "requiredStat": "0",
    "skillTags": [ "Sex"],
    "fetishTags": [ "Breasts"],
    "startsStance": [""],
    "requiresStance": "Titfuck",
    "unusableIfStance": [ ""],
    "requiresTargetStance": [ "Any"],
    "unusableIfTarget": [ ""],
    "removesStance": ["None"],
    "requiresStatusEffect": "None",
    "requiresStatusPotency": "0",
    "unusableIfStatusEffect": [ "None"],
    "power": "35",
    "minRange": "100",
    "maxRange": "125",
    "recoil": "0",
    "targetType": "single",
    "statusEffect": "None",
    "statusChance": "0",
    "statusDuration": "0",
    "statusPotency": "0",
    "statusResistedBy": "",
    "statusText": "",
    "descrip": "Titty 2",
    "outcome": "{AttackerName} begins to move her tits in different directions, making sure that the entire time she keeps your manhood enveloped in the pillowy breasts. She maintains her cutesy grin the entire time as your cock throbs in the mass of her breasts.",
    "miss": "{AttackerName} begins to rhythmically massage your dick with her tits, but you stick your head up and ignore the stimulation.",
    "statusOutcome": "",
    "statusMiss": "",
    "restraintStruggle": [""],
    "restraintStruggleCharmed": [""],
    "restraintEscaped": [""],
    "restraintEscapedFail": [""]
}
