{
    "name": "Green Dragon",
    "IDname": "Green Dragon",
    "species": "Dragon",
    "gender": "female",
    "description": "The shortest of all dragons, and mad about it, this dragon featurs the same white/tan midsection of most of her sisters and sports an earthy emerald green on her limbs, ears, and face. Her tail is the shortest but perhaps the thickest of all the dragons on the continent, although it is a rather sensitive spot for her, alongside her rather small breasts.",
    "encyclopedia": "Frequently bullied for her height, the Green Dragon has adopted a rather mean and aggressive personality to hide the fact that she is a masochist who takes pleasure in the name calling and pain inflicted on her due to her short stature. Green Dragons enjoy inflicting pain as well and on top of painful skills also enjoy using their pussies, thighs, and feet for fighting.",
    "tags": "none",
    "generic": "True",
    "requires": [ ""],
    "skillList": [ "Restraining Breath", "Dragon Kiss", "Dragon Deep Kiss", "Dragon Breast Press", "Dragon Tease", "Dragon Footjob", "Dragon Foot Stroke", "Dragon Tailjob", "Dragon Tail Stroke", "Tsundere Breast Attack", "Smug Mounting", "Wild Riding", "Mating Ride", "Thigh Supremacy", "Green Cyclone", "Green Grinding Soles", "Green Stomping Grind"],
    "perks": [ "Clingy", "Powerful Feet"],
    "stats": { "lvl": "35",
              "Exp": "125",
              "max_hp": "400",
              "max_ep": "80",
              "max_sp": "1",
              "Power": "30",
              "Technique": "30",
              "Intelligence": "40",
              "Allure": "30",
              "Willpower": "30",
              "Luck": "30"
    },
    "Fetishes": [ ""],
    "BodySensitivity": { "Sex": "75",
              "Ass": "100",
              "Breasts": "125",
              "Mouth": "100",
              "Seduction": "125",
              "Magic": "50",
              "Pain": "100",
              "Holy": "100",
              "Unholy": "100"
    },
    "resistancesStatusEffects": {
              "Stun": "50",
              "Charm": "0",
              "Aphrodisiac": "-10",
              "Restraints": "100",
              "Sleep": "50",
              "Trance": "-25",
              "Paralysis": "0",
              "Debuff": "-25"
    },
    "moneyDropped": "200",
    "ItemDropList": [
                      {
                        "name": "Green Dragon Scale",
                        "dropChance": "75"
                      }
                    ],
    "lossScenes": [
                    {
                        "NameOfScene": "Green Dragon Fucked Senseless",
                        "move": "",
                        "stance": "",
                        "includes": [ ""],
                        "theScene": [ "The green dragon looks down at your exhausted and ragged body with a scowl.",
                                      "Speaks",
                                      "Is that really all you have? I haven't even cum yet.",
                                      "As she finishes that sentence she stands over your hips, her pussy eagerly awaiting you.",
                                      "Speaks",
                                      "But you're going to fix that, because you're my new sex toy.♥",
                                      "Without giving you time to dispute your new title she powerfully drops her hips on you, and your member easily slides into her wet, and incredibly warm pussy as her hips crash into yours.",
                                      "She immediately begins to ride you with incredible ferocity, as her face twists into one of pure satisfaction.",
                                      "Her speed and power in riding you feels like she is slamming you against the ground, and the conflicting waves of pain and pleasure makes you start gasping.",
                                      "Hearing your gasps only seems to egg her on more, as she begins to switch up the movements of her hips, further adding to the pleasure you feel.",
                                      "Unable to take the relentless sex, you cry out in pleasure as you cum inside her tight pussy.",
                                      "PlayerOrgasm", "1",
                                      "But even as you ejaculate, she keeps riding your shaft as hard as she can.",
                                      "Your hips buck on their own as your aching balls force out another orgasm, filling the minotaur with a thick torrent of cum.",
                                      "PlayerOrgasm", "1",
                                      "Your body aches from the rapid succession of orgasms, but the diminutive green dragon seems to be quite intent on finishing her experience.",
                                      "Speaks",
                                      "NO! I'm almost there! Don't you dare get soft now!",
                                      "Not that you really have a choice in this, but your aching dick seemingly refuses to go soft as she continues bucking, her pussy tightening and loosening rapidly as she approaches orgasm",
                                      "She starts to pant heavily, and several more moments pass before she howls out in pleasure as her pussy tightens, crushing around your dick as she orgasms, sending a wave of pleasure through you.",
                                      "MonsterOrgasm", "1",
                                      "As her orgasm passes she slowly pulls off of you and falls flat on her back beside you, trying to put an arm around you.",
                                      "Speaks",
                                      "Haaaa... That was amazing.♥ Make sure you come back often, my little sex toy.♥",
                                      "Too tired to respond anymore, you simply close your eyes and fade to black...",
                                      "ChangeFetish", "Sex", "5",
                                      "ChangeSensitivity",
                                      "Sex",
                                      "5",
                                      "GameOver"],
                        "picture": ""
                    },
                    {
                        "NameOfScene": "Green Dragon Restrained Foot Loss",
                        "move": "",
                        "stance": "Footjob",
                        "includes": [""],
                        "theScene": [ "You cry out as the feisty green dragon uses her feet to milk out the last of your fighting spirit, leaving you breathing heavy as you lie on the mountainside.",
                        "Speaks",
                        "What? That was all you had? Well I hope you don't think you can go home that easily!",
                        "As you lie there she stands up and looks you over top to bottom, before pulling you out into a starfish shape, and breathing her sticky restraining breath over your hands and feet.",
                        "Speaks",
                        "Not everyday you run into a girl who can do bondage, right? Well now I can be as rough as I want, without you interfering!",
                        "She screams her declaration, and after a brief second of silence passes she walks over to stand in the gap made by your legs, and raises her foot over your dick.",
                        "Your fearful look only serves to turn on the domineering dragon, as her foot slams down on your member accompanied by her mocking laughter.",
                        "The sensation of her foot slamming against your dick, pressing it flat against your skin sends a wave of pain coursing through your body. You can't hold back a pained gasp as your body struggles against your restraints.",
                        "She continues her assault by grinding her heel into your balls, causing the pain to stay in the forefront of your mind as your struggles weaken.",
                        "Speaks",
                        "C'mon, surely you hero types aren't so weak a couple stomps can knock you down like this?",
                        "Her point is driven home by her raising her foot into the air slightly, and then stomping down with greater force onto your dick.",
                        "She laughs hysterically at your pain, constantly raising her foot to nudge your dick around, before using her heel to grind your balls and press your dick into yourself.",
                        "Eventually you begin to acclimate to the pain, and instead of showing it outwardly the pain begins to tire you out.",
                        "Your dulled reactions begin to bore the green dragon, who simply massages your now aching and bruised genitalia.",
                        "Speaks",
                        "Really pathetic that you couldn't even be an entertaining little stomp pad for me.",
                        "Her toes dance along the length of your shaft, stroking it with force as your weary dick fires out a short burst of cum that splatters on the ground pitifully.",
                        "PlayerOrgasm", "1",
                        "She laughs and playfully knocks your rapidly softening dick to the side and takes a step back, admiring her work with you.",
                        "Speaks",
                        "Well I would love to help you get out of this, but the teleportation removes the restraints anyways, so I'll let you figure that out. Ciao!♥",
                        "With that the diminutive dragon walks away, leaving you as you black out from the pain...",
                        "ChangeFetish", "Feet", "5",
                        "ChangeSensitivity",
                        "Sex",
                        "5",
                        "ChangeSensitivity",
                        "Pain",
                        "5",
                        "GameOver"],
                        "picture": ""
                    },
                    {
                        "NameOfScene": "Green Dragon Facesitting with breath play",
                        "move": "",
                        "stance": "",
                        "includes": [""],
                        "theScene": [ "As you lose the last of your strength, you fall to the ground as you try to turn away from the shorter dragoness.",
                        "She walks toward you, she seems to be contemplating something as she reaches you. An idea seems to cross her mind as she pulls you to the nearest wall of the mountain.",
                        "Speaks",
                        "Oh I've had plans to do this for the longest time, you better make this every bit as good as I hope it does!",
                        "The green dragon rests your head against the rock wall of the mountain, and she lifts herself up so her ass is on level with your face, before she presses her rear against you with impressive amounts of force.",
                        "She lets out a small gasp as you are plunged into her ample rear, as her tail coils around the back of your head both to protect you from the wall, and to bury you deeper until you find yourself face to face with her tight, pink asshole.",
                        "Speaks",
                        "Oh dear, it appears the mighty hero has been buried in my ass, if he ever wants to breathe again he'll have to start pleasing me.♥",
                        "Her voice comes through incredibly muffled, but the aroma of her ass begins to overwhelm your senses. After just a brief second you begin to lose control of yourself and begin kissing the bountiful ass around you.",
                        "After a few seconds of kissing her, your tongue begins to gently trace the outline of her asshole, dancing just on the outside as you hear a moan reverberate through the dragon.",
                        "Taking the moan as encouragement, you force your tongue to start pushing its way into her asshole. Her body tenses up from the shocking entrance, and you hear a muffled cry from above.",
                        "Speaks",
                        "Weh?! D-Did you actually just do that? You really are a pervert, aren't you?",
                        "Speaks",
                        "Well if you're gonna act like a pervert, I'll treat you like one!",
                        "As she leans her full weight onto you, she steps onto your legs, using you like a chair as you continue to work your tongue in and around her asshole.",
                        "Her scent has fully replaced any oxygen you had before, but thankfully you still have enough air to maintain consciousness as you desperately try to please the sadistic dragon.",
                        "As you try and move to adjust yourself you feel the dragoness lift her feet off your legs, putting all her weight on your face, and clamping her feet around your dick.",
                        "She slowly begins to jerk you off with her soft soles, making sure no inch of your member is left alone for long as the oxygen deprivation is taking its toll and wearing you out.",
                        "Every movement of your tongue results in your sweaty, warm confines rumbling with her moans, and soon it proves to be too much for the short dragon girl as she cums, pressing her feet together hard on your dick, forcefully wringing an orgasm out of you thanks to the heightened pleasure in your oxygen deprived state.",
                        "PlayerOrgasm", "1",
                        "As you cum out onto the floor of the mountainside you can feel the panting of the green dragon as her ass still rests on your face, and you can't hold on any longer as you feel your consciousness slipping.",
                        "Just before you pass out you feel the dragon stand up off of your face, and with a pat on the cheek you feel yourself finally give in to your exhaustion and prior lack of air...",
                        "ChangeFetish", "Sex", "5",
                        "ChangeSensitivity",
                        "Oral",
                        "5",
                        "GameOver"],
                        "picture": ""
                    }
                  ],
    "combatDialogue": [
      {
          "lineTrigger": "HitWith",
          "move": ["Spank", "Pinch Nipples"],
          "theText": [ "'Hey! Watch what you're doing!",
                       "'Unlike some of my sisters I'm not some kind of masochist!",
                       "'Know your place, you damn human!'"]
      },
      {
          "lineTrigger": "HitWith",
          "move": ["Whip", "Demon Layer"],
          "theText": [ "'Kyyaaahh!!'",
                       "{TargetName} moans and shivers as your whip strikes across her body, leaving clear marks on her body.",
                       "'I'll make sure you pay dearly for daring to strike me!'"]
      },
      {
          "lineTrigger": "HitWith",
          "move": "Holy Headpat",
          "theText": [ "'Are yoy mocking me!?'",
                       "'I'm gonna leave you a blubbering mess for that!'",
                       "'Oh now you're making me mad!'"]
      },
      {
          "lineTrigger": "HitWith",
          "move": ["Bondage Net", "Magical Binding", "Pin"],
          "theText": [ "'No! I refuse to be tied down!'",
                       "'You can't catch me like that!'",
                       "'Got any other tricks up your sleeve, human?'"]
      },
      {
          "lineTrigger": "HitWith",
          "move": ["Finger", "Dildo"],
          "theText": [ "'Come on! Can't you do any better than that!?'",
                       "'Ugh, if you won't fuck me maybe I'll have to take the initiative.'",
                       "'Just give me the real thing already so I can break you!'"]
      },
      {
          "lineTrigger": "HitWith",
          "move": ["Arouse", "Arousara", "Arousero"],
          "theText": [ "'Magic? Are you that dumb that you'd try magic on a dragon?'",
                       "'I'm gonna break you if you keep doing dumb stuff like that.'",
                       "'You idiot, you're good for nothing except being my sex toy!'"]
      },
      {
          "lineTrigger": "HitWith",
          "move": "Electrify",
          "theText": [ "'Eeeek!'",
                       "'Did-did I actually feel that?'",
                       "'Oh I am so going to fuck you senseless!'"]
      },
      {
          "lineTrigger": "HitWith",
          "move": ["Grope Ass", "Squeeze Ass", "Massage Ass", "Fondle Ass"],
          "theText": [ "'Maybe you are good for something after all.'",
                       "'You're pretty good with those fingers.'",
                       "'Had enough foreplay yet?'"]
      },
      {
          "lineTrigger": "HitWith",
          "move": ["Breast Caress", "Breast Knead", "Breast Massage", "Breast Fondle", "Suckle"],
          "theText": [ "'Maybe you are good for something after all.'",
                       "'Hmph, you're pretty good at this.'",
                       "'Had enough foreplay yet?'"]
      },
      {
          "lineTrigger": "HitWith",
          "move": "Anal Penetration",
          "theText": [ "'Oh fuck yes! Now you're mine!'",
                       "'Hehehe, you've fallen right into my trap.♥'",
                       "'I'm gonna break you into becoming my toy forever.♥'"]
      },
      {
          "lineTrigger": "HitWith",
          "move": "Penetrate",
          "theText": [ "'Oh fuck yes! Now you're mine!'",
                       "'Hehehe, you've fallen right into my trap.♥'",
                       "'I'm gonna break you into becoming my toy forever.♥'"]
      },
      {
          "lineTrigger": "HitWith",
          "move": ["Thrust", "Channeling Thrust"],
          "theText": [ "'Can't you go any harder? I have dildos that can fuck me harder.",
                       "'You're gonna have to try harder if you don't wanna be my slave.'",
                       "'Hmph, I guess you can't trust humans to fuck properly.'"]
      },
      {
          "lineTrigger": "HitWith",
          "move": ["Pound", "Multi Thrust", "Carrying Fuck", "Empowered Thrust"],
          "theText": [ "'Oh yes! That's what I want!'",
                       "'Oh fuck!♥'",
                       "'Good! Now let's see if you can keep up with me!'"]
      },
      {
          "lineTrigger": "HitWith",
          "move": ["Tantric Thrust", "Passionate Lovemaking"],
          "theText": [ "'Mmmm♥ Enough of the lovey-dovey crap.'",
                       "'Don't get all mushy and delicate with me...'",
                       "'Mnnn♥ I'm gonna fuck your brains out for real now.'"]
      },
      {
          "lineTrigger": "HitWithA",
          "move": ["Thrust", "Channeling Thrust"],
          "theText": [ "'Can't you go any harder? I have dildos that can fuck me harder.",
                       "'You're gonna have to try harder if you don't wanna be my slave.'",
                       "'Hmph, I guess you can't trust humans to fuck properly.'"]
      },
      {
          "lineTrigger": "HitWithA",
          "move": ["Pound", "Multi Thrust", "Empowered Thrust", "Carrying Fuck", "Anal Piston"],
          "theText": [ "'Oh yes! That's what I want!'",
                       "'Oh fuck!♥'",
                       "'Good! Now let's see if you can keep up with me!'"]
      },
      {
          "lineTrigger": "HitWithA",
          "move": ["Tantric Thrust", "Passionate Lovemaking"],
          "theText": [ "'Can't you go any harder? I have dildos that can fuck me harder.",
                       "'You're gonna have to try harder if you don't wanna be my slave.'",
                       "'Hmph, I guess you can't trust humans to fuck properly.'"]
      },
      {
          "lineTrigger": "HitWith",
          "move": ["Charm", "Charm Wave"],
          "theText": [ "'W-What the hell is this?'",
                       "'Ahhh...♥ I can't stop thinking about fucking you.♥'",
                       "'I... I need to fuck you.♥'"]
      },
      {
          "lineTrigger": "HitWith",
          "move": "Sleep",
          "theText": [ "'Trying to put me to sleep...Hah...' She yawns with a squeak at the end.",
                       "'Nnng, don't do anything perverted while I'm asleep.'",
                       "'I'll get you... for this...'"]
      },
      {
          "lineTrigger": "HitWith",
          "move": ["Enfeeble", "Sensitize"],
          "theText": [ "'Ghhh... Coward...'",
                       "'You won't last long as my sex slave if you need handicaps.'",
                       "'Hrrrg, just you wait until I have you panting for breath.'"]
      },
      {
          "lineTrigger": "HitWith",
          "move": "Disarming Appeal",
          "theText": [ "'You won't last long as my sex slave if you need handicaps.'",
                       "'Hmph, I guess I can take it easy on you.'",
                       "'Fine, I guess I don't wanna break you, yet.'"]
      },
      {
          "lineTrigger": "HitWith",
          "move": ["Kiss", "Make Out"],
          "theText": [ "'Wh-What the heck do you think you're doing...'",
                       "'D-Don't think kisses will work on me!'",
                       "'She develops a deep blush as she falls for your kiss.'"]
      },
      {
          "lineTrigger": "HitWith",
          "move": ["Deep Kiss", "Lovingly Rough Kiss", "Sensually Seductive Kiss", "Skillfully Passionate Kiss", "Misty Kiss"],
          "theText": [ "'She gets momentarily lost in the kiss.'",
                       "'Th-This is way too lovey dovey...'",
                       "She stops resisting, and gives into the kiss."]
      },
      {
          "lineTrigger": "HitWith",
          "move": ["Seduce", "Enamor", "Smoldering Seduction", "Smoldering Flaunt", "Massaging Seduction", "Mass Seduction"],
          "theText": [ "'D-Don't call me cute!'",
                       "'I-I'll break your dick for that...♥'",
                       "'Eh? D-Do you really like me like that?'"]
      },
      {
          "lineTrigger": "HitWith",
          "move": "Ear Tease",
          "theText": [ "'Hey! You're supposed to be the plaything here!'",
                       "'Do you like my horns?'",
                       "'Heh, maybe you deserve a treat for playing with me.♥'"]
      },


                        {
                            "lineTrigger": "UsesMove",
                            "move": "Restraining Breath",
                            "theText": [ "'Bleh! It's always so gross to use that move!'",
                                         "'Get stuck in my goop!'",
                                         "'Gotcha!'"]
                        },
                        {
                            "lineTrigger": "UsesMove",
                            "move": "Smug Mounting",
                            "theText": [ "'Now to break you.♥'",
                                         "'I'll make you cum, and then keep you here as my sex toy!♥'",
                                         "'I want you to cum deep inside me.♥'"]
                        },
                        {
                            "lineTrigger": "UsesMove",
                            "move": "Mating Ride",
                            "theText": [ "'I'm going to ride your dick senseless.♥'",
                                         "'It's useless to resist, I'm gonna milk you dry.♥'",
                                         "'Do you think your dick can keep up with me?'"]
                        },
                        {
                            "lineTrigger": "UsesMove",
                            "move": "Wild Riding",
                            "theText": [ "'I'm not stopping 'till I'm satisfied!'",
                                         "'I probably shouldn't take it {i}too{/i} easy on you.'",
                                         "'Do you think your dick can keep up with me?'"]
                        },
                        {
                            "lineTrigger": "UsesMove",
                            "move": "Thigh Supremacy",
                            "theText": [ "'You can't get away now.♥ My thick thighs are going to squeeze your cock dry.'",
                                         "'You're completely cornered now.♥'",
                                         "'Doesn't this feel good?♥'"]
                        },
                        {
                            "lineTrigger": "UsesMove",
                            "move": "Tsundere Breast Attack",
                            "theText": [ "'You better not say anything about how big they are!'",
                                         "'Even when they're this small they still feel good, right?'",
                                         "'If you think this feels good wait until you fight my big sis Red'"]
                        },
                        {
                            "lineTrigger": "UsesMove",
                            "move": "Green Cyclone",
                            "theText": [ "'How's it feel to have all your hope at victory be crushed by my tail?'",
                                         "'My tail will have the pleasure of crushing your resistance!'",
                                         "'I think your dick is falling in love with my tail.♥'"]
                        },
                        {
                            "lineTrigger": "UsesMove",
                            "move": "Green Grinding Soles",
                            "theText": [ "'How much longer can you endure my feet?'",
                                         "'I love feeling you writhe under my feet.♥'",
                                         "'Maybe if you struggle a bit more I'd let you go.♥'"]
                        },
                        {
                            "lineTrigger": "UsesMove",
                            "move": "Green Stomping Grind",
                            "theText": [ "'Hehe, your face looks so cute under my foot.♥'",
                                         "'STOMP.♥'",
                                         "'Just submit and worship my feet already.'"]
                        },
                        {
                            "lineTrigger": "UsesMove",
                            "move": "Dragon Kiss",
                            "theText": [ "'Chuuu...♥'",
                                         "'Mwah!♥'",
                                         "'Hmmm...♥'"]
                        },
                        {
                            "lineTrigger": "UsesMove",
                            "move": "Dragon Deep Kiss",
                            "theText": [ "'Chuuu...♥'",
                                         "'Hehe...♥'",
                                         "'Mnnnn...♥'"]
                        },
                        {
                            "lineTrigger": "UsesMove",
                            "move": "Dragon Breast Press",
                            "theText": [ "'Does this feel good, human?'",
                                         "'I'm small but mighty!'",
                                         "'Don't underestimate me!'"]
                        },
                        {
                            "lineTrigger": "UsesMove",
                            "move": "Dragon Tease",
                            "theText": [ "'Are you infatuated with my ass?'",
                                         "'Keep staring and I'll make you my sex slave.'",
                                         "'How long can you resist my body?'"]
                        },
                        {
                            "lineTrigger": "UsesMove",
                            "move": "Dragon Footjob",
                            "theText": [ "'Ha! Caught your dick with my foot! Now to milk you dry.♥'",
                                         "'You look great under my foot, squirming around like that.♥'",
                                         "'You make a pretty good floormat.♥'"]
                        },
                        {
                            "lineTrigger": "UsesMove",
                            "move": "Dragon FootStroke",
                            "theText": [ "'Don't my soles feel great on you?'",
                                         "'I love the feeling of you underneath me.♥'",
                                         "'Cum to my feet's power already.♥'"]
                        },
                        {
                            "lineTrigger": "UsesMove",
                            "move": "Dragon TailJob",
                            "theText": [ "'Ha! Caught your dick with my tail! Now to milk you dry.♥'",
                                         "'Are you gonna struggle against the softness of my tail?'",
                                         "'How will you escape the clutches of my tail?'"]
                        },
                        {
                            "lineTrigger": "UsesMove",
                            "move": "Dragon TailStroke",
                            "theText": [ "'Just submit to my tail.♥'",
                                         "'You can't possibly beat me or my tail!'",
                                         "'Come on! Cum already!'"]
                        },

                        {
                            "lineTrigger": "StanceStruggle",
                            "move": "Sex",
                            "theText": [ "{ThePlayerName} struggles to pull out of {AttackerName}'s magically lubricated pussy..."]
                        },
                        {
                            "lineTrigger": "StanceStruggleFail",
                            "move": "Sex",
                            "theText": [ "But she presses back down onto your dick, and the wave of pleasure ends your struggles.",
                                         "But {AttackerName} continues to ride your dick with a relentless energy.",
                                         "But the fervent riding of {AttackerName} kills off your escape attempt."]
                        },
                        {
                            "lineTrigger": "StanceStruggleComment",
                            "move": "Sex",
                            "theText": [ "'Trying to run? I don't think so!'",
                                         "'No no no! You don't get to leave until I'm done with you!'",
                                         "'You won't get a chance to leave once I've broken your mind.♥'"]
                        },
                        {
                            "lineTrigger": "StanceStruggleFree",
                            "move": "Sex",
                            "theText": [ "And manages to escape her pussy!"]
                        },
                        {
                            "lineTrigger": "StanceStruggleFreeComment",
                            "move": "Sex",
                            "theText": [ "'No! You must've been so close if you were trying that hard to escape!'",
                                         "'I'll get you back inside me! Then you'll be mine!♥",
                                         "'Awww, are you scared, human? I'll make you scared.♥"]
                        },

                        {
                            "lineTrigger": "StanceStruggle",
                            "move": "Anal",
                            "theText": [ "{ThePlayerName} struggles to pull out of {AttackerName}'s tight asshole..."]
                        },
                        {
                            "lineTrigger": "StanceStruggleFail",
                            "move": "Anal",
                            "theText": [ "But with a flex of her muscles her ass tightens around your cock, stopping your escape.",
                                         "But she slams her hips down hard to the shaft of your dick, and the force knocks the air out of you.",
                                         "But she grabs your arms and runs them along her fleshy ass, and your fingers sinking into her soft flesh pacifies you."]
                        },
                        {
                            "lineTrigger": "StanceStruggleComment",
                            "move": "Anal",
                            "theText": [ "'What's wrong human? Is my ass too much for the likes of you?'",
                                         "'Is it really that bad too be in my ass? You seemed to like it earlier.♥'",
                                         "'Don't try running now human, I'm gonna fuck you senseless.♥'"]
                        },
                        {
                            "lineTrigger": "StanceStruggleFree",
                            "move": "Anal",
                            "theText": [ "And breaks free from her tight ass!"]
                        },
                        {
                            "lineTrigger": "StanceStruggleFreeComment",
                            "move": "Anal",
                            "theText": [ "'Wha, hey! Don't quit after putting your dick in my ass!'",
                                         "'Scared of cumming to my ass, human?'",
                                         "'Ha, guess it was too much ass for a low life like you!♥'"]
                        },

                        {
                            "lineTrigger": "StanceStruggle",
                            "move": "Footjob",
                            "theText": [ "{ThePlayerName} struggles to escape from the grinding feet of {AttackerName}..."]
                        },
                        {
                            "lineTrigger": "StanceStruggleFail",
                            "move": "Footjob",
                            "theText": [ "But she grips the head of your penis between her toes, and you stay still at the powerful grip of her toes.",
                                         "But she grinds her heel into your balls, a pained yelp escapes you as you stop your escape.",
                                         "But her smooth soles rub along the shaft of your dick, and the wave of pleasure ends your escape."]
                        },
                        {
                            "lineTrigger": "StanceStruggleComment",
                            "move": "Footjob",
                            "theText": [ "'That's right you perv, just stay under my feet.♥'",
                                         "'You humans belong under my feet, so accept your place already.♥",
                                         "'Come now, just sit back and enjoy the feet of your master.'"]
                        },
                        {
                            "lineTrigger": "StanceStruggleFree",
                            "move": "Footjob",
                            "theText": [ "And pushes the small, dominating feet away!"]
                        },
                        {
                            "lineTrigger": "StanceStruggleFreeComment",
                            "move": "Footjob",
                            "theText": [ "'Oh? I thought you liked my feet?'",
                                         "'Wouldn't it be easier to just lay back and enjoy my feet?'",
                                         "'Are you ready for the real fucking now, human?'"]
                        },

                        {
                            "lineTrigger": "StanceStruggle",
                            "move": "Tailjob",
                            "theText": [ "{ThePlayerName} tries to get out of the coiled tail of {AttackerName}..."]
                        },
                        {
                            "lineTrigger": "StanceStruggleFree",
                            "move": "Tailjob",
                            "theText": [ "And escapes the tail that wrapped around {TargetHisOrHer} cock!"]
                        },

                        {
                            "lineTrigger": "StanceStruggle",
                            "move": "Making Out",
                            "theText": [ "{ThePlayerName} tries to escape from the embrace of {AttackerName}..."]
                        },
                        {
                            "lineTrigger": "StanceStruggleFree",
                            "move": "Making Out",
                            "theText": [ "And manages to break free of the make out session!"]
                        },


                        {
                            "lineTrigger": "LowHealth",
                            "move": "",
                            "theText": [ "'No, I can't believe you're pushing me this far!'",
                                         "'How can a human actually be pleasing me this much?'",
                                         "'Ahhhhn.♥'"]
                        },
                        {
                            "lineTrigger": "PlayerLowHealth",
                            "move": "",
                            "theText": [ "'Are you running out of breath? Just lie back and submit.'",
                                         "'Heh, guess you weren't as strong as you thought.'",
                                         "'Soon you won't be able to resist me any longer.'"]
                        },
                        {
                            "lineTrigger": "OnPlayerOrgasm",
                            "move": "",
                            "theText": [ "'Hehehehe, yes! Cum more!'",
                                         "'If you keep cumming like that soon you won't be able to fight back anymore!'",
                                         "'Once I drain you dry I'm gonna keep you chained up here and use you as a toy forever!♥'"]
                        },
                        {
                            "lineTrigger": "OnOrgasm",
                            "move": "",
                            "theText": [ "The green dragon cries out in bliss from your touch, and shivers as she orgasms.",
                                         "'KYAAAAAH!♥♥♥'",
                                         "'No! I can't lose to a human!♥"]
                        },
                        {
                            "lineTrigger": "OnSurrender",
                            "move": "",
                            "theText": [ "'Giving up? Well that won't save you from being fucked.'",
                                         "'Well if you wanna be my sex slave so badly.♥'",
                                         "'Huh? Are you really gonna let me have my way with you?♥"]
                        }
                      ],
  "victoryScenes": [
            {
                "NameOfScene": "",
                "move": "",
                "stance": "",
                "includes": [ ""],
                "theScene": [ ""
                          ],
                "picture": ""
            }
        ],
"pictures": [
              {
                  "Name": "Base",
                  "StartOn": "1",
                  "AlwaysOn": "1",
                  "IsScene": "0",
                  "TheBody": "1",
                  "Overlay": "No",
                  "setXalign": "0.0",
                  "setYalign": "0.18",
                  "Images": [
                  {
                      "Name": "Base",
                      "File": "../Mods/Dragon/Images/GreenDragon.png",
                      "setXalign": "0.0",
                      "setYalign": "0.0"
                  }
                ]
              }
            ]

    }
