{
    "name": "Arcane Flirting",
    "cost": "5",
    "costType": "ep",
    "requiredLevel": "0",
    "learningCost": "0",
    "skillType": "attack",
    "statType": "Intelligence",
      "statusEffectScaling": "0",
    "requiredStat": "0",
    "skillTags": [ "Seduction"],
    "fetishTags": [ ""],
    "startsStance": [""],
    "requiresStance": "Any",
    "unusableIfStance": [ ""],
    "requiresTargetStance": [ "Any"],
    "unusableIfTarget": [ ""],
    "removesStance": ["None"],
    "requiresStatusEffect": "None",
    "requiresStatusPotency": "0",
    "unusableIfStatusEffect": [ "None"],
    "power": "25",
    "minRange": "90",
    "maxRange": "110",
    "recoil": "0",
    "targetType": "single",
    "statusEffect": "Charm",
    "statusChance": "85",
    "statusDuration": "3",
    "statusPotency": "0",
    "statusResistedBy": "Willpower",
    "statusText": "",
    "descrip": "Hand/Seduction attack",
    "outcome": "{AttackerName} runs a delicate finger from {TargetName}'s collarbone down their chest while whispering arcane words of seduction in their ears. {TargetName} finds it harder to think straight as sexual promises and acts begin to play in their mind.",
    "miss": "{AttackerName} begins to fill {TargetName}'s head with words of sexual promises and flirting, but {TargetName} manages to shut these thoughts out of their head.",
    "statusOutcome": "{TargetName} finds themselves enraptured with the thoughts placed in their mind by {AttackerName}, and find themselves charmed.",
    "statusMiss": "{TargetName} manages to push these thoughts away before they take root in his mind.",
    "restraintStruggle": [""],
    "restraintStruggleCharmed": [""],
    "restraintEscaped": [""],
    "restraintEscapedFail": [""]
}
