{
    "name": "Azure Mouth Trap",
    "cost": "0",
    "costType": "ep",
    "requiredLevel": "0",
    "learningCost": "0",
    "skillType": "attack",
    "statType": "Core",
    "requiredStat": "0",
    "skillTags": [ "Mouth", "Sex"],
    "fetishTags": [ "Oral"],
    "startsStance": ["Blowjob"],
    "requiresStance": "Any",
    "unusableIfStance": [ ""],
    "requiresTargetStance": [ "Any"],
    "unusableIfTarget": [ "Penetration", "Tailjob", "Footjob", "Thighjob", "Titfuck", "Blowjob", "Making Out"],
    "removesStance": ["None"],
    "requiresStatusEffect": "None",
    "requiresStatusPotency": "0",
    "unusableIfStatusEffect": [ "None"],
    "power": "20",
    "minRange": "80",
    "maxRange": "100",
    "recoil": "0",
    "targetType": "single",
    "statusEffect": "None",
    "statusChance": "0",
    "statusDuration": "0",
    "statusPotency": "0",
    "statusResistedBy": "",
    "statusText": "",
    "descrip": "blowjob stance",
    "outcome": "{AttackerName} slowly approaches {TargetName} and in a second has dropped to her knees and wraps her blue tongue around {TargetName}'s cock and immediately brings herself down to its hilt. She lets out a small moan as she begins to bob her head back and forth while continuing to use her tongue to service the tip of {TargetName}'s penis.",
    "miss": "{AttackerName} tries to suck {TargetName}'s dick, blocks her mouth before she can trap their penis.",
    "statusOutcome": "",
    "statusMiss": "",
    "restraintStruggle": [""],
    "restraintStruggleCharmed": [""],
    "restraintEscaped": [""],
    "restraintEscapedFail": [""]
}
