{
    "name": "Enchanted Throat",
    "cost": "0",
    "costType": "ep",
    "requiredLevel": "0",
    "learningCost": "0",
    "skillType": "attack",
    "statType": "Intelligence",
      "statusEffectScaling": "0",
    "requiredStat": "0",
    "skillTags": [ "Sex"],
    "fetishTags": [ "Oral"],
    "startsStance": [""],
    "requiresStance": "Blowjob",
    "unusableIfStance": [ ""],
    "requiresTargetStance": [ "Blowjob"],
    "unusableIfTarget": [ ""],
    "removesStance": ["None"],
    "requiresStatusEffect": "None",
    "requiresStatusPotency": "0",
    "unusableIfStatusEffect": [ "None"],
    "power": "20",
    "minRange": "90",
    "maxRange": "110",
    "recoil": "0",
    "targetType": "single",
    "statusEffect": "Aphrodisiac",
    "statusChance": "125",
    "statusDuration": "5",
    "statusPotency": "10",
    "statusResistedBy": "Intelligence",
    "statusText": "",
    "descrip": "blowjob skill",
    "outcome": "{AttackerName} begins to deepthroat {TargetName}'s penis and also begins to secrete a pheromone in her throat that begins to further stiffens {TargetName}'s penis. The sensation of the pheromone seeping into and mixing with his precum begins to further intoxicate him.",
    "miss": "{AttackerName} begins to deepthroat {TargetName}, but gags part way through and stops her attack.",
    "statusOutcome": "{TargetName} is intoxicated by the pheromones and rapidly becomes drunk on the pleasure.",
    "statusMiss": "Through strength {TargetName} manages to overcome the aphrodisiac effects of the pheromones",
    "restraintStruggle": [""],
    "restraintStruggleCharmed": [""],
    "restraintEscaped": [""],
    "restraintEscapedFail": [""]
}
