{
    "name": "EnterDragonSpire",
    "CardType": "Event",
    "CardLimit": "0",
    "Description": "You step onto the mountain, which stretches far into the clouds. Snow coats the peak of it as you see smoke billow from the opening.",
    "requires": ["True Sigil of Power"],
    "Speakers": [
        {
            "name": "",
            "postName": "",
            "SpeakerType": ""
        }
    ],
    "EventText": [
        {
            "NameOfScene": "EventStart",
            "theScene": ["ProgressEqualsOrGreater", "1", "Get to climbing.",
                          "ChangeProgress",   "1",
                         "Recently, a strange mountain has appeared in your grimoire after defeating the Oni Twins. No one in town seems to recognize this mountain when asked about it, so you decide to check it out for yourself.",
                         "The mountain is tall and imposing, and unlike the previous mountain holding the temple this one doesn't even have a lift that could be blown up.",
                         "You survey the surroundings, and see little signs of activity that gives away what this mountain could hold, besides the hand-painted sign that says Dragon Spire Mountain, humans enter at your own peril.",
                         "Deciding that some sign isn't the boss of you, you set forth on your trek up the mountain to fight these supposed dragons on the mountain."]
        },
        {
            "NameOfScene": "Get to climbing.",
            "theScene": [  "You return and re-begin your ascent of the mountain."
                      ]
        }
    ]
}
