{
    "name": "Terrifying Teamups",
    "CardType": "Event",
    "CardLimit": "3",
    "Description": "The dragons are teaming up! Can you defeat these strange matchups?",
    "requires": [ ""],
    "Speakers": [
                  {
                    "name": "Red Dragon",
                    "postName": "1",
                    "SpeakerType": ""
                  },
                  {
                    "name": "Black Dragon",
                    "postName": "2",
                    "SpeakerType": ""
                  },
                  {
                    "name": "Blue Dragon",
                    "postName": "3",
                    "SpeakerType": ""
                  },
                  {
                    "name": "Green Dragon",
                    "postName": "4",
                    "SpeakerType": ""
                  },
                  {
                    "name": "Purple Dragon",
                    "postName": "5",
                    "SpeakerType": ""
                  },
                  {
                    "name": "White Dragon",
                    "postName": "6",
                    "SpeakerType": ""
                  }

                ],
    "EventText": [

      {
        "NameOfScene": "EventStart",
        "theScene": ["You see two dragons working together",
                     "JumpToScene",
                     "RandomRoll"]

      },

      {
          "NameOfScene": "RandomRoll",
          "theScene": [
                        "DenyInventory",
                        "JumpToRandomScene",
                            "Red+Green",
                            "Red+Black",
                            "Red+Blue",
                            "Red+Purple",
                            "Red+White",
                            "Green+Black",
                            "Green+Blue",
                            "Green+Purple",
                            "Green+White",
                            "Black+Blue",
                            "Black+Purple",
                            "Black+White",
                            "Blue+Purple",
                            "Blue+White",
                            "Purple+White",
                        "EndLoop"
                    ]
      },
      {
          "NameOfScene": "Red+Green",
          "theScene": [  "CombatEncounter",
                          "Red Dragon",
                          "Green Dragon",
                        "StartCombat",
                        "JumpToScene", "No Event"
                    ]
      },
      {
          "NameOfScene": "Red+Black",
          "theScene": [  "CombatEncounter",
                          "Red Dragon",
                          "Black Dragon",
                        "StartCombat",
                        "JumpToScene", "No Event"
                    ]
      },
      {
          "NameOfScene": "Red+Blue",
          "theScene": [  "CombatEncounter",
                          "Red Dragon",
                          "Blue Dragon",
                        "StartCombat",
                        "JumpToScene", "No Event"
                    ]
      },
      {
          "NameOfScene": "Red+Purple",
          "theScene": [  "CombatEncounter",
                          "Red Dragon",
                          "Purple Dragon",
                        "StartCombat",
                        "JumpToScene", "No Event"
                    ]
      },
      {
          "NameOfScene": "Red+White",
          "theScene": [  "CombatEncounter",
                          "Red Dragon",
                          "White Dragon",
                        "StartCombat",
                        "JumpToScene", "No Event"
                    ]
      },
      {
          "NameOfScene": "Green+Black",
          "theScene": [  "CombatEncounter",
                          "Green Dragon",
                          "Black Dragon",
                        "StartCombat",
                        "JumpToScene", "No Event"
                    ]
      },
      {
          "NameOfScene": "Green+Blue",
          "theScene": [  "CombatEncounter",
                          "Green Dragon",
                          "Blue Dragon",
                        "StartCombat",
                        "JumpToScene", "No Event"
                    ]
      },
      {
          "NameOfScene": "Green+Purple",
          "theScene": [  "CombatEncounter",
                          "Green Dragon",
                          "Purple Dragon",
                        "StartCombat",
                        "JumpToScene", "No Event"
                    ]
      },
      {
          "NameOfScene": "Green+White",
          "theScene": [  "CombatEncounter",
                          "Green Dragon",
                          "White Dragon",
                        "StartCombat",
                        "JumpToScene", "No Event"
                    ]
      },
      {
          "NameOfScene": "Black+Blue",
          "theScene": [  "CombatEncounter",
                          "Black Dragon",
                          "Blue Dragon",
                        "StartCombat",
                        "JumpToScene", "No Event"
                    ]
      },
      {
          "NameOfScene": "Black+Purple",
          "theScene": [  "CombatEncounter",
                          "Black Dragon",
                          "Purple Dragon",
                        "StartCombat",
                        "JumpToScene", "No Event"
                    ]
      },
      {
          "NameOfScene": "Black+White",
          "theScene": [  "CombatEncounter",
                          "Black Dragon",
                          "White Dragon",
                        "StartCombat",
                        "JumpToScene", "No Event"
                    ]
      },
      {
          "NameOfScene": "Blue+Purple",
          "theScene": [  "CombatEncounter",
                          "Blue Dragon",
                          "Purple Dragon",
                        "StartCombat",
                        "JumpToScene", "No Event"
                    ]
      },
      {
          "NameOfScene": "Blue+White",
          "theScene": [  "CombatEncounter",
                          "Blue Dragon",
                          "White Dragon",
                        "StartCombat",
                        "JumpToScene", "No Event"
                    ]
      },
      {
          "NameOfScene": "Purple+White",
          "theScene": [  "CombatEncounter",
                          "Purple Dragon",
                          "White Dragon",
                        "StartCombat",
                        "JumpToScene", "No Event"
                    ]
      }



                ]
}
