{
    "name": "Triple Foot Grind",
    "cost": "0",
    "costType": "ep",
    "requiredLevel": "0",
    "learningCost": "0",
    "skillType": "attack",
    "statType": "Core",
    "requiredStat": "0",
    "skillTags": [ "Sex"],
    "fetishTags": [ "Feet"],
    "startsStance": "",
    "requiresStance": "Footjob",
    "unusableIfStance": [ ""],
    "requiresTargetStance": ["Footjob", "Footjob", "Footjob"],
    "unusableIfTarget": [ ""],
    "removesStance": "None",
    "requiresStatusEffect": "None",
    "requiresStatusPotency": "0",
    "unusableIfStatusEffect": [ "None"],
    "targetType": "single",
        "accuracy": "10",
        "initiative": "0",
    "power": "35",
        "minRange": "90",
        "maxRange": "110",
    "recoil": "0",
    "critDamage": "0",
    "critChance": "0",
    "statusEffect": "None",
        "statusPotency": "0",
        "statusEffectScaling": "0",
        "statusDuration": "0",
        "statusChance": "0",
        "statusResistedBy": "",
    "statusText": "",
    "descrip": "Two Whelplings gang up on your dick with their feet.",
    "outcome": "[AttackerName], [AttackerName2], and [AttackerName3] barrage every part of your dick with their feet, rubbing along the length of it and alternating using their toes on your glans.",
    "miss": "You grit your teeth and struggle to endure the combined. foot assault of [AttackerName], [AttackerName2], and [AttackerName3]",
    "statusOutcome": "",
    "statusMiss": "",
    "restraintStruggle": [""],
    "restraintStruggleCharmed": [""],
    "restraintEscaped": [""],
    "restraintEscapedFail": [""]
}
