{
    "name": "Whelpling Feet Burial",
    "cost": "0",
    "costType": "ep",
    "requiredLevel": "0",
    "learningCost": "0",
    "skillType": "attack",
    "statType": "Core",
    "requiredStat": "0",
    "skillTags": [ "Sex"],
    "fetishTags": [ "Feet"],
    "startsStance": "",
    "requiresStance": "Footjob",
    "unusableIfStance": [ ""],
    "requiresTargetStance": ["Footjob", "Footjob", "Footjob", "Footjob"],
    "unusableIfTarget": [ ""],
    "removesStance": "None",
    "requiresStatusEffect": "None",
    "requiresStatusPotency": "0",
    "unusableIfStatusEffect": [ "None"],
    "targetType": "single",
        "accuracy": "50",
        "initiative": "0",
    "power": "45",
        "minRange": "100",
        "maxRange": "110",
    "recoil": "0",
    "critDamage": "0",
    "critChance": "0",
    "statusEffect": "None",
        "statusPotency": "0",
        "statusEffectScaling": "0",
        "statusDuration": "0",
        "statusChance": "0",
        "statusResistedBy": "",
    "statusText": "",
    "descrip": "Two Whelplings gang up on your dick with their feet.",
    "outcome": "All four Whelplings surround your body as they assault every inch of you with their feet. The first one presses her foot against your face and pins you to the ground, while the other 3 run their feet all over your body, trampling on your chest, stomach and now battered member.",
    "miss": "You grit your teeth and struggle to endure the overwhelming foot assault of the Whelplings.",
    "statusOutcome": "",
    "statusMiss": "",
    "restraintStruggle": [""],
    "restraintStruggleCharmed": [""],
    "restraintEscaped": [""],
    "restraintEscapedFail": [""]
}
