{
    "name": "Trouble with Tiamat",
    "CardType": "Quest",
    "CardLimit": "0",
    "Description": "A terrifying dragon has been causing havoc on the mountains to the north! Brave heroes are requested to bring her rampage to an end! \n- Tiamat ♥",
    "requires": [ ""],
    "Speakers": [
                  {
                    "name": "Tiamat",
                    "postName": "",
                    "SpeakerType": "Monster"
                  }

                ],
    "EventText": [
                    {
                        "NameOfScene": "EventStart",
                        "theScene": [  "Having climbed the mountain again you find yourself at the peak once again, facing off against Tiamat who breaks out into a huge grin as she sees you.",
                                       "DisplayCharacters",
                                       "1",
                                       "EndLoop",
                                       "Speaks",
                                       "{ThePlayerName}! It's so good to see you again! Did you accept my quest?",
                                       "PlayerSpeaks",
                                       "Uh yeah, but I don't think that's really how posting quests work.",
                                       "Speaks",
                                       "Oh? But I used it to place a request to adventurers to try and find someone to help me out, and now you're here!",
                                       "PlayerSpeaks",
                                       "Help you out? The quest said you were rampaging?",
                                       "Speaks",
                                       "Well... I will go on a rampage if I don't get off soon. Y'see, you were the best sex I've had since I was stuffed into this form, and now I really need you to keep fucking me or I'm gonna go down to that town and wreak havoc on the people down there.",
                                       "She seems pretty serious, and as you agree to fuck her again she lowers herself into a seductive fighting pose, and she mutters something under her breath as a wave of magical energy flows out from her. It seems she'll be going all out in this fight.",
                                       "CombatEncounter",
                                        "NoRunning",
                                        "Tiamat",
                                        "StartCombat",
                                        "EndLoop",
                                       "DisplayCharacters",
                                       "1",
                                       "EndLoop",
                                       "After you defeat Tiamat, she slowly stands up again with the same smile as the last time you beat her, but this time her knees seem to shake a bit more.",
                                       "Speaks",
                                       "Gods! I cannot believe you keep managing to impress me so much! No wonder the whole mountain is infatuated with you.",
                                       "You blush as she praises you, and asks if the quest has been completed.",
                                       "Speaks",
                                       "Huh? Oh right, the quest... Uhhh yeah! You totally stopped the rampaging dragon queen! Well then hero, what would you like as a reward?",
                                       "Menu",
                                        "Anal Sex",
                                        "Sex",
                                        "Blowjob",
                                        "Titfuck",
                                        "Footjob",
                                        "Face Sitting",
                                      "EndLoop"

                                  ]
                    },
                    {
                        "NameOfScene": "Anal Sex",
                        "theScene": [ "DisplayCharacters",
                                      "1",
                                      "EndLoop",
                                      "You tell Tiamat you want to fuck her ass and she immediately rushes you as she discards her panties, throwing them to the side as she bowls you over. As you recollect yourself you find her positioned over your hips, looking at you with a hungry look.",
                                      "She presses on you so that you stumble backward and lie down as she straddles your hips, the cheeks of her ass grind against your dick briefly before she lifts herself up and slowly lowers herself onto your dick.",
                                      "You feel her asshole press against you, before easily giving way as your member slides deep into her ass.",
                                      "She presses her hips down against you hard, holding your dick deep inside her before she starts to slowly move up and down.",
                                      "Her small, slow paced movements with her large ass wrapped around your cock sends waves of pleasure through you with each movement.",
                                      "She lets out a moan as you place your hands on her ass, guiding her movements as you start to take control from her, and you start to pump your hips against her motions so that you begin to fuck her ass with vigor.",
                                      "Her eyes glow with excitement as you take control, as she wraps her arms around your neck, pulling the two of you into a sitting position as you once again plunge your dick into the deepest parts of her ass from the position change.",
                                      "With her weight centered on your dick you use you strength to lift her and her ass up and down, fondling her ass and pressing it against your dick with each movement as you pleasure yourself with the dragon queen.",
                                      "Speaks",
                                      "Ahh!♥ You're so naughty, using me like your cock slave.♥",
                                      "Speaks",
                                      "Well that's fine, just keep fucking me as hard as you want.♥",
                                      "Turned on and further aroused by her encouragement, you start to stand up while holding her, her legs loosely wrapped around your waist as she hangs from your neck.",
                                      "You take complete control as you lift her up and down, slamming her ass powerfully against your hips as you thrust into her in time with your movements.",
                                      "Tiamat continues to moan as you thrust into her, her tongue hangs out of her mouth as she tries to catch her breath in between moans as you continue to ravish her ass.",
                                      "You pound her ass, your fingers gripping her tight as you pound her deep with each thrust, and as you feel the walls of her ass tighten, Tiamat cries out in ecstasy as she comes from your stimulation.",
                                      "You continue in your relentless fucking of her, her tight ass constricting your dick only adds to the pleasure you feel as you can feel yourself building up as you continue to pound her.",
                                      "Finally, you can't hold it any longer as you fire off a thick load of cum into her ass, as Tiamat throws her head back in pleasure and starts panting heavily as you let her rest with your dick deep inside her.",
                                      "Moments pass and you slowly move her ass along your dick, squeezing out every last bit of cum into her ass as you slowly pull out of her, and her legs shakily touch the ground.",
                                      "Speaks",
                                      "Wow, I knew you wouldn't disappoint {ThePlayerName}, but that was incredible!♥",
                                      "Speaks",
                                      "Maybe I should threaten to rampage more often? Ehehe, I'm just kidding you.♥",
                                      "She gives you a wink and playfully sticks her tongue out, but you're not fully convinced that she was kidding.",
                                      "You sigh and figure that it'll just lead to another session like this, and that wouldn't be the worst thing in the world, now would it?",
                                      "Tiamat gives you a kiss on the cheek as you prepare to head back to town, and gives you a small bag of gold for your trouble.",
                                      "ChangeSensitivity",
                                      "Sex",
                                      "5",
                                      "ChangeFetish",
                                      "Ass",
                                      "10",
                                      "ChangeEros",
                                      "2000",
                                      "GoToTown"]
                    },
                    {
                        "NameOfScene": "Sex",
                        "theScene": [ "DisplayCharacters",
                                      "1",
                                      "EndLoop",
                                      "Tiamat's eyes shine with a powerful glow as she hurriedly discards her panties, and as she approaches you are captivated by her body.",
                                      "As she reaches you she quickly takes control and sweeps your legs out from under you, sitting you down as her hips straddle yours.",
                                      "As her hips press against you, you feel your dick throb as it longs to enter into Tiamat's hungry pussy. She grinds against you for a few seconds more before she lifts herself up, and slowly lowers herself onto your dick.",
                                      "You meet no resistance as you effortlessly slip into her slick pussy, and as her hips press down on you, your dick plunges deep into her.",
                                      "As you thrust your hips up into her, Tiamat moans and her pussy constricts around you. The tightness surrounding your dick as she continues to grind back and forth wraps you in pleasure, and you gasp from the sensation.",
                                      "Tiamat continues to bounce on your dick, her movements are quick and powerful as she moves along the length of your dick.",
                                      "She moans in pleasure, each slam of her hips against yours plunges you deep inside her.",
                                      "You feel her weight pressing on your chest weaken for a second, as she leans back to get a better angle for your dick. Taking advantage of this, you curl up at the waist until you reach a sitting position and wrap your arms around Tiamat's neck, bringing her into a deep kiss.",
                                      "Tiamat lets out a muffled squeak as her eyes pop open as she realizes she is trapped in a makeout session, your tongue invading her mouth and dominating hers as you passionately make out with her.",
                                      "She settles into the kiss as you continue to thrust your hips, your dick making small movements due to her sitting on your lap.",
                                      "As Tiamat reciprocates the kiss, she occasionally moans into you as you continue to thrust into her. You feel yourself a pressure start to build up in your loins, but you wanna fuck her to the max before you cum.",
                                      "Slowly, you lean forward until finally you throw Tiamat's balance off and she tumbles to the ground. You hover over her for a second as your dick rests against the entrance of her pussy as she looks up at you, her eyes give you a pitiful look as she begs for more of your dick.",
                                      "You smirk as your hands fondle her thighs, before you lift her legs up onto your shoulders and plunge your dick deep into her pussy again, now fully in control of the situation as you thrust hard and deep into her with controlled movements.",
                                      "Tiamat gasps in pleasure with every thrust of your hips, and you see that she is starting to unravel as her desperate gasps are accompanied by her face twisting into a permanent grin of pleasure.",
                                      "Speaks",
                                      "Oh!♥ Yes!♥ Keep going!♥",
                                      "Spurred on by her encouragement, your movements become more chaotic, as you thrust with all your might into her repeatedly. With each thrust of your hips, you feel Tiamat struggle against your grip, but you keep her legs in the air as you continue to press into her.",
                                      "Your thrusts become even more wild and powerful as you feel a burning need for release building within you, and the Tiamat's eyes start to roll up with pleasure as she begins to shudder from a seemingly endless series of miniature orgasms, making her pussy spasm around your throbbing manhood.",
                                      "Speaks",
                                      "Kyaaaahhh!♥♥♥",
                                      "She cries out in pleasure as she cums, and the sound pierces through your brain as you are overcome with a frenzied lust as you pound with all your might a few more times as her pussy tightens around you.",
                                      "Finally, as you allow yourself to cum, you press yourself deep into her pussy, and fire off a massive load in the depths of her pussy. Tiamat shudders as she feels your cum fire into her, and your dick twitching inside her.",
                                      "After a few seconds you continue to thrust your hips, using her quivering, tight pussy to squeeze out the rest of your cum into her pussy.",
                                      "You pull out, Tiamat is still catching her breath from her intense orgasm, as she looks up at you with a dream-like expression on her face.",
                                      "Speaks",
                                      "How can a human even be that good at sex? Your abilities truly are impressive {ThePlayerName}.♥",
                                      "Speaks",
                                      "Perhaps I should rampage a bit more often, if it'll lead you to fuck me like this.♥",
                                      "She laughs and assures you that she's kidding, but doubt lingers in your mind as you dress and prepare to return to town.",
                                      "As you leave Tiamat presses a bag into your hands, and places a kiss on your cheek as you leave.",
                                      "Speaks",
                                      "Buh-bye! Make sure you come back soon!♥",
                                      "ChangeSensitivity",
                                      "Sex",
                                      "5",
                                      "ChangeFetish",
                                      "Sex",
                                      "10",
                                      "ChangeEros",
                                      "2000",
                                      "GoToTown"]
                    },
                    {
                        "NameOfScene": "Blowjob",
                        "theScene": [ "DisplayCharacters",
                                      "1",
                                      "EndLoop",
                                      "Tiamat approaches you, sensually swinging her ass from side to side as she licks her lips.",
                                      "As she reaches you she kneels down, letting your dick graze against her tits briefly before her face reaches the level of your dick, her lips inches away from your stiff member.",
                                      "Tiamat opens her mouth and extends her tongue out to the tip of your member, rolling over it gently as you feel her breath wash over your dick.",
                                      "You can't help but moan and reach out to her head to try and run you hands through her hair, but she quickly reaches up and pins your hands against yourself as her lips descend on your manhood, slowly enveloping you until she has taken your whole member into her mouth.",
                                      "As Tiamat takes your dick into her mouth, you feel her tongue continue to run the length of your member, sending a constant stream of pleasure through your body.",
                                      "Gently and gradually, she bobs her head back and forth, making sure her lips remain glued to your shaft as she makes every little movement cause a jolt of pleasure to flow through you.",
                                      "Tiamat starts to speed up, her lips and tongue running across your member with increased fervor as Tiamat lets out small moans with each bob of her head, enjoying the taste of you.",
                                      "You feel that Tiamat has loosened her grip on your hands, and as you shake them off you watch as her hands fall to the side, allowing you to grab hold of her horns and roughly shove your dick to the back of her throat.",
                                      "She gags and coughs as you force her to deepthroat your cock, but amidst all that you hear her moan as her tongue continues to run the length of your dick.",
                                      "With her horns firmly grasped, you continue to abuse the mouth of the dragon queen, forcing her to bob back and forth at your whim as she services your cock.",
                                      "Her moans are muffled by your cock, and the lewd sounds that emanate from her mouth as she continues to lick at your cock.",
                                      "You feel a pressure begin to build in your dick, as you long to cum you begin to move Tiamat's head much faster, forcing her back and forth as her lips never leave your dick.",
                                      "Eventually, you can take no more as the pleasure of her mouth proves to be too much, and you wrap your hands around her head and force her all the way to the hilt as you blow your load directly down her throat.",
                                      "You fire load after load down her throat, watching her eyes flutter as she is overwhelmed by your cum. As you finish you slowly pull your still erect member from her mouth, as she lets out a contented sigh as she finishes swallowing your load.",
                                      "Speaks",
                                      "Wow, not many people are ballsy enough to grab the dragon queen by her horns and facefuck her like that. Then again, you aren't most people.♥",
                                      "Speaks",
                                      "Haaa, honestly if you're gonna fuck me like that everytime I threaten a rampage, maybe I'll do that more oftne.♥",
                                      "She laughs and assures you that she's kidding, but doubt lingers in your mind as you dress and prepare to return to town.",
                                      "As you leave Tiamat presses a bag into your hands, and places a kiss on your cheek as you leave.",
                                      "ChangeSensitivity",
                                      "Sex",
                                      "5",
                                      "ChangeFetish",
                                      "Oral",
                                      "10",
                                      "ChangeEros",
                                      "2000",
                                      "GoToTown"]
                    },
                    {
                        "NameOfScene": "Titfuck",
                        "theScene": [ "DisplayCharacters",
                                      "1",
                                      "EndLoop",
                                      "Tiamat rushes forward, discarding her immodest top and knocks you to the ground, removing your pants in an instant.",
                                      "As you realize what has happened you notice that her pillowy breasts are already surrounding your dick as she looks at you with unrestrained lust.",
                                      "She slowly begins to to massage her breasts against your dick, as you get lost in the unrelenting pleasure.",
                                      "As she moves her breasts up and down the length of your dick, you find yourself entranced by the jiggling of her breasts as they bounce beautifully each time they press down on your hips.",
                                      "The constant movement of her breasts against your dick sends jolts of pleasure through you with each stroke of her breasts, causing you to moan as Tiamat starts to apply more pressure.",
                                      "Tiamat applies greater pressure on her tits from both sides, encasing your dick entirely in her powerful boobs, leaving only the tip of your dick exposed.",
                                      "Tiamat tightly rolls her breasts in circles against your dick, as she slowly descends her lips on your exposed tip, letting her tongue lap at your precum.",
                                      "She continues to use her powerful breasts to massage your dick, forcing more and more precum to leak from you as you can feel the pressure in your loins start to build.",
                                      "The combined assault of Tiamat's tits and her mouth on your dick starts to become unbearable, and you moan louder as her tongue presses against your slit, seemingly trying to hold you back from cumming.",
                                      "Just as you are about to release, Tiamat pulls her mouth away and strongly presses her breasts together so that it envelops the tip of your dick, forcing you to cum into her cleavage.",
                                      "You release a torrent of cum as she continues to massage her breasts against your sensitive glans. Each pump of her breasts releases more and more cum as eyes you with a satisfied look.",
                                      "Speaks",
                                      "Impressive, I feel like I got a full meal from your cum through that.♥",
                                      "As she finishes milking the rest of your cum from your dick, she slowly stands up, and helps you to your feet.",
                                      "Speaks",
                                      "Y'know, if you keep responding to my 'rampages' like that, we could do stuff like this more often.♥",
                                      "Speaks",
                                      "In fact, maybe I'll just actually rampage and take you hostage, make you my little cum dispenser.♥",
                                      "She laughs and assures you that she's kidding, but doubt lingers in your mind as you dress and prepare to return to town.",
                                      "As you leave Tiamat presses a bag into your hands, and places a kiss on your cheek as you leave.",
                                      "ChangeSensitivity",
                                      "Sex",
                                      "5",
                                      "ChangeFetish",
                                      "Breasts",
                                      "10",
                                      "ChangeEros",
                                      "2000",
                                      "GoToTown"]
                    },
                    {
                        "NameOfScene": "Footjob",
                        "theScene": [ "DisplayCharacters",
                                      "1",
                                      "EndLoop",
                                      "As she hears you ask for a footjob she blushes as you lie on the ground, you dick standing out as she walks towards you.",
                                      "As she stands over you she raises one foot over your dick, holding it there for a second as you admire her perfect feet before it descends onto your dick.",
                                      "At first she gently places her toes against the tip of your dick, gently massaging it with her graceful toes as she looks to see what you enjoy.",
                                      "You give her a thumbs up as she sits down near you, placing her second foot on your dick and using both of them in conjunction to start jacking you off.",
                                      "You moan softly at the rubbing motions of her smooth feet, as Tiamat alternates her movements against your dick.",
                                      "Tiamat grips both sets of toes around you dick and starts to jack you off as if her feet were hands, and the vigorous movements cause you to shudder at the pleasure coursing through you.",
                                      "Her feet continue to move fast, and you feel the pressure in your groin building as you feel yourself start to leak precum, but just as you are on the verge of cumming, Tiamat stops and holds her feet above your dick as she smirks at you.",
                                      "Speaks",
                                      "I don't think you've earned the right to cum juuuust yet.♥ Maybe you should worship your queen a bit before she lets you cum?♥",
                                      "Before you can respond she uses her toes to grip the middle of your cock, slowly stroking it to keep you on the verge of cumming, while pressing her sole against your face, giving you the command to lick.",
                                      "You are instantly overwhelmed by the pleasant, slightly athletic scent of her feet as she rubs her foot against your face, smushing against your cheeks and playing with your nose and mouth with her toes.",
                                      "Her foot on your dick continues to stroke you, and you can't help yourself as you moan, allowing her toes to invade your mouth as she giggles, clearly enjoying dominating you with her feet.",
                                      "As her toes enter your mouth, you press your tongue against her toes, working them into the spaces between her digits as you diligently work you tongue for her pleasure.",
                                      "Tiamat giggles again as her foot continues to jerk you off, slightly faster now as the pressure once again builds in your loins. Your moans intensify, and your breathing seems to tickle Tiamat as her toes pop out of your mouth and her foot erratically smears across your face.",
                                      "You cry out in pleasure as you can't hold back any longer, and as you start to release your cum she presses both her feet against your dick, vigorously jerking you off as your cum now rockets out of you, and falls back onto her feet and legs.",
                                      "As your cum lands on her, her skin quickly absorbs it as she moans from the experience. She removes her feet from your twitching cock and helps you to your feet.",
                                      "Speaks",
                                      "My my, I can't believe someone would cum so much from some foot action, but I guess I shouldn't doubt my little submissive pet.♥",
                                      "You blush at her calling you a pet, but you cannot deny that being under her feet was a pleasant change of pace.",
                                      "Speaks",
                                      "Oh dear, well if you ever want to be under your queen's feet again, just make sure you stop me from rampaging, otherwise I might take other people to be my floormat.♥",
                                      "She laughs and assures you that she won't take people hostage if she ever rampages, but the implication that she might actually rampage doesn't fill you with confidence.",
                                      "You make to leave as Tiamat suddenly presses a bag into your hands, and gives you a kiss on the cheek as a reward before you head back to town.",
                                      "ChangeSensitivity",
                                      "Sex",
                                      "5",
                                      "ChangeFetish",
                                      "Feet",
                                      "10",
                                      "ChangeEros",
                                      "2000",
                                      "GoToTown"]
                    },
                    {
                        "NameOfScene": "Face Sitting",
                        "theScene": [ "DisplayCharacters",
                                      "1",
                                      "EndLoop",
                                      "Tiamat giggles as you lie on the floor, and as you do so she stands over your face, her thick ass and hungry pussy staring back down at you before she starts to steadily lower herself towards your awaiting face.",
                                      "As her nether regions makes contact with your face, Tiamat immediately gasps as she feels your warm breath against her pussy, and she brushes one hand through your hair as she smiles to herself, relishing this experience already.",
                                      "Tiamat tightens her grip on your hair, and presses your mouth into her pussy as she slowly begins to move her hips. As her body dominates your vision, you start to gently roll your tongue around the edges of her pussy, eliciting another gasp from the draconic queen.",
                                      "Your tongue continuously flits about the lips of Tiamat's pussy, teasing her and each time your tongue makes a sudden entrance into her pussy you feel her body quiver in pleasure.",
                                      "After a few more moments of teasing Tiamat like this, you finally plunge your tongue deep into her pussy, a sudden shock to her that makes her stop gripping your hair as she rests her weight on your face.",
                                      "Speaks",
                                      "Fufufu, perhaps you deserve a treat for your devotion to me?",
                                      "Tiamat takes her free hand, and by bending forward a little bit reaches out to your dick and firmly grasps it, and begins to jerk you off as you continue to lick at her pussy.",
                                      "As she shifts her weight forward, you find it harder to keep your tongue inside her pussy without angling your head at a weird angle, but you continue to pump your tongue inside her pussy, as she continues to jerk you off with precision and grace.",
                                      "Howver, as you continue to fuck her with your tongue, you are captivated by the sight of her ass, and without thinking you change the angle of your head as you start to kiss at her voluptuous ass.",
                                      "Speaks",
                                      "Oh dear, is my ass that wonderful that you want to worship it? Very well, take as much time as you want to worship my ass.♥",
                                      "Tiamat's ass presses down on you as best it can, but Tiamat is stretching in two different directions as she continues to play with your dick, and you feel a hot pressure building in your loins.",
                                      "You continue to kiss and nibble on her huge ass, and at this point you bring up your hands and start to grab her massive ass and dig your fingers into the soft, pillowy ass.",
                                      "Tiamat moans again as your fingers dig into her ass, and the intensity of her handjob increases as you can't hold back any longer, and you start to cum to Tiamat's hands.",
                                      "As you start cumming, Tiamat lifts herself off you as she plunges her mouth onto your cock, quickly capturing your cum and gulping it down with an intense hunger.",
                                      "As her lips finish milking your cock dry, you continue to massage her ass with your hands, enjoying the warm, soft feeling of it effortlessly moving in your hands.",
                                      "Finally, as she finishes draining you dry, she slowly stands up as you continue to gaze at her nether regions before she pulls you to your feet.",
                                      "Speaks",
                                      "How was that for a reward? I never would have thought a hero like you would be such a submissive though? I guess we all have our kinks.♥",
                                      "Tiamat winks at you as she calls you a submissive, and you can't help but blush as she laughs at you.",
                                      "Speaks",
                                      "Lighten up, besides, you did stop me from rampaging for now. Maybe I'll try again tomorrow.",
                                      "She laughs and assures you that she's kidding, but doubt lingers in your mind as you dress and prepare to return to town.",
                                      "As you leave Tiamat presses a bag into your hands, and places a kiss on your cheek as you leave.",
                                      "ChangeSensitivity",
                                      "Oral",
                                      "5",
                                      "ChangeFetish",
                                      "Ass",
                                      "10",
                                      "ChangeFetish",
                                      "Sex",
                                      "10",
                                      "ChangeEros",
                                      "2000",
                                      "GoToTown"]
                    }



                ]
}
