{
    "name": "Black Dragon",
    "IDname": "Black Dragon",
    "species": "Dragon",
    "gender": "female",
    "description": "A sizable woman with ashen black skin, which is further accentuated by her deep black leggings and a high cut shirt that doesn't even pretend to hide her assets. She has ram-like horns that slope down the back of her head, and a black, leather-like tail that sways with the movements of her body.",
    "encyclopedia": "One of the more dominant dragon personalities amongst the clan, Black Dragons prefer to coddle and act like a condescending mother figure to the enemies they encounter, but are also incredibly flirtatious. The ability of the Black Dragon to use her breasts, feet, and pussy are unparalleled and bolstered by her powerful breath that carries a powerful aphrodisiac.",
    "tags": "none",
    "generic": "True",
    "requires": [ ""],
    "skillList": [ "Intoxicating Breath", "Dragon Kiss", "Dragon Deep Kiss", "Dragon Breast Press", "Dragon Tease", "Dragon Footjob", "Dragon Foot Stroke", "Dragon Tailjob", "Dragon Tail Stroke", "Overwhelming Titjob", "Engulfing Titfuck", "Condfident Pin", "Mommy Mounting", "Frenzied Fucking", "Dominating Grind", "Royal Floormat", "Caressing Soles", "Powerful Paizuri"],
    "perks": [ "Clingy", "Gazongas", "Dump Truck"],
    "stats": { "lvl": "30",
              "Exp": "100",
              "max_hp": "350",
              "max_ep": "90",
              "max_sp": "1",
              "Power": "40",
              "Technique": "30",
              "Intelligence": "40",
              "Allure": "30",
              "Willpower": "30",
              "Luck": "50"
    },
    "Fetishes": [ "Penis, Sex"],
    "BodySensitivity": { "Sex": "150",
              "Ass": "75",
              "Breasts": "150",
              "Mouth": "100",
              "Seduction": "100",
              "Magic": "50",
              "Pain": "100",
              "Holy": "100",
              "Unholy": "100"
    },
    "resistancesStatusEffects": {
              "Stun": "-10",
              "Charm": "25",
              "Aphrodisiac": "100",
              "Restraints": "-50",
              "Sleep": "0",
              "Trance": "0",
              "Paralysis": "0",
              "Debuff": "25"
    },
    "moneyDropped": "200",
    "ItemDropList": [
                      {
                        "name": "Black Dragon Scale",
                        "dropChance": "75"
                      }
                    ],
    "lossScenes": [
      {
          "NameOfScene": "Black Dragon Lead Into Titjob",
          "move": "",
          "stance": "",
          "includes": [ "Black Draon"],
          "theScene": [ "As you cum again you go limp momentarily, and the black dragon walks over to you, and without a word places her voluptuous breasts against your dick.",
                        "JumpToScene",
                        "Black Dragon Titfuck Loss"
                    ],
          "picture": ""
      },
                    {
                        "NameOfScene": "Black Dragon Titfuck Loss",
                        "move": "",
                        "stance": "Titfuck",
                        "includes": [ ""],
                        "theScene": [ "You collapse with a moan, and attempt to crawl away from the domineering dragon woman who stands over you with a soft, hungry look.",
                                      "Speaks",
                                      "Oh dear, it seems like you've run out of energy! But don't worry, I know just what strong adventurers like you need to get back on their feet.♥",
                                      "As she kneels down beside you, she grabs your head and slowly raises it to her breast. For a moment your head rests in her hands, before she plunges your face deep into her cleavage.",
                                      "Speaks",
                                      "Shhhhh, don't fight it darling, I know this is what you've been craving.",
                                      "Your mind immediately goes blank as her breasts encompass your sense, and all you can do is breathe in her powerful scent around you.",
                                      "Eventually her scent begins to overwhelm you and you begin to kiss at the breasts surrounding you, and as you do so you can feel her moan reverberate around you.",
                                      "Speaks",
                                      "Ara Ara, I knew I was right that you wanted my breasts to smother you.♥ How about now we move on to the main course?",
                                      "Suddenly, the boobs you were worshipping are removed from your face, and the sudden burst of fresh air gives you a moment of shame of how deeply you were kissing her breasts.",
                                      "Slowly she pulls away and travels down to your dick, where she envelops it with her massive breasts.",
                                      "With a warm smile, she starts to stroke your aching cock with her bountiful tits, making you moan as the warm feeling of her jiggly breasts wrapped around your shaft imprints into your mind, every pump of your dick causing you to shiver and moan.",
                                      "You can't help but smile back at her as huge tits continue to bounce against your dick, occasionally squeezing together, and filling you with desire for more.",
                                      "As she notices your goofy, relaxed smile, the black dragon giggles to herself and uses a free hand to stroke your cheek.",
                                      "Are you having fun my dear? I knew my breasts were exactly what you needed to feel better.♥ And if you wanna keep experiencing this you need to make sure you come back up here and lose to me again, maybe eventually you'll be my little boytoy forever.♥",
                                      "Her desires of you to become her sex slave are lost as her breasts press together again with heavy force, and you can't hold back any longer as you ejaculate into the overwhelming breasts.",
                                      "PlayerOrgasm", "2",
                                      "She squeezes, bounces, and rolls her tits on your spasming cock, keeping you firmly trapped in her pillowy breasts while you release a torrent of cum into her massive chest, your mind bending to the overwhelming sensation and her massive breasts.",
                                      "As your cock stops firing off loads she pulls back slowly, and she whispers into your ear.",
                                      "Speaks",
                                      "Make sure you come back soon, {i}Hero.♥{/i}",
                                      "Her soft words ring in your head, and as you close your eyes you see her walking away, her voluptuous ass swaying from side to side as she leaves.",
                                      "ChangeFetish", "Breasts", "10",
                                      "ChangeSensitivity",
                                      "Sex",
                                      "5",
                                      "GameOver"],
                        "picture": ""
                    },
                    {
                        "NameOfScene": "Black Dragon Footjob Loss",
                        "move": "",
                        "stance": "Footjob",
                        "includes": [""],
                        "theScene": [ "You lay on the ground, panting as the stocking clad feet of the black dragon wrings the last of your strength away.",
                        "She stands over you, a confident look on her face as you lay sprawled on the ground.",
                        "Speaks",
                        "An impressive show of stamina from you, my darling hero.♥ I think you should train a bit more before you pick a fight with a dragon.",
                        "She lifts her foot off your dick for a second, swirling it around before she rests her soft sole atop the head of your member, she seems lost in contemplation.",
                        "Her foot slowly moves around your stiff, aching member like a joystick, before she decides to sit on the ground between your legs, and bring her second foot over to assist in jerking you off.",
                        "She places both of her soles on either side of your cock, and begins to slowly rub them in circular motions, letting the archs of her feet massage your shaft.",
                        "The assault of her powerful feet sends wave after wave of pleasure coursing through you, which elicits a moan that you fail to hold back.",
                        "She pulls her feet away for a second as she rests her big toe on top of your slit and smirks at your visible disappointment,",
                        "Speaks",
                        "Oh no, that won't do... You must hold out if you wanna get strong enough to outlast a dragon.♥",
                        "Her free foot continues to massage your dick, and you feel the rising sensation build anew after her pause knocked the wind out of your sails.",
                        "Her foot atop your member adjusts to allow the arch of her foot to rest on your slit, ready to accept your cum when she brings you to burst.",
                        "Eventually, you can take it no longer as the attack of the black dragon's feet proves too much, as you fire a load onto her waiting foot.",
                        "PlayerOrgasm", "1",
                        "Her foot absorbs your load and her skin glows briefly as her face melts into contentment. She pulls her feet away from you and slowly stands up.",
                        "Speaks",
                        "You held out pretty alright just now, hopefully next time you can outlast me, or maybe you'll just be my foot slave again.♥",
                        "She dusts herself off, and blows a kiss to you as she saunters away, her massive swaying ass jiggling with each step until she disappears from sight.",
                        "You are left alone, thinking about the beauty of the black dragon as exhaustion washes over you, and soon pass out...",
                        "ChangeFetish", "Feet", "5",
                        "ChangeSensitivity",
                        "Sex",
                        "5",
                        "GameOver"],
                        "picture": ""
                    },
                    {
                        "NameOfScene": "Black Dragon Sex Loss",
                        "move": "",
                        "stance": "Penetration",
                        "includes": [""],
                        "theScene": [ "The black dragon continues to ride you, even as  your strength fades from your last orgasm.",
                        "Her movements slow as she notices the fight leave you, and she look down at you with a pitiful look in her eyes.",
                        "Speaks",
                        "Oh dear, is that really all a hero can do? This won't do at all, I still have a need to be pleased that you will fulfill.",
                        "She leans in and plants a kiss on your cheek, before slowly grinding her hips against yours, each movement gently bringing life back into your weary member.",
                        "With each movement of her hips, her hot pussy massages the length of your dick, and you can feel yourself start to get brought into her rhythm.",
                        "You weakly grab her hips, and as you do your fingers sink into the soft flesh of her ass.",
                        "With your hands on her hips the two of you slowly speed up, and the building pressure in your loins forces a moan to escape your lips before you can realize what's happening.",
                        "You hear a chuckle come from above you as the black dragon continues to grind against you. Before you get a moment to process what's happening you see the massive breasts of the dragoness descend upon your face.",
                        "Her immense breasts cover your face as her hips continue moving, with her movements intensifying as she runs the length of your member with each motion of her hips.",
                        "As her pussy continues to toy with your cock, you pull your hands up to her breasts and begin to fondle them, eliciting a moan from the dragoness as she wraps her arms around your head.",
                        "The air starts running thin after a few more seconds, but the pleasure overrides the parts of your brain that are telling you to escape the overpowering dragon lady.",
                        "You feel your body losing the ability to resist and your hands slow down and soon stop fondling the breasts of the black dragon, as her hips slam down for one more powerful hit on your cock.",
                        "Her last action proves too much for you, and you end up firing a load deep inside her as the lack of oxygen steals your ability to hold back any longer.",
                        "PlayerOrgasm", "1",
                        "The dragon lets out a long, deep moan as her body absorbs your seed happily and hungrily. She slowly dismounts from your softening dick and stretches as she stands up.",
                        "Speaks",
                        "That was quite a bit of fun, you hero types really know how to please a girl, huh?",
                        "With that she blows a kiss at your exhausted form and saunters away, leaving you with nothing to do but watch as consciousness fades...",
                        "ChangeFetish", "Sex", "5",
                        "ChangeSensitivity",
                        "Sex",
                        "5",
                        "GameOver"],
                        "picture": ""
                    }
                  ],
    "combatDialogue": [
      {
          "lineTrigger": "HitWith",
          "move": "Spank",
          "theText": [ "'Feel free to spank me as much as you want.♥'",
                       "'I don't blame you for loving my ass so much.♥'",
                       "'Don't you love the way it jiggle as you slap it?'"]
      },
      {
          "lineTrigger": "HitWith",
          "move": ["Whip", "Demon Layer"],
          "theText": [ "'OHOHOHOHO! Is that all?!'",
                       "'I-I'd prefer it if you were a bit gentler deary!'",
                       "The whip strikes across her body, making her skin ripple and bounce alluringly."]
      },
      {
          "lineTrigger": "HitWith",
          "move": "Holy Headpat",
          "theText": [ "''...Ok, but why?''",
                       "'Eh? Um, I'm the one who's supposed to be praising and pampering {i}you{/i}.'",
                       "'If you keep reaching up that high I may just smother you my titties.♥'"]
      },
      {
          "lineTrigger": "HitWith",
          "move": ["Bondage Net", "Magical Binding", "Pin"],
          "theText": [ "'A bit... Tight...'",
                       "'You are in {i}so{/i} much trouble once I'm free of this!'",
                       "'Oh now you are asking for it mister!'"]
      },
      {
          "lineTrigger": "HitWith",
          "move": ["Finger", "Dildo"],
          "theText": [ "Her pussy immediately quivers and squeezes around you.",
                       "'Your cock would feel much better in me.♥'",
                       "'Oh honey, I was already wet when I saw you, just stick the real thing in me.♥'"]
      },
      {
          "lineTrigger": "HitWith",
          "move": ["Arouse", "Arousara", "Arousero"],
          "theText": [ "'Oh sweety we don't need any cheap tricks to get aroused around here.♥'",
                       "'Mmmm, not that impressive, maybe I could teach you some new tricks?'",
                       "She giggles at your spell, as if it were merely tickling her."]
      },
      {
          "lineTrigger": "HitWith",
          "move": "Electrify",
          "theText": [ "'Hmhmhm! AHAHAHAHA! I'm going to have to pay you back double for this!'",
                       "'Oho! Now this feels pretty gooood...♥'",
                       "'A-Ah♥ cutie, c-could you let me breathe for a moment?♥'"]
      },
      {
          "lineTrigger": "HitWith",
          "move": ["Grope Ass", "Squeeze Ass", "Massage Ass", "Fondle Ass"],
          "theText": [ "'Go on and get lost in the feeling of my ass.♥'",
                       "'I'm rather proud of my whole body, but I'm glad you enjoy my ass.♥'",
                       "'Oh yeah sweety, work those hands.♥'"]
      },
      {
          "lineTrigger": "HitWith",
          "move": ["Breast Caress", "Breast Knead", "Breast Massage", "Breast Fondle"],
          "theText": [ "'I think I'd prefer a back rub...'",
                       "'Hmmm...♥ You're not bad with your hands...'",
                       "'Hahhh...♥'"]
      },
      {
          "lineTrigger": "HitWith",
          "move": "Suckle",
          "theText": [ "'She lets out a slight sigh.'",
                       "'Mmmm...♥ You're just making me want to wrap you up in my breasts.♥'",
                       "'You're making my breasts feel so good...♥'"]
      },
      {
        "lineTrigger": "HitWith",
        "move": "Tit Fucking",
        "theText": [ "'That's right, just thrust your hips into my tits.'",
                    "'That's right! Keep going!♥'",
                    "'I'll completely smother your dick in my boobs!'"]
      },
      {
          "lineTrigger": "HitWith",
          "move": "Pinch Nipples",
          "theText": [ "'H-Hey be careful with those!'",
                       "'Did you really have to do that?!'",
                       "'Kya?! Be gentler!'"]
      },
      {
          "lineTrigger": "HitWith",
          "move": "Anal Penetration",
          "theText": [ "Her ass immediately shivers in pleasure and squeezes tight around you.",
                       "'Go on and thrust as hard as you want.♥'",
                       "'Just relax and let me fuck you silly.'"]
      },
      {
          "lineTrigger": "HitWith",
          "move": "Penetrate",
          "theText": [ "Her pussy immediately quivers and squeezes around you.",
                       "'A-Ah! Hold on! MMM!♥'",
                       "'MMMM!♥'"]
      },
      {
          "lineTrigger": "HitWith",
          "move": ["Thrust", "Channeling Thrust"],
          "theText": [ "'Mmm,♥ Ah!♥ Yes!'",
                       "'MMmmm...♥ Just a little harder, please.♥'",
                       "'Squeeze my ass while you thrust.♥'"]
      },
      {
          "lineTrigger": "HitWith",
          "move": ["Pound", "Multi Thrust", "Carrying Fuck", "Empowered Thrust"],
          "theText": [ "'MMmmm!♥ Yes!♥ Make me yours!♥'",
                       "'Harder!♥'",
                       "'More!♥'"]
      },
      {
          "lineTrigger": "HitWith",
          "move": ["Tantric Thrust", "Passionate Lovemaking"],
          "theText": [ "'Th-This is-♥ Hahhh!♥'",
                       "'Mmm,♥ Ah...♥ Yes...♥'",
                       "'Ahh♥ Mmmmm♥ You're quite the charmer...♥'"]
      },
      {
          "lineTrigger": "HitWithA",
          "move": ["Thrust", "Channeling Thrust"],
          "theText": [ "'Mmm,♥ Ah!♥ Yes!'",
                       "'MMmmm...♥ Just a little harder, please.♥'",
                       "'Squeeze my ass while you thrust.♥'"]
      },
      {
          "lineTrigger": "HitWithA",
          "move": ["Pound", "Multi Thrust", "Empowered Thrust", "Carrying Fuck", "Anal Piston"],
          "theText": [ "'MMmmm!♥ Yes!♥ Make me yours!♥'",
                       "'Harder!♥'",
                       "'More!♥'"]
      },
      {
          "lineTrigger": "HitWithA",
          "move": ["Tantric Thrust", "Passionate Lovemaking"],
          "theText": [ "'Th-This is-♥ Hahhh!♥'",
                       "'Mmm,♥ Ah...♥ Yes...♥'",
                       "'Ahh♥ Mmmmm♥ You're quite the charmer...♥'"]
      },
      {
          "lineTrigger": "HitWith",
          "move": ["Charm", "Charm Wave"],
          "theText": [ "'Ugh... I wish we weren't fighting now... Be nice to just have some fun with you...'",
                       "'O-Oh dear...♥ I haven't felt like this in a while...'",
                       "'Oh baby, I just want to smother you in my breasts.♥'"]
      },
      {
          "lineTrigger": "HitWith",
          "move": "Sleep",
          "theText": [ "'She yawns rather cutely, but she gives you a stern scowl soon after.'",
                       "She yawns, staggering to the side as she shakes her head, trying to stave off her inevitable slumber.",
                       "'Woulnd't it be better if I was awake for this experience?'"]
      },
      {
          "lineTrigger": "HitWith",
          "move": ["Enfeeble", "Sensitize"],
          "theText": [ "'Hm, maybe I should try a little harder...'",
                       "'If you keep being naughty like that, I'll have to punish you.♥'",
                       "'My you're naughty...'"]
      },
      {
          "lineTrigger": "HitWith",
          "move": "Disarming Appeal",
          "theText": [ "'Oh don't worry cutie, I'll make you feel so good, so just relax.'",
                       "'Yeah I'm tall, but you don't need to be scared, I'll be gentle.'",
                       "'If you wanted you could just surrender yourself to my breasts.♥'"]
      },
      {
          "lineTrigger": "HitWith",
          "move": ["Kiss", "Make Out"],
          "theText": [ "'Is that all you're going to do?'",
                       "'You should fondle my breasts as we kiss.♥'",
                       "'How sweet of you.♥'"]
      },
      {
          "lineTrigger": "HitWith",
          "move": ["Deep Kiss", "Lovingly Rough Kiss", "Sensually Seductive Kiss", "Skillfully Passionate Kiss", "Misty Kiss"],
          "theText": [ "'You're going to be covered in kiss marks at this rate...♥'",
                       "'Ugh, you can't appreciate my breasts if we're kissing... Well I guess you could grope them, but still.'",
                       "'You're pretty good at this...'"]
      },
      {
          "lineTrigger": "HitWith",
          "move": ["Seduce", "Enamor", "Smoldering Seduction", "Smoldering Flaunt", "Massaging Seduction", "Mass Seduction"],
          "theText": [ "'My my, aren't you quite the charmer?♥'",
                       "'Hmhmhm...♥'",
                       "Her face brightens from your flirting, and she seems to eye you with a newfound lust."]
      },
      {
          "lineTrigger": "HitWith",
          "move": "Ear Tease",
          "theText": [ "'Oh what a naughty little pervert you are.♥'",
                       "'Flirting with me only makes me want you more.♥'",
                       "'Ara Ara, you're gonna make me fuck you senseless at this rate.♥'"]
      },
                        {
                            "lineTrigger": "UsesMove",
                            "move": "Confident Pin",
                            "theText": [ "'Hmmm, I love having you under me.♥'",
                                         "'Can you overpower me?'",
                                         "'Oh please struggle for me dear, I love watching the helpless fight against my power.♥'"]
                        },
                        {
                            "lineTrigger": "UsesMove",
                            "move": "Dominating Grind",
                            "theText": [ "'Can't you feel yourself losing your mind?'",
                                         "'Just let my body take you to oblivion.♥'",
                                         "'Just let your mind go blank and let me ride you.♥'"]
                        },
                        {
                            "lineTrigger": "UsesMove",
                            "move": "Engulfing Titfuck",
                            "theText": [ "'Just let yourself drift away inside my breasts.♥'",
                                         "'You can't resist my breasts, just let your hips move in time.'",
                                         "'Come now my dear, I promise my breasts will take good care of you.♥'"]
                        },
                        {
                            "lineTrigger": "UsesMove",
                            "move": "Frenzied Fucking",
                            "theText": [ "{AttackerName} pants heavily as her movements speed up.",
                                         "'OHHHHH! YES THATS IT!♥♥♥'",
                                         "'Ahhhh♥♥♥...'"]
                        },
                        {
                            "lineTrigger": "UsesMove",
                            "move": "Intoxicating Breath",
                            "theText": [ "'Careful deary, don't want you addicted to me... just yet.♥'",
                                         "'Let's get you in the proper condition.♥'",
                                         "'Hm hm, I love the faces you make.♥'"]
                        },
                        {
                            "lineTrigger": "UsesMove",
                            "move": "Mommy Mounting",
                            "theText": [ "'Hmmm, I love having you under me.♥'",
                                         "'Now I've got you right where I want you.♥'",
                                         "'Ara Ara, you feel so good inside me, maybe you should stay up here on this mountain.♥'"]
                        },
                        {
                            "lineTrigger": "UsesMove",
                            "move": "Overwhelming Titfuck",
                            "theText": [ "'Behold the power of my breasts!♥'",
                                         "'How long can you endure my breasts pressing against your dick?'",
                                         "'Your cock's completely submerged in my breasts.'"]
                        },
                        {
                            "lineTrigger": "UsesMove",
                            "move": "Royal Floormat",
                            "theText": [ "'Give my feet a lick while you're at it.♥'",
                                         "'Now this is a good use for that face of yours.'",
                                         "'This really helps take a load off.♥'"]
                        },
                        {
                            "lineTrigger": "UsesMove",
                            "move": "Caressing Soles",
                            "theText": [ "'Surprised that I can be so gentle, huh?'",
                                         "'A delicate touch is something that all women need, wouldn't you agree?'",
                                         "'Go on and take in my majesty.♥'"]
                        },
                        {
                            "lineTrigger": "UsesMove",
                            "move": "Dragon Kiss",
                            "theText": [ "'You could give me a feel up while we kiss.♥'",
                                         "'Mwah!♥'",
                                         "'Hmmm...♥'"]
                        },
                        {
                            "lineTrigger": "UsesMove",
                            "move": "Dragon Deep Kiss",
                            "theText": [ "'You could give me a feel up while we kiss.♥'",
                                         "'Mwah!♥'",
                                         "'Hmmm...♥'"]
                        },
                        {
                            "lineTrigger": "UsesMove",
                            "move": "Dragon Breast Press",
                            "theText": [ "'Aren't my breasts silky smooth? Imaging them around your dick.♥'",
                                         "'Can you handle the power of my boobs?'",
                                         "'It's fun watching my boobs dominate you like this.♥'"]
                        },
                        {
                            "lineTrigger": "UsesMove",
                            "move": "Dragon Tease",
                            "theText": [ "'Giving me a look over? Let me know what part of me is best.♥'",
                                         "'You seem flustered looking me over, am I too much woman for you?'",
                                         "'Instead of looking you could come over here and fuck me.♥'"]
                        },
                        {
                            "lineTrigger": "UsesMove",
                            "move": "Dragon Footjob",
                            "theText": [ "'Ara Ara, trapped under my feet like the bug you are.♥'",
                                         "'Oh I love having your dick in between my feet.♥'",
                                         "'Feel the power of my soft soles.♥'"]
                        },
                        {
                            "lineTrigger": "UsesMove",
                            "move": "Dragon FootStroke",
                            "theText": [ "'Oh I love how you pant.♥'",
                                         "'That's a good boy, enjoy my feet.'",
                                         "'Such a perverted face, you must really love my feet.♥'"]
                        },
                        {
                            "lineTrigger": "UsesMove",
                            "move": "Dragon TailJob",
                            "theText": [ "'Ara Ara, got you trapped in my tail.♥'",
                                         "'Caught you.♥'",
                                         "'Oh deary, it seems my tail has grabbed your dick.♥'"]
                        },
                        {
                            "lineTrigger": "UsesMove",
                            "move": "Dragon TailStroke",
                            "theText": [ "'Oh I love how you pant.♥'",
                                         "'That's a good boy, enjoy my tail.'",
                                         "'Such a perverted face, you must really love my tail.♥'"]
                        },

                        {
                            "lineTrigger": "StanceStruggle",
                            "move": "Sex",
                            "theText": [ "{ThePlayerName} struggles to pull out of {AttackerName}'s incredibly overwhelming pussy..."]
                        },
                        {
                            "lineTrigger": "StanceStruggleFail",
                            "move": "Sex",
                            "theText": [ "But she slams down with her full weight, knocking the wind out of you..",
                                         "But {AttackerName} continues to ride your dick with a relentless energy.",
                                         "But the fervent riding of {AttackerName} kills off your escape attempt."]
                        },
                        {
                            "lineTrigger": "StanceStruggleComment",
                            "move": "Sex",
                            "theText": [ "'Trying to run, but we're just getting started!'",
                                         "'Ara Ara, trying to run?'",
                                         "'We're not done until I say so!'"]
                        },
                        {
                            "lineTrigger": "StanceStruggleFree",
                            "move": "Sex",
                            "theText": [ "And manages to escape her pussy!"]
                        },
                        {
                            "lineTrigger": "StanceStruggleFreeComment",
                            "move": "Sex",
                            "theText": [ "'No! You must've been so close if you were trying that hard to escape!'",
                                         "'I'll get you back inside me! Then you'll be mine!♥",
                                         "'Awww, are you scared. I'll take good care of you. I promise.'"]
                        },

                        {
                            "lineTrigger": "StanceStruggle",
                            "move": "Anal",
                            "theText": [ "{ThePlayerName} struggles to pull out of {AttackerName}'s tight asshole..."]
                        },
                        {
                            "lineTrigger": "StanceStruggleFail",
                            "move": "Anal",
                            "theText": [ "But she slams down with her full weight, knocking the wind out of you..",
                                         "But {AttackerName} continues to ride your dick with a relentless energy.",
                                         "But the fervent riding of {AttackerName} kills off your escape attempt."]
                        },
                        {
                            "lineTrigger": "StanceStruggleComment",
                            "move": "Anal",
                            "theText": [ "'Trying to run, but we're just getting started!'",
                                         "'Ara Ara, trying to run?'",
                                         "'We're not done until I say so!'"]
                        },
                        {
                            "lineTrigger": "StanceStruggleFree",
                            "move": "Anal",
                            "theText": [ "And breaks free from her tight ass!"]
                        },
                        {
                            "lineTrigger": "StanceStruggleFreeComment",
                            "move": "Anal",
                            "theText": [ "'No! You must've been so close if you were trying that hard to escape!'",
                                         "'I'll get you back inside me! Then you'll be mine!♥",
                                         "'Awww, are you scared. I'll take good care of you. I promise.'"]
                        },

                        {
                            "lineTrigger": "StanceStruggle",
                            "move": "Titfuck",
                            "theText": [ "{ThePlayerName} tries to get his dick out of the massive tits of {AttackerName}..."]
                        },
                        {
                            "lineTrigger": "StanceStruggleFail",
                            "move": "Titfuck",
                            "theText": [ "But her breasts press against your dick, and the pleasure and heat make you moan and lie back.",
                                         "But she grabs you by the hands and presses them against her soft, doughy breasts.",
                                         "But she presses her breasts against you harder, and you can't fight out from under her power."]
                        },
                        {
                            "lineTrigger": "StanceStruggleComment",
                            "move": "Titfuck",
                            "theText": [ "'Are you resisting against my breasts?♥'",
                                         "'Huh? Did you try to move? I couldn't even notice.'",
                                         "'You can't run away from my boobs! They're too strong for you!'"]
                        },
                        {
                            "lineTrigger": "StanceStruggleFree",
                            "move": "Titfuck",
                            "theText": [ "And manages to get out from underneath the massive tits weighing him down."]
                        },
                        {
                            "lineTrigger": "StanceStruggleFreeComment",
                            "move": "Titfuck",
                            "theText": [ "'Ah! get back here and snuggle with my breasts!'",
                                         "'Were they too much for you?'",
                                         "'That's no fun if you just keep running away!'"]
                        },

                        {
                            "lineTrigger": "StanceStruggle",
                            "move": "Footjob",
                            "theText": [ "{ThePlayerName} struggles to escape from the grinding feet of {AttackerName}..."]
                        },
                        {
                            "lineTrigger": "StanceStruggleFail",
                            "move": "Footjob",
                            "theText": [ "But she grips the head of your penis between her toes, and you stay still at the powerful grip of her toes.",
                                         "But she grinds her heel into your balls, a pained yelp escapes you as you stop your escape.",
                                         "But her powerful soles rub along the shaft of your dick, and the wave of pleasure ends your escape."]
                        },
                        {
                            "lineTrigger": "StanceStruggleComment",
                            "move": "Footjob",
                            "theText": [ "'Just stay under me deary.'",
                                         "'You belong under my feet, you are the perfect floormat!",
                                         "'Just let me and my feet take care of you deary.'"]
                        },
                        {
                            "lineTrigger": "StanceStruggleFree",
                            "move": "Footjob",
                            "theText": [ "And pushes the smug, dominating feet away!"]
                        },
                        {
                            "lineTrigger": "StanceStruggleFreeComment",
                            "move": "Footjob",
                            "theText": [ "'Oh? I thought you liked my feet?'",
                                         "'Wouldn't it be easier to just lay back and enjoy my feet?'",
                                         "'Are you ready for the real experience, human?'"]
                        },

                        {
                            "lineTrigger": "StanceStruggle",
                            "move": "Tailjob",
                            "theText": [ "{ThePlayerName} tries to get out of the coiled tail of {AttackerName}..."]
                        },
                        {
                            "lineTrigger": "StanceStruggleFree",
                            "move": "Tailjob",
                            "theText": [ "And escapes the slimy tail that wrapped around {TargetHisOrHer} cock!"]
                        },

                        {
                            "lineTrigger": "StanceStruggle",
                            "move": "Making Out",
                            "theText": [ "{ThePlayerName} tries to escape from the embrace of {AttackerName}..."]
                        },
                        {
                            "lineTrigger": "StanceStruggleFree",
                            "move": "Making Out",
                            "theText": [ "And manages to break free of the make out session!"]
                        },


                        {
                            "lineTrigger": "LowHealth",
                            "move": "",
                            "theText": [ "'You've done well so far, but can you keep up?'",
                                         "'I-I don't know how much longer I can take...♥'",
                                         "'I'm very impressed human, are you sure you don't want to stay up here with me?'"]
                        },
                        {
                            "lineTrigger": "PlayerLowHealth",
                            "move": "",
                            "theText": [ "'Running out of steam? Why don't you take a nap on my breasts?'",
                                         "'Just let yourself melt away into bliss and let me handle things.♥'",
                                         "'If you can still fight then try and do your best to please me.♥'"]
                        },
                        {
                            "lineTrigger": "OnPlayerOrgasm",
                            "move": "",
                            "theText": [ "'There we go, keep on cumming for me sweety.♥'",
                                         "'You cum so much, I wonder how much I can get from you.♥'",
                                         "'How much longer can you endure?'"]
                        },
                        {
                            "lineTrigger": "OnOrgasm",
                            "move": "",
                            "theText": [ "'Wha-What? Kyaaaaa♥♥♥'",
                                         "'MNNNN!!!♥ AHHHH!♥♥♥ I-I couldn't tame you...♥'",
                                         "'Haaaaa... You are fantastic.♥'"]
                        },
                        {
                            "lineTrigger": "OnSurrender",
                            "move": "",
                            "theText": [ "'Giving up? Well I guess this is my chance to tame you and make you mine.♥'",
                                         "'Don't think that giving up will spare you from a fucking.♥",
                                         "'Well I guess it's time to milk you dry.♥"]
                        }
                      ],
  "victoryScenes": [
            {
                "NameOfScene": "",
                "move": "",
                "stance": "",
                "includes": [ ""],
                "theScene": [ ""
                          ],
                "picture": ""
            }
        ],
"pictures": [
              {
                  "Name": "Base",
                  "StartOn": "1",
                  "AlwaysOn": "1",
                  "IsScene": "0",
                  "TheBody": "1",
                  "Overlay": "No",
                  "setXalign": "0.0",
                  "setYalign": "0.18",
                  "Images": [
                  {
                      "Name": "Base",
                      "File": "../Mods/Dragon/Images/BlackDragon.png",
                      "setXalign": "0.0",
                      "setYalign": "0.0"
                  }
                ]
              }
            ]

    }
