{
    "name": "Purple Haze",
    "cost": "0",
    "costType": "ep",
    "requiredLevel": "0",
    "learningCost": "0",
    "skillType": "attack",
    "statType": "Intelligence",
      "statusEffectScaling": "10",
    "requiredStat": "0",
    "skillTags": [ "Magic"],
    "fetishTags": [ "Monstrous"],
    "startsStance": [""],
    "requiresStance": "Any",
    "unusableIfStance": [ ""],
    "requiresTargetStance": [ "Any"],
    "unusableIfTarget": [ "Blowjob", "Making Out"],
    "removesStance": ["None"],
    "requiresStatusEffect": "None",
    "requiresStatusPotency": "0",
    "unusableIfStatusEffect": [ "None"],
    "power": "45",
    "minRange": "90",
    "maxRange": "170",
    "recoil": "0",
    "targetType": "single",
      "initiative": "15",
    "statusEffect": "Aphrodisiac",
    "statusChance": "125",
    "statusDuration": "3",
    "statusPotency": "40",
    "statusResistedBy": "Core",
    "statusText": "",
    "descrip": "",
    "outcome": "[AttackerName] releases a ringed cloud of purple smoke that encircles [TargetName], and before long [TargetHeOrShe] begins to feel the urge to resist fade as the haze clouds their mind.",
    "miss": "[TargetName] holds their breath and manages to escape the shrinking ring of smoke.",
    "statusOutcome": "[TargetName] feels the intoxicating effects of the smoke take hold, and [AttackerName] smirks seeing her target lose focus.",
    "statusMiss": "",
    "restraintStruggle": [""],
    "restraintStruggleCharmed": [""],
    "restraintEscaped": [""],
    "restraintEscapedFail": [""]
}
