{
    "name": "Crushing Behind",
    "cost": "0",
    "costType": "ep",
    "requiredLevel": "0",
    "learningCost": "0",
    "skillType": "attack",
    "statType": "Core",
    "requiredStat": "0",
    "skillTags": [ "Ass"],
    "fetishTags": [ "Anal"],
    "startsStance": "",
    "requiresStance": "Anal",
    "unusableIfStance": [ ""],
    "requiresTargetStance": [ "Anal"],
    "unusableIfTarget": [ ""],
    "removesStance": "None",
    "requiresStatusEffect": "None",
    "requiresStatusPotency": "0",
    "unusableIfStatusEffect": [ "None"],
    "power": "30",
    "minRange": "90",
    "maxRange": "115",
    "recoil": "0",
    "targetType": "single",
    "statusEffect": "none",
    "statusChance": "0",
    "statusDuration": "0",
    "statusPotency": "0",
    "statusResistedBy": "",
    "statusText": "",
    "descrip": "",
    "outcome": "{AttackerName} squeezes her ass muscles around {TargetName}'s dick, forcing {TargetHimOrHer} to endure a powerful tightness around {TargetHisOrHer} dick as {AttackerName} continues to grind up and down.",
    "miss": "{AttackerName} squeezes her powerful ass as she continues to fuck {TargetName}, who grits their teeth and ignores the sensation.",
    "statusOutcome": "",
    "statusMiss": "",
    "restraintStruggle": [""],
    "restraintStruggleCharmed": [""],
    "restraintEscaped": [""],
    "restraintEscapedFail": [""]
}
