{
    "name": "Freezing Gyration",
    "cost": "0",
    "costType": "ep",
    "requiredLevel": "0",
    "learningCost": "0",
    "skillType": "attack",
    "statType": "Technique",
    "requiredStat": "0",
    "skillTags": [ "Sex"],
    "fetishTags": [ "Sex"],
    "startsStance": [""],
    "requiresStance": "Sex",
    "unusableIfStance": [ ""],
    "requiresTargetStance": [ "Any"],
    "unusableIfTarget": [ "Making Out"],
    "removesStance": ["None"],
    "requiresStatusEffect": "None",
    "requiresStatusPotency": "0",
    "unusableIfStatusEffect": [ "None"],
    "power": "35",
    "minRange": "90",
    "maxRange": "125",
    "recoil": "10",
    "targetType": "single",
    "statusEffect": "None",
    "statusChance": "0",
    "statusDuration": "0",
    "statusPotency": "0",
    "statusResistedBy": "",
    "statusText": "",
    "descrip": "",
    "outcome": "[AttackerName] begins to slowly move up and down, weaving magic through her pussy causing the temperature to drop. As [TargetName]'s penis begins to feel the effect of the chill they experience a wave of pleasure as their own high body temperature clashes with the now freezing pussy of [AttackerName].",
    "miss": "[AttackerName] begins to move up and down and tighten their pelvic muscles, but [TargetName] stays strong and ignores the sensation.",
    "statusOutcome": "",
    "statusMiss": "",
    "restraintStruggle": [""],
    "restraintStruggleCharmed": [""],
    "restraintEscaped": [""],
    "restraintEscapedFail": [""]
}
