{
    "name": "Purple Foot Work",
    "cost": "0",
    "costType": "ep",
    "requiredLevel": "0",
    "learningCost": "0",
    "skillType": "attack",
    "statType": "Technique",
    "requiredStat": "0",
    "skillTags": [ "Feet"],
    "fetishTags": [ "Feet"],
    "startsStance": [""],
    "requiresStance": "Footjob",
    "unusableIfStance": [ ""],
    "requiresTargetStance": [ "Any"],
    "unusableIfTarget": [ ""],
    "removesStance": ["None"],
    "requiresStatusEffect": "None",
    "requiresStatusPotency": "0",
    "unusableIfStatusEffect": [ "None"],
    "power": "35",
    "minRange": "100",
    "maxRange": "125",
    "recoil": "0",
    "targetType": "single",
    "statusEffect": "None",
    "statusChance": "0",
    "statusDuration": "0",
    "statusPotency": "0",
    "statusResistedBy": "",
    "statusText": "",
    "descrip": "Technique Footjob attack",
    "outcome": "[AttackerName] grips [TargetName]'s dick with her dexterous toes, and using an unreal amount of grace begins to delicately work the head of [TargetHisOrHer] dick.'",
    "miss": "[AttackerName] uses her sensually and dexterously stroke [TargetName]'s dick with her toes, but [TargetName] toughs out the sensation.",
    "statusOutcome": "",
    "statusMiss": "",
    "restraintStruggle": [""],
    "restraintStruggleCharmed": [""],
    "restraintEscaped": [""],
    "restraintEscapedFail": [""]
}
