{
    "name": "Mating Ride",
    "cost": "0",
    "costType": "ep",
    "requiredLevel": "0",
    "learningCost": "0",
    "skillType": "attack",
    "statType": "Core",
    "requiredStat": "5",
    "skillTags": [ "Sex", "Anal"],
    "fetishTags": [ "Sex"],
    "startsStance": [""],
    "requiresStance": "Penetration",
    "unusableIfStance": [ ""],
    "requiresTargetStance": [ "Any"],
    "unusableIfTarget": [ "Tailjob", "Titfuck", "Footjob", "Thighjob"],
    "removesStance": ["None"],
    "requiresStatusEffect": "None",
    "requiresStatusPotency": "0",
    "unusableIfStatusEffect": [ "None"],
    "power": "25",
    "minRange": "90",
    "maxRange": "120",
    "recoil": "5",
    "targetType": "single",
    "statusEffect": "None",
    "statusChance": "0",
    "statusDuration": "0",
    "statusPotency": "0",
    "statusResistedBy": "",
    "statusText": "",
    "descrip": "Sex Attack",
    "outcome": "[AttackerName] presses her full body weight against [TargetName], and begins to bob up and down in full length motions, every time almost allowing [TargetName]'s cock to escape her pussy, but at the last moment she slams back down onto the erect penis, trying to get [TargetName] to cum deep insider her.",
    "miss": "[AttackerName] picks up her relentless sex assault against [TargetName], who manages to hold back from the pleasure.",
    "statusOutcome": "",
    "statusMiss": "",
    "restraintStruggle": [""],
    "restraintStruggleCharmed": [""],
    "restraintEscaped": [""],
    "restraintEscapedFail": [""]
}
