{
    "name": "Smug Mounting",
    "cost": "0",
    "costType": "ep",
    "requiredLevel": "0",
    "learningCost": "0",
    "skillType": "attack",
    "statType": "Core",
    "requiredStat": "0",
    "skillTags": [ "Sex", "Anal"],
    "fetishTags": [ "Sex"],
    "startsStance": ["Sex"],
    "requiresStance": "Any",
    "unusableIfStance": [ ""],
    "requiresTargetStance": [ "Any"],
    "unusableIfTarget": [ "Penetration", "Tailjob", "Footjob", "Thighjob", "Titfuck", "Blowjob", "Making Out"],
    "removesStance": ["None"],
    "requiresStatusEffect": "None",
    "requiresStatusPotency": "0",
    "unusableIfStatusEffect": [ "None"],
    "power": "20",
    "minRange": "80",
    "maxRange": "100",
    "recoil": "5",
    "targetType": "single",
    "statusEffect": "None",
    "statusChance": "0",
    "statusDuration": "0",
    "statusPotency": "0",
    "statusResistedBy": "",
    "statusText": "",
    "descrip": "Sex stance",
    "outcome": "[AttackerName] pulls [TargetName]'s legs out from underneath them, and before [TargetName] can even react the diminutive dragon has inserted [TargetName]'s cock into her tight pussy. She looks down upon [TargetName] with a smug grin as her diminutive form keeps [TargetName] on their back.",
    "miss": "[AttackerName] attempts to bring [TargetName] down to her height to mount them, but [TargetName] proves too tall to topple for this fun sized dragon.",
    "statusOutcome": "",
    "statusMiss": "",
    "restraintStruggle": [""],
    "restraintStruggleCharmed": [""],
    "restraintEscaped": [""],
    "restraintEscapedFail": [""]
}
