{
    "name": "Bouncing Pillows",
    "cost": "0",
    "costType": "ep",
    "requiredLevel": "0",
    "learningCost": "0",
    "skillType": "attack",
    "statType": "Power",
    "requiredStat": "0",
    "skillTags": [ "Breasts"],
    "fetishTags": [ "Breasts"],
    "startsStance": [""],
    "requiresStance": "Titfuck",
    "unusableIfStance": [ ""],
    "requiresTargetStance": [ "Any"],
    "unusableIfTarget": [ ""],
    "removesStance": ["None"],
    "requiresStatusEffect": "None",
    "requiresStatusPotency": "0",
    "unusableIfStatusEffect": [ "None"],
    "power": "25",
    "minRange": "90",
    "maxRange": "115",
    "recoil": "0",
    "targetType": "single",
    "statusEffect": "None",
    "statusChance": "0",
    "statusDuration": "0",
    "statusPotency": "0",
    "statusResistedBy": "",
    "statusText": "",
    "descrip": "Titty 1",
    "outcome": "[AttackerName] begins to bounce up and down while holding her breasts to your member, the rapid motion of her soft boobs lights up your nether regions and your breathing quickens along with her movements.",
    "miss": "[AttackerName] begins to move her breasts up and down the length of your member, but you grit your teeth and ignore the pleasure.",
    "statusOutcome": "",
    "statusMiss": "",
    "restraintStruggle": [""],
    "restraintStruggleCharmed": [""],
    "restraintEscaped": [""],
    "restraintEscapedFail": [""]
}
