{
    "name": "Arousing Chant",
    "cost": "0",
    "costType": "ep",
    "requiredLevel": "0",
    "learningCost": "0",
    "skillType": "attack",
    "statType": "Intelligence",
      "statusEffectScaling": "0",
    "requiredStat": "0",
    "skillTags": [ "Magic"],
    "fetishTags": [ ""],
    "startsStance": [""],
    "requiresStance": "Any",
    "unusableIfStance": [ "Blowjob"],
    "requiresTargetStance": [ "Any"],
    "unusableIfTarget": [ ""],
    "removesStance": ["None"],
    "requiresStatusEffect": "None",
    "requiresStatusPotency": "0",
    "unusableIfStatusEffect": [ "None"],
    "power": "30",
    "minRange": "100",
    "maxRange": "125",
    "recoil": "0",
    "targetType": "single",
    "statusEffect": "Charm",
    "statusChance": "110",
    "statusDuration": "4",
    "statusPotency": "0",
    "statusResistedBy": "Intelligence",
    "statusText": "",
    "descrip": "Magic 1, maybe a status effect?",
    "outcome": "{AttackerName} begins a chant filled with arcane words that begin to take the form of purple letters around {TargetName}. As they finish coalescing and {AttackerName} finishes her chant {TargetName} is slammed with magical energy that surges through their body, trying to overload their mind.",
    "miss": "{AttackerName} tries to weave a chant with arcane words but {TargetName} plugs their ears and avoids the spell.",
    "statusOutcome": "{TargetName} succumbs to the rapid surge of pleasure and finds themselves charmed by {AttackerName}",
    "statusMiss": "{TargetName} manages to drag themselves out of the stupor caused by {AttackerName}'s arcane chant and get back into a fighting stance.",
    "restraintStruggle": [""],
    "restraintStruggleCharmed": [""],
    "restraintEscaped": [""],
    "restraintEscapedFail": [""]
}
