{
    "name": "Confident Pin",
    "cost": "5",
    "costType": "ep",
    "requiredLevel": "0",
    "learningCost": "0",
    "skillType": "attack",
    "statType": "Power",
    "requiredStat": "0",
    "skillTags": [ "Affliction"],
    "fetishTags": [ "Legs", "Sex"],
    "startsStance": [""],
    "requiresStance": "Any",
    "unusableIfStance": [ ""],
    "requiresTargetStance": [ "Any"],
    "unusableIfTarget": [ "Blowjob", "Making Out"],
    "removesStance": ["None"],
    "requiresStatusEffect": "None",
    "requiresStatusPotency": "0",
    "unusableIfStatusEffect": [ "None"],
    "power": "20",
    "minRange": "90",
    "maxRange": "125",
    "recoil": "0",
    "targetType": "single",
    "statusEffect": "Restrain",
    "statusChance": "90",
    "statusDuration": "0",
    "statusPotency": "30",
    "statusResistedBy": "Power",
    "statusText": "Pinned",
    "descrip": "Thigh Seduction ability that also can restrain. ",
    "outcome": "[AttackerName] lures in [TargetName] with an enticing sway of her thighs, and before [TargetName] could figure what was going on they were knocked to the ground and [AttackerName] had wrapped her thighs around [TargetName]'s head and tried to lock in a headlock.",
    "miss": "[AttackerName] attempted to pin down and trap [TargetName] with her thighs, but [TargetName] manages to avoid getting trapped by the curvy beauty.",
    "statusOutcome": "[AttackerName] manages to secure the headlock, and [TargetName] finds themselves face to pussy with [AttackerName]'s dripping wet sex.",
    "statusMiss": "[TargetName] just barely manages to avoid getting trapped in the headlock through careful maneuvering.",
    "restraintStruggle": ["[TargetName] struggles against the powerful thighs of [AttackerName]..."],
    "restraintStruggleCharmed": ["[TargetName] weakly pulls at the immense thighs of [AttackerName]..."],
    "restraintEscaped": ["And manages to separate the legs of the fearsome dragon and escape from her."],
    "restraintEscapedFail": ["And fails to break free of the tight chokehold."]
}
