{
    "name": "Paralyzing Kiss",
    "cost": "0",
    "costType": "ep",
    "requiredLevel": "0",
    "learningCost": "0",
    "skillType": "attack",
    "statType": "Allure",
      "statusEffectScaling": "0",
    "requiredStat": "0",
    "skillTags": [ "Mouth"],
    "fetishTags": [ "Kissing"],
    "startsStance": [""],
    "requiresStance": "Any",
    "unusableIfStance": [ "Blowjob"],
    "requiresTargetStance": [ "Any"],
    "unusableIfTarget": [ ""],
    "removesStance": ["None"],
    "requiresStatusEffect": "None",
    "requiresStatusPotency": "0",
    "unusableIfStatusEffect": [ "None"],
    "power": "15",
    "minRange": "80",
    "maxRange": "100",
    "recoil": "0",
    "targetType": "single",
    "statusEffect": "Paralysis",
    "statusChance": "90",
    "statusDuration": "5",
    "statusPotency": "5",
    "statusResistedBy": "Power",
    "statusText": "",
    "descrip": "Non-BJ mouth attack",
    "outcome": "{AttackerName} kisses {TargetName} deeply and the moment {TargetName} parts their lips they find their mouths invaded by a blue tongue coated in a paralyzing toxin that leaves them fighting off the toxin as {AttackerName} continues the kiss.",
    "miss": "{TargetName} avoids getting pulled into the kiss that {AttackerName} was attempting.",
    "statusOutcome": "{TargetName} cannot fight off the paralysis and succumbs to the numbing effects as it spreads through their body.",
    "statusMiss": "{TargetName} manages to power through the numbing effects of the paralysis.",
    "restraintStruggle": [""],
    "restraintStruggleCharmed": [""],
    "restraintEscaped": [""],
    "restraintEscapedFail": [""]
}
