{
    "name": "ContinueDragonSpire",
    "CardType": "Event",
    "CardLimit": "0",
    "Description": "You step back onto the mountain, refreshed and ready to tackle the second half of the climb.",
    "requires": ["Dragon Checkpoint"],
    "Speakers": [
        {
            "name": "",
            "postName": "",
            "SpeakerType": ""
        }
    ],
    "EventText": [
        {
            "NameOfScene": "EventStart",
            "theScene": ["ProgressEqualsOrGreater",
                         "1",
                         "TryAgain",
                         "ChangeProgress",
                         "1",
                         "The mountain has proven difficult, but a checkpoint at the halfway point allowed you to return to town to prepare.",
                         "With a good portion of the mountain behind you the climb seems bearable, and you once again begin the climb again."]
        }
    ]
}
