{
    "name": "Run in with Tiamat",
    "CardType": "Event",
    "CardLimit": "0",
    "Description": "",
    "requires": [ ""],
    "Speakers": [
                  {
                    "name": "Tiamat",
                    "postName": "",
                    "SpeakerType": "Monster"
                  }

                ],
    "EventText": [
                    {
                        "NameOfScene": "EventStart",
                        "theScene": [  "You make it to the peak of the mountain, and enter into a cave located at the top.",
                                       "The cave narrows down into a dark tunnel, with only a few light sources here and there to guide you.",
                                       "As you continue forward you feel a chill go down your spine, as a powerful presence looms before you, and you wonder if you should leave now or face the monster that lies at the heart of this mountain.",
                                       "As you enter the room, you come face to face with an average height looking dragon girl, but the aura she puts off excites your loins as you look over her body.",
                                       "DisplayCharacters",
                                       "Tiamat",
                                       "EndLoop",
                                       "Speaks",
                                       "You must be pretty brave to make it all the way up here, human. Or is it stupidity that brings you to the lair of the dragon queen?",
                                       "She slowly approaches, you feel her eyes studying your body, and almost begin to feel self-conscious as she smiles and slowly licks her lips.",
                                       "Speaks",
                                       "It has been so painfully long since I last fought a human. The last one snuck in here thinking there was treasure to steal, but instead he became my treasure for a few days before he managed to warp home.",
                                       "Speaks",
                                       "Well, win or lose I will be using you to... satisfy my urges.",
                                       "Her eyes flash with purple energy for a second as the hallway behind you seals off, becoming a seamless part of the rock wall around it. You find yourself trapped with the queen of dragons, who seems intent on you ravishing her, or her ravishing you.",
                                       "Speaks",
                                       "Alright human, let's see if you can impress me.",
                                       "CombatEncounter",
                                        "NoRunning",
                                        "Tiamat",
                                        "StartCombat",
                                        "EndLoop",
                                       "As the fight winds down, and you successfully bring Tiamat to her knees, she remains there for a second before slowly rising back up, now with a warm smile on her face.",
                                       "DisplayCharacters",
                                       "Tiamat",
                                       "EndLoop",
                                       "Speaks",
                                       "Oh how wonderful, I didn't think you could please me so well! Color me impressed human!",
                                       "She looks completely unaffected by the fight, outside of her libido seeming to be in check now.",
                                       "Speaks",
                                       "Y'know, if you ever wanna come back and try to please me again, I could make an exception to our 'no humans on the mountain' rule. In fact, some of the other dragons you faced along the way have asked that you be given full permission to roam this mountain. Luck you.♥",
                                       "Tiamat steps forward and hands you a hastily scirbbled on piece of paper, stating that {ThePlayerName} has full permission to come back to Dragon Spire and face the dragons as they please.",
                                       "GiveItem", "1", "Permission Note",
                                       "You pocket the note and thank Tiamat, as you see a pathway on the opposite side of the room you came in on opens up.",
                                       "Tiamat sees you off with a blown kiss and a shake of her breasts, and as you step back out into the sun you see that this mountain did have a lift the whole time, hiding on this side of the mountain.",
                                       "With a sigh you hop onto one of the lifts as it goes towards the ground level, and you look at the note again.",
                                       "You see the permission note has lipstick kisses from each dragon on the mountain, and the note reeks of their scents.",
                                       "As the lift reaches the ground again you begin your trip back to town, and the grimoire warps the world so that the trip goes by without any serious hassle.",
                                       "AdventureComplete", "Dragon Spire"
                                  ]
                    }



                ]
}
