{
    "name": "Holy Water",
    "itemType": "Consumable",
    "cost": "100",
    "requires": [ ""],
    "perks": [ ""],
    "skills": [ "UseableItem"],

    "hp": "1",
    "ep": "1",
    "sp": "0",

    "Exp": "0",
    "Power": "0",
    "Technique": "0",
    "Intelligence": "0",
    "Allure": "0",
    "Willpower": "0",
    "Luck": "0",

    "statusEffect": "None",
    "statusChance": "0",
    "statusPotency": "0",

    "BodySensitivity": { "Sex": "0",
              "Ass": "0",
              "Breasts": "0",
              "Mouth": "0",
              "Seduction": "0",
              "Magic": "0",
              "Pain": "0",
              "Holy": "0",
              "Unholy": "0"
    },

    "resistancesStatusEffects": {
              "Stun": "0",
              "Charm": "0",
              "Aphrodisiac": "0",
              "Restraints": "0",
              "Sleep": "0",
              "Trance": "0",
              "Paralysis": "0"
    },

    "descrip": "Holy water. At least Lillian believes in it. A lot. Lowers your arousal by 1 and restores 1 energy when consumed.",
    "useOutcome": "{AttackerName} drinks the holy water! Refreshing!",
    "useMiss": ""

}
