{
    "name": "Flirting Breath",
    "cost": "5",
    "costType": "ep",
    "requiredLevel": "0",
    "learningCost": "0",
    "skillType": "attack",
    "statType": "Magic",
    "requiredStat": "0",
    "skillTags": [ "Magic"],
    "fetishTags": [ "Monstrous"],
    "startsStance": [""],
    "requiresStance": "Any",
    "unusableIfStance": [ ""],
    "requiresTargetStance": [ "Any"],
    "unusableIfTarget": [ "Blowjob", "Making Out", "Footjob"],
    "removesStance": ["None"],
    "requiresStatusEffect": "None",
    "requiresStatusPotency": "0",
    "unusableIfStatusEffect": [ "None"],
    "power": "35",
    "minRange": "100",
    "maxRange": "150",
    "recoil": "0",
    "targetType": "single",
    "statusEffect": "none",
    "statusChance": "0",
    "statusDuration": "0",
    "statusPotency": "0",
    "statusResistedBy": "",
    "statusText": "",
    "descrip": "",
    "outcome": "[AttackerName] purses her lips together and blows a cloud bluish-purple smoke into the face of [TargetName]. As [TargetName] breathes it in [TargetHisOrHer] cock begins to ache, seemingly longing for [AttackerName]'s body.",
    "miss": "[TargetName] holds their breath and ducks out of the way of the lingering mist.",
    "statusOutcome": "",
    "statusMiss": "",
    "restraintStruggle": [""],
    "restraintStruggleCharmed": [""],
    "restraintEscaped": [""],
    "restraintEscapedFail": [""]
}
