{
    "name": "Proud Grind",
    "costType": "ep",
        "cost": "5",
    "requiredLevel": "0",
    "learningCost": "0",
    "skillType": "attack",
    "statType": "Core",
    "requiredStat": "0",
    "skillTags": ["Sex"],
    "fetishTags": ["Sex"],
    "startsStance": [""],
    "requiresStance": "Sex",
    "unusableIfStance": ["Anal", "Tailjob"],
    "requiresTargetStance": ["Sex"],
    "unusableIfTarget": [""],
    "removesStance": ["None"],
    "requiresStatusEffect": "None",
    "requiresStatusPotency": "0",
    "unusableIfStatusEffect": ["None"],
    "targetType": "single",
        "accuracy": "0",
        "initiative": "0",
    "power": "20",
        "minRange": "90",
        "maxRange": "110",
    "recoil": "10",
    "critDamage": "0",
    "critChance": "0",
    "statusEffect": "None",
        "statusPotency": "0",
        "statusEffectScaling": "0",
        "statusDuration": "0",
        "statusChance": "0",
        "statusResistedBy": "",
    "statusText": "",
    "descrip": "Sex Move 2",
    "outcome": "[AttackerName] presses herself down to the base of [TargetName]'s pelvis, and while gripping [TargetHisOrHer] cock inside her [AttackerName] begins to grind back and forth, with a smug grin on her face.",
    "miss": "[AttackerName] attempts to grind back and forth at her deepest point on [TargetName], but is unable to find a good vantage point.",
    "statusOutcome": "",
    "statusMiss": "",
    "restraintStruggle": [""],
    "restraintStruggleCharmed": [""],
    "restraintEscaped": [""],
    "restraintEscapedFail": [""]
}
