{
    "name": "Trapping Kiss",
    "costType": "ep",
        "cost": "0",
    "requiredLevel": "0",
    "learningCost": "0",
    "skillType": "attack",
    "statType": "Core",
    "requiredStat": "0",
    "skillTags": ["Mouth"],
    "fetishTags": ["Kissing"],
    "startsStance": [""],
    "requiresStance": "Making Out",
    "unusableIfStance": ["Tailjob", "Footjob", "Sex", "Anal"],
    "requiresTargetStance": ["Any"],
    "unusableIfTarget": [""],
    "removesStance": ["None"],
    "requiresStatusEffect": "None",
    "requiresStatusPotency": "0",
    "unusableIfStatusEffect": ["Restrained"],
    "targetType": "single",
        "accuracy": "0",
        "initiative": "0",
    "power": "15",
        "minRange": "80",
        "maxRange": "95",
    "recoil": "0",
    "critDamage": "0",
    "critChance": "0",
    "statusEffect": "Restrain",
        "statusPotency": "10",
        "statusEffectScaling": "0",
        "statusDuration": "0",
        "statusChance": "75",
        "statusResistedBy": "Power",
    "statusText": "",
    "descrip": "Make Out Move 2",
    "outcome": "[AttackerName] pulls [TargetName] deeper into a kiss, and at the same time begins to slide her tail stealthily along the ground, and as it slithers up to grab [TargetName]...",
    "miss": "While embracing [TargetName] in a kiss, [AttackerName] tries to wrap her tail around [TargetName], but misjudges the distance while wrapping up her target and misses entirely.",
    "statusOutcome": "[TargetName] fails to realize in time what is happening and becomes trapped by a large tail that pins [TargetHisOrHer] arms to [TargetHisOrHer] side.",
    "statusMiss": "[TargetName] manages to grab hold of the tail and avoids getting wrapped up in its embrace.",
    "restraintStruggle": ["[TargetName] struggles to break free of the tight, coiled grip of [TargetName]'s tail..."],
    "restraintStruggleCharmed": ["[TargetName] puts up a weak fight against the tail of the dragon, and instead chooses to remain in the embrace..."],
    "restraintEscaped": ["And manages to break free from the tail that was restricting their movements."],
    "restraintEscapedFail": ["And remains trapped in the tight, strangely pleasant embrace of the dragon's tail."]
}
