{
    "name": "Whelpling Tease",
    "cost": "0",
    "costType": "ep",
    "requiredLevel": "0",
    "learningCost": "0",
    "skillType": "attack",
    "statType": "Allure",
      "statusEffectScaling": "0",
    "requiredStat": "0",
    "skillTags": [ "Seduction"],
    "fetishTags": [ ""],
    "startsStance": [""],
    "requiresStance": "Any",
    "unusableIfStance": [ "Making Out", "Nursing", "Breast Smother", "Blowjob", "Sex", "Anal", "Face Sit", "Footjob"],
    "requiresTargetStance": [ "Any"],
    "unusableIfTarget": [ ""],
    "removesStance": ["None"],
    "requiresStatusEffect": "None",
    "requiresStatusPotency": "0",
    "unusableIfStatusEffect": [ "None"],
    "power": "15",
    "minRange": "65",
    "maxRange": "85",
    "recoil": "0",
    "targetType": "single",
    "statusEffect": "Charm",
    "statusChance": "45",
    "statusDuration": "3",
    "statusPotency": "0",
    "statusResistedBy": "Willpower",
    "statusText": "",
    "descrip": "",
    "outcome": "[AttackerName] strikes an alluring pose, showing off her best assets to [TargetName], who finds their member stiffening watching the monster girl display herself.",
    "miss": "[AttackerName] awkwardly attempts to strike a pose showing off her assets, but [TargetName] looks away, refusing to be tempted by the dragon in front of them.",
    "statusOutcome": "",
    "statusMiss": "",
    "restraintStruggle": [""],
    "restraintStruggleCharmed": [""],
    "restraintEscaped": [""],
    "restraintEscapedFail": [""]
}
