{
    "name": "Whelpling Breast Press",
    "cost": "0",
    "costType": "ep",
    "requiredLevel": "0",
    "learningCost": "0",
    "skillType": "attack",
    "statType": "Allure",
    "requiredStat": "0",
    "skillTags": [ "Seduction"],
    "fetishTags": [ "Breast"],
    "startsStance": [""],
    "requiresStance": "Any",
    "unusableIfStance": [ "Sex", "Anal", "Footjob", "Tailjob"],
    "requiresTargetStance": [ "Any"],
    "unusableIfTarget": [ ""],
    "removesStance": ["None"],
    "requiresStatusEffect": "None",
    "requiresStatusPotency": "0",
    "unusableIfStatusEffect": [ "None"],
    "power": "25",
    "minRange": "80",
    "maxRange": "100",
    "recoil": "0",
    "targetType": "single",
    "statusEffect": "None",
    "statusChance": "0",
    "statusDuration": "0",
    "statusPotency": "0",
    "statusResistedBy": "",
    "statusText": "",
    "descrip": "",
    "outcome": "[AttackerName] rubs her breast against the body of [TargetName]. The smooth texture accentuated by her puffy nipples sends a wave of arousal through [TargetName].",
    "miss": "[AttackerName] presses her breasts together and tries to rub them against [TargetName], but [TargetName] manages to keep her at an arms length",
    "statusOutcome": "",
    "statusMiss": "",
    "restraintStruggle": [""],
    "restraintStruggleCharmed": [""],
    "restraintEscaped": [""],
    "restraintEscapedFail": [""]
}
