{
    "name": "Cheerful Bouncing",
    "costType": "ep",
        "cost": "5",
    "requiredLevel": "0",
    "learningCost": "0",
    "skillType": "attack",
    "statType": "Core",
    "requiredStat": "0",
    "skillTags": ["Sex"],
    "fetishTags": ["Penetration"],
    "startsStance": [""],
    "requiresStance": "Penetration",
    "unusableIfStance": ["Titjob", "Tailjob", "Footjob"],
    "requiresTargetStance": ["Penetration"],
    "unusableIfTarget": ["Titjob", "Tailjob", "Footjob"],
    "removesStance": ["None"],
    "requiresStatusEffect": "None",
    "requiresStatusPotency": "0",
    "unusableIfStatusEffect": ["None"],
    "targetType": "single",
        "accuracy": "0",
        "initiative": "0",
    "power": "25",
        "minRange": "95",
        "maxRange": "110",
    "recoil": "10",
    "critDamage": "0",
    "critChance": "0",
    "statusEffect": "None",
        "statusPotency": "0",
        "statusEffectScaling": "0",
        "statusDuration": "0",
        "statusChance": "0",
        "statusResistedBy": "",
    "statusText": "",
    "descrip": "",
    "outcome": "[AttackerName] begins giggling as she bounces up and down the length of [TargetName], forcing [TargetHisOrHer] dick deeper inside her.",
    "miss": "[AttackerName] bounces with a cheerful grin on her face, but [TargetName] resists the sensation.",
    "statusOutcome": "",
    "statusMiss": "",
    "restraintStruggle": [""],
    "restraintStruggleCharmed": [""],
    "restraintEscaped": [""],
    "restraintEscapedFail": [""]
}
