{
    "name": "Unstoppable Fucking",
    "costType": "ep",
        "cost": "5",
    "requiredLevel": "0",
    "learningCost": "0",
    "skillType": "attack",
    "statType": "Power",
    "requiredStat": "0",
    "skillTags": ["Sex"],
    "fetishTags": ["Penetration"],
    "startsStance": [""],
    "requiresStance": "Penetration",
    "unusableIfStance": ["Titfuck", "Tailjob", "Footjob"],
    "requiresTargetStance": ["Penetration"],
    "unusableIfTarget": ["Titfuck", "Tailjob", "Footjob"],
    "removesStance": ["None"],
    "requiresStatusEffect": "None",
    "requiresStatusPotency": "0",
    "unusableIfStatusEffect": ["None"],
    "targetType": "single",
        "accuracy": "0",
        "initiative": "0",
    "power": "30",
        "minRange": "80",
        "maxRange": "120",
    "recoil": "10",
    "critDamage": "0",
    "critChance": "0",
    "statusEffect": "Stun",
        "statusPotency": "0",
        "statusEffectScaling": "0",
        "statusDuration": "1",
        "statusChance": "95",
        "statusResistedBy": "Power",
    "statusText": "",
    "descrip": "",
    "outcome": "[AttackerName] begins to ride [TargetName] with incredible force, and the sheer force of her movements threatens to leave [TargetName] dizzy.",
    "miss": "[AttackerName] begins to use her overwhelming strength in fucking [TargetName], who does [TargetHisOrHer] best to resist her power.",
    "statusOutcome": "[TargetName] is stunned by the sheer force of fucking received from [AttackerName].",
    "statusMiss": "",
    "restraintStruggle": [""],
    "restraintStruggleCharmed": [""],
    "restraintEscaped": [""],
    "restraintEscapedFail": [""]
}
