{
    "name": "Lavender Thighjob",
    "cost": "5",
    "costType": "ep",
    "requiredLevel": "0",
    "learningCost": "0",
    "skillType": "attack",
    "statType": "Allure",
    "requiredStat": "0",
    "skillTags": [ "Seduction"],
    "fetishTags": [ "Legs"],
    "startsStance": [""],
    "requiresStance": "Thighjob",
    "unusableIfStance": [ ""],
    "requiresTargetStance": [ "Any"],
    "unusableIfTarget": [ ""],
    "removesStance": ["None"],
    "requiresStatusEffect": "None",
    "requiresStatusPotency": "0",
    "unusableIfStatusEffect": [ "Charmed"],
    "power": "25",
    "minRange": "85",
    "maxRange": "110",
    "recoil": "0",
    "targetType": "single",
    "statusEffect": "Charm",
    "statusChance": "135",
    "statusDuration": "5",
    "statusPotency": "0",
    "statusResistedBy": "Willpower",
    "statusText": "",
    "descrip": "Thighjob status",
    "outcome": "[AttackerName]'s pussy begins to drip with pleasantly scented juice as she continues her thighjob assault. The scent is overwhelming and soon reaches the nose of [TargetName], and as they breathe in the scent they can feel their mind begin to cloud.",
    "miss": "[AttackerName]'s wet pussy begins to release pheromones as she continues her thighjob, but [TargetName] resists the pleasure.",
    "statusOutcome": "[TargetName] cannot help but breathe in the wonderful flowery scent of [AttackerName]'s sexual juices and becomes enraptured with her.",
    "statusMiss": "[TargetName] refrains from breathing in too deeply, even as they continue to be trapped in the leglock of [AttackerName]",
    "restraintStruggle": [""],
    "restraintStruggleCharmed": [""],
    "restraintEscaped": [""],
    "restraintEscapedFail": [""]
}
