{
    "name": "Purple Thigh Squeeze",
    "cost": "0",
    "costType": "ep",
    "requiredLevel": "0",
    "learningCost": "0",
    "skillType": "attack",
    "statType": "Power",
    "requiredStat": "0",
    "skillTags": [ "Sex"],
    "fetishTags": [ "Legs"],
    "startsStance": [""],
    "requiresStance": "Thighjob",
    "unusableIfStance": [ ""],
    "requiresTargetStance": [ "Any"],
    "unusableIfTarget": [ ""],
    "removesStance": ["None"],
    "requiresStatusEffect": "None",
    "requiresStatusPotency": "0",
    "unusableIfStatusEffect": [ "None"],
    "power": "40",
    "minRange": "95",
    "maxRange": "125",
    "recoil": "0",
    "targetType": "single",
    "statusEffect": "None",
    "statusChance": "0",
    "statusDuration": "0",
    "statusPotency": "0",
    "statusResistedBy": "",
    "statusText": "",
    "descrip": "strong Thighjob attack",
    "outcome": "[AttackerName] crosses her legs at her feet and places [TargetName]'s cock into a vicegrip while stroking with her newfound grip. The numbing sense in [TargetName]'s groin coupled with the continued rhythmic motions of [AttackerName]'s legs make [TargetName] begin to pant heavily, as the restricted pleasure continues to mount.",
    "miss": "[AttackerName] crosses her legs and begins to choke out [TargetName]'s cock, but [TargetName] gets his feet in the way and prevents the hold from being locked in.",
    "statusOutcome": "",
    "statusMiss": "",
    "restraintStruggle": [""],
    "restraintStruggleCharmed": [""],
    "restraintEscaped": [""],
    "restraintEscapedFail": [""]
}
